pickup_datetime,trip_distance,PULocationID,DOLocationID,pickup_hour,pickup_dow,is_airport_trip,morning_rush,night_rush,weekend_rush,fare_amount,trip_duration_min
2022-05-01 00:03:58,2.55,263,170,0,6,0,0,0,0,10.00,10.22
2022-05-01 00:07:45,10.90,261,42,0,6,0,0,0,0,32.00,23.62
2022-05-01 00:09:55,3.97,87,170,0,6,0,0,0,0,18.50,25.52
2022-05-01 00:12:02,3.73,90,140,0,6,0,0,0,0,16.50,22.60
2022-05-01 00:14:43,0.95,142,230,0,6,0,0,0,0,5.50,5.40
2022-05-01 00:14:49,3.80,163,226,0,6,0,0,0,0,14.50,16.75
2022-05-01 00:15:02,3.30,163,79,0,6,0,0,0,0,14.00,18.57
2022-05-01 00:15:12,4.42,211,143,0,6,0,0,0,0,21.50,32.67
2022-05-01 00:16:12,5.99,229,116,0,6,0,0,0,0,21.00,19.92
2022-05-01 00:17:39,2.42,236,24,0,6,0,0,0,0,9.00,8.03
2022-05-01 00:20:06,4.25,186,238,0,6,0,0,0,0,17.00,19.40
2022-05-01 00:21:27,1.25,162,170,0,6,0,0,0,0,6.50,5.95
2022-05-01 00:21:41,2.21,142,68,0,6,0,0,0,0,11.00,13.73
2022-05-01 00:25:23,1.63,236,239,0,6,0,0,0,0,7.50,7.53
2022-05-01 00:29:44,0.47,229,140,0,6,0,0,0,0,3.50,1.67
2022-05-01 00:31:27,2.60,107,231,0,6,0,0,0,0,12.00,14.08
2022-05-01 00:32:36,1.56,114,79,0,6,0,0,0,0,8.50,10.38
2022-05-01 00:33:29,2.20,170,68,0,6,0,0,0,0,12.00,16.38
2022-05-01 00:34:01,2.22,107,141,0,6,0,0,0,0,8.00,5.82
2022-05-01 00:34:33,4.00,170,146,0,6,0,0,0,0,15.00,15.42
2022-05-01 00:37:00,4.20,164,75,0,6,0,0,0,0,18.74,14.00
2022-05-01 00:45:47,2.49,144,162,0,6,0,0,0,0,11.00,12.48
2022-05-01 00:45:58,0.99,141,262,0,6,0,0,0,0,5.50,5.25
2022-05-01 00:48:30,10.50,143,49,0,6,0,0,0,0,34.50,34.52
2022-05-01 00:50:31,1.92,137,140,0,6,0,0,0,0,7.50,5.78
2022-05-01 00:50:49,11.57,138,100,0,6,1,0,0,0,33.50,23.57
2022-05-01 00:52:09,1.68,234,211,0,6,0,0,0,0,10.00,14.13
2022-05-01 00:53:42,1.00,68,164,0,6,0,0,0,0,6.50,7.08
2022-05-01 00:54:11,1.55,141,230,0,6,0,0,0,0,8.00,9.13
2022-05-01 00:54:46,5.70,37,79,0,6,0,0,0,0,25.93,30.58
2022-05-01 00:56:01,14.30,138,61,0,6,1,0,0,0,40.50,29.80
2022-05-01 00:56:27,5.87,79,238,0,6,0,0,0,0,20.50,22.72
2022-05-01 00:59:29,1.30,100,158,0,6,0,0,0,0,6.50,6.00
2022-05-01 01:05:22,1.89,234,246,1,6,0,0,0,0,8.50,8.45
2022-05-01 01:09:57,7.60,230,65,1,6,0,0,0,0,25.00,23.38
2022-05-01 01:11:06,1.40,137,148,1,6,0,0,0,0,7.50,8.75
2022-05-01 01:11:34,1.20,148,113,1,6,0,0,0,0,7.50,8.65
2022-05-01 01:12:29,2.71,148,186,1,6,0,0,0,0,11.50,13.98
2022-05-01 01:15:45,4.65,231,141,1,6,0,0,0,0,17.00,19.98
2022-05-01 01:18:54,0.94,114,107,1,6,0,0,0,0,5.00,3.97
2022-05-01 01:26:44,4.20,230,7,1,6,0,0,0,0,15.50,16.38
2022-05-01 01:32:57,5.38,79,40,1,6,0,0,0,0,18.00,16.93
2022-05-01 01:35:31,5.63,237,234,1,6,0,0,0,0,20.00,23.12
2022-05-01 01:37:46,6.88,230,261,1,6,0,0,0,0,21.50,17.43
2022-05-01 01:38:27,2.52,79,231,1,6,0,0,0,0,11.50,14.33
2022-05-01 01:40:23,3.83,246,151,1,6,0,0,0,0,12.50,10.37
2022-05-01 01:47:54,1.80,48,158,1,6,0,0,0,0,8.50,8.48
2022-05-01 01:51:46,3.02,113,48,1,6,0,0,0,0,11.00,10.25
2022-05-01 02:00:48,4.93,148,145,2,6,0,0,0,0,18.00,16.68
2022-05-01 02:02:12,4.74,255,170,2,6,0,0,0,0,20.79,16.05
2022-05-01 02:08:09,0.77,263,263,2,6,0,0,0,0,4.00,1.90
2022-05-01 02:14:36,1.60,114,107,2,6,0,0,0,0,8.50,9.28
2022-05-01 02:15:21,3.66,107,239,2,6,0,0,0,0,14.00,14.65
2022-05-01 02:21:49,0.70,170,100,2,6,0,0,0,0,5.00,4.80
2022-05-01 02:28:13,2.09,48,90,2,6,0,0,0,0,9.50,9.87
2022-05-01 02:28:17,0.73,107,234,2,6,0,0,0,0,5.50,5.12
2022-05-01 02:33:30,2.39,141,233,2,6,0,0,0,0,10.00,10.23
2022-05-01 02:35:42,1.33,170,229,2,6,0,0,0,0,6.00,4.73
2022-05-01 02:38:56,2.59,163,163,2,6,0,0,0,0,11.00,10.93
2022-05-01 02:50:05,2.58,170,148,2,6,0,0,0,0,11.50,13.23
2022-05-01 02:54:30,4.48,79,112,2,6,0,0,0,0,15.00,14.20
2022-05-01 02:56:00,2.67,66,74,2,6,0,0,0,0,33.98,25.00
2022-05-01 02:59:55,7.42,164,198,2,6,0,0,0,0,27.08,29.37
2022-05-01 03:09:13,0.70,170,162,3,6,0,0,0,0,4.00,4.18
2022-05-01 03:09:23,9.00,74,87,3,6,0,0,0,0,25.50,13.90
2022-05-01 03:13:37,0.34,230,48,3,6,0,0,0,0,3.50,1.93
2022-05-01 03:34:33,1.98,125,100,3,6,0,0,0,0,7.50,5.68
2022-05-01 04:07:00,16.71,229,132,4,6,1,0,0,0,51.21,30.00
2022-05-01 04:25:35,4.01,230,7,4,6,0,0,0,0,14.00,13.20
2022-05-01 05:23:21,12.75,132,129,5,6,1,0,0,0,38.00,28.05
2022-05-01 05:23:33,18.67,262,132,5,6,1,0,0,0,56.75,27.82
2022-05-01 05:49:00,1.85,233,141,5,6,0,0,0,0,7.00,5.18
2022-05-01 06:37:54,1.20,186,137,6,6,0,0,0,0,7.50,8.60
2022-05-01 06:41:29,17.00,132,170,6,6,1,0,0,0,52.00,27.40
2022-05-01 06:43:38,2.97,237,186,6,6,0,0,0,0,11.50,11.07
2022-05-01 06:44:09,1.84,151,142,6,6,0,0,0,0,9.00,8.82
2022-05-01 07:12:05,3.30,263,137,7,6,0,0,0,0,10.50,8.52
2022-05-01 07:25:00,7.80,231,82,7,6,0,0,0,0,30.54,18.00
2022-05-01 07:28:41,4.38,263,42,7,6,0,0,0,0,17.00,19.10
2022-05-01 07:30:05,4.40,114,263,7,6,0,0,0,0,14.00,12.13
2022-05-01 07:47:37,19.10,132,161,7,6,1,0,0,0,52.00,26.80
2022-05-01 07:48:29,9.57,233,138,7,6,1,0,0,0,26.50,14.55
2022-05-01 07:54:00,1.55,50,100,7,6,0,0,0,0,10.29,9.00
2022-05-01 07:57:02,2.22,229,75,7,6,0,0,0,0,8.00,5.22
2022-05-01 08:05:45,3.68,132,10,8,6,1,0,0,0,12.00,6.45
2022-05-01 08:17:19,1.10,237,162,8,6,0,0,0,0,5.50,4.32
2022-05-01 08:33:05,1.80,140,170,8,6,0,0,0,0,7.50,6.88
2022-05-01 08:37:00,1.20,50,100,8,6,0,0,0,0,6.50,6.30
2022-05-01 08:42:49,12.76,164,138,8,6,1,0,0,0,41.50,39.02
2022-05-01 08:43:00,4.06,239,137,8,6,0,0,0,0,16.75,18.00
2022-05-01 09:10:57,1.10,262,237,9,6,0,0,0,0,7.00,7.47
2022-05-01 09:18:17,11.66,243,125,9,6,0,0,0,0,38.29,46.50
2022-05-01 09:21:59,16.90,132,42,9,6,1,0,0,0,52.00,27.15
2022-05-01 09:28:23,1.26,170,229,9,6,0,0,0,0,6.50,6.53
2022-05-01 09:30:27,10.15,229,138,9,6,1,0,0,0,28.50,16.68
2022-05-01 09:35:33,1.88,236,239,9,6,0,0,0,0,8.00,6.52
2022-05-01 09:41:19,0.57,151,238,9,6,0,0,0,0,8.80,4.57
2022-05-01 09:41:50,4.82,48,166,9,6,0,0,0,0,16.00,15.95
2022-05-01 09:42:01,1.20,237,161,9,6,0,0,0,0,7.00,8.43
2022-05-01 09:44:19,2.15,236,74,9,6,0,0,0,0,10.00,10.35
2022-05-01 09:49:07,1.75,75,141,9,6,0,0,0,0,7.00,4.53
2022-05-01 09:50:44,4.37,237,148,9,6,0,0,0,0,16.50,19.78
2022-05-01 09:51:35,0.70,164,234,9,6,0,0,0,0,6.00,6.32
2022-05-01 09:54:59,3.00,239,100,9,6,0,0,0,0,12.50,13.95
2022-05-01 10:00:06,1.10,161,164,10,6,0,0,0,1,7.00,8.10
2022-05-01 10:03:14,15.40,87,138,10,6,1,0,0,1,41.50,23.35
2022-05-01 10:05:29,5.99,255,88,10,6,0,0,0,1,23.86,29.45
2022-05-01 10:07:13,0.94,161,164,10,6,0,0,0,1,9.00,13.27
2022-05-01 10:09:21,0.44,162,161,10,6,0,0,0,1,4.00,2.98
2022-05-01 10:16:15,2.46,79,164,10,6,0,0,0,1,12.00,16.58
2022-05-01 10:18:13,1.00,164,161,10,6,0,0,0,1,6.50,8.13
2022-05-01 10:21:42,1.57,229,107,10,6,0,0,0,1,7.50,6.85
2022-05-01 10:27:58,2.66,125,230,10,6,0,0,0,1,12.50,15.52
2022-05-01 10:28:20,2.51,229,263,10,6,0,0,0,1,12.00,15.17
2022-05-01 10:30:20,0.80,125,158,10,6,0,0,0,1,5.00,3.58
2022-05-01 10:34:16,1.34,233,229,10,6,0,0,0,1,7.00,6.30
2022-05-01 10:36:42,19.00,142,132,10,6,1,0,0,1,52.00,36.82
2022-05-01 10:41:18,4.12,50,87,10,6,0,0,0,1,27.00,42.93
2022-05-01 10:42:51,10.87,65,138,10,6,1,0,0,1,30.50,16.97
2022-05-01 10:42:54,1.34,125,90,10,6,0,0,0,1,6.50,5.43
2022-05-01 10:46:46,21.80,132,87,10,6,1,0,0,1,52.00,45.22
2022-05-01 10:50:15,0.91,48,100,10,6,0,0,0,1,5.00,4.12
2022-05-01 10:54:42,9.24,138,161,10,6,1,0,0,1,35.50,43.63
2022-05-01 11:04:15,0.70,234,170,11,6,0,0,0,1,5.50,4.57
2022-05-01 11:04:54,0.70,48,246,11,6,0,0,0,1,4.50,4.05
2022-05-01 11:08:19,1.76,237,164,11,6,0,0,0,1,9.00,9.78
2022-05-01 11:09:56,1.35,186,48,11,6,0,0,0,1,7.50,8.80
2022-05-01 11:11:03,1.83,137,237,11,6,0,0,0,1,8.50,10.20
2022-05-01 11:15:30,1.36,262,237,11,6,0,0,0,1,7.00,11.87
2022-05-01 11:17:38,3.10,142,158,11,6,0,0,0,1,13.50,15.58
2022-05-01 11:18:39,2.94,48,24,11,6,0,0,0,1,11.50,11.87
2022-05-01 11:20:00,9.32,230,127,11,6,0,0,0,1,30.69,17.00
2022-05-01 11:28:52,5.16,238,79,11,6,0,0,0,1,24.00,35.63
2022-05-01 11:32:32,1.60,170,68,11,6,0,0,0,1,10.50,15.13
2022-05-01 11:35:56,0.72,262,140,11,6,0,0,0,1,4.50,3.37
2022-05-01 11:40:50,9.30,138,161,11,6,1,0,0,1,43.50,64.35
2022-05-01 11:45:53,1.30,142,230,11,6,0,0,0,1,6.50,8.37
2022-05-01 11:47:52,1.05,170,161,11,6,0,0,0,1,5.50,4.23
2022-05-01 11:49:01,0.67,230,50,11,6,0,0,0,1,6.50,7.83
2022-05-01 11:52:12,10.48,163,138,11,6,1,0,0,1,31.00,23.68
2022-05-01 11:53:22,0.73,224,107,11,6,0,0,0,1,6.00,6.00
2022-05-01 11:55:03,3.30,68,13,11,6,0,0,0,1,13.00,14.12
2022-05-01 11:59:41,0.70,142,161,11,6,0,0,0,1,5.50,4.92
2022-05-01 12:00:33,0.40,263,236,12,6,0,0,0,1,3.50,2.20
2022-05-01 12:01:29,1.00,236,262,12,6,0,0,0,1,6.50,6.27
2022-05-01 12:02:05,0.44,161,229,12,6,0,0,0,1,4.50,3.98
2022-05-01 12:02:54,2.71,238,161,12,6,0,0,0,1,12.00,14.12
2022-05-01 12:05:49,3.90,114,142,12,6,0,0,0,1,14.00,15.47
2022-05-01 12:07:38,1.90,79,68,12,6,0,0,0,1,11.00,14.63
2022-05-01 12:13:58,6.61,88,239,12,6,0,0,0,1,28.50,37.00
2022-05-01 12:16:31,0.90,141,237,12,6,0,0,0,1,6.50,7.07
2022-05-01 12:16:50,1.50,236,161,12,6,0,0,0,1,7.00,6.50
2022-05-01 12:19:51,3.32,239,246,12,6,0,0,0,1,13.00,14.93
2022-05-01 12:23:22,1.58,229,107,12,6,0,0,0,1,6.50,6.07
2022-05-01 12:24:16,4.50,237,144,12,6,0,0,0,1,22.00,31.87
2022-05-01 12:28:17,1.00,161,229,12,6,0,0,0,1,6.50,6.70
2022-05-01 12:29:26,1.00,143,48,12,6,0,0,0,1,5.50,3.98
2022-05-01 12:34:37,0.65,48,48,12,6,0,0,0,1,4.50,4.37
2022-05-01 12:37:04,1.48,161,170,12,6,0,0,0,1,8.00,9.17
2022-05-01 12:38:10,18.05,132,162,12,6,1,0,0,1,52.00,66.02
2022-05-01 12:43:19,1.09,68,48,12,6,0,0,0,1,5.50,4.45
2022-05-01 12:47:23,2.37,43,162,12,6,0,0,0,1,10.50,10.35
2022-05-01 12:48:35,1.50,232,125,12,6,0,0,0,1,9.50,11.95
2022-05-01 12:50:32,3.49,65,255,12,6,0,0,0,1,14.50,14.38
2022-05-01 12:51:08,1.51,239,142,12,6,0,0,0,1,8.50,9.97
2022-05-01 12:51:50,1.60,107,162,12,6,0,0,0,1,7.50,7.05
2022-05-01 12:51:52,2.13,233,263,12,6,0,0,0,1,8.00,6.77
2022-05-01 12:56:55,3.38,161,211,12,6,0,0,0,1,16.50,23.88
2022-05-01 12:57:31,4.90,261,195,12,6,0,0,0,1,20.00,24.37
2022-05-01 12:59:59,19.36,166,132,12,6,1,0,0,1,52.00,53.72
2022-05-01 13:03:14,17.91,161,132,13,6,1,0,0,1,52.00,40.13
2022-05-01 13:03:59,9.84,189,237,13,6,0,0,0,1,37.35,47.78
2022-05-01 13:07:42,2.70,50,43,13,6,0,0,0,1,12.00,15.37
2022-05-01 13:08:04,10.30,234,138,13,6,1,0,0,1,31.50,25.78
2022-05-01 13:13:20,1.55,229,170,13,6,0,0,0,1,8.00,8.83
2022-05-01 13:15:45,1.40,68,249,13,6,0,0,0,1,6.50,5.82
2022-05-01 13:24:57,6.54,239,113,13,6,0,0,0,1,28.00,39.07
2022-05-01 13:34:34,6.52,48,244,13,6,0,0,0,1,21.00,14.78
2022-05-01 13:43:30,18.75,132,263,13,6,1,0,0,1,52.00,39.52
2022-05-01 13:44:11,0.50,239,238,13,6,0,0,0,1,4.50,3.47
2022-05-01 13:46:35,18.52,132,79,13,6,1,0,0,1,52.00,50.80
2022-05-01 13:50:52,2.09,113,161,13,6,0,0,0,1,8.50,7.35
2022-05-01 13:52:40,3.71,261,186,13,6,0,0,0,1,15.00,17.92
2022-05-01 13:53:56,8.99,70,48,13,6,0,0,0,1,33.50,40.42
2022-05-01 13:54:54,5.12,13,79,13,6,0,0,0,1,18.50,18.42
2022-05-01 13:55:16,3.89,75,48,13,6,0,0,0,1,15.50,19.02
2022-05-01 13:56:40,5.20,144,262,13,6,0,0,0,1,17.00,17.75
2022-05-01 13:56:47,2.72,132,10,13,6,1,0,0,1,10.00,6.73
2022-05-01 14:03:26,3.25,107,236,14,6,0,0,0,1,13.50,15.65
2022-05-01 14:05:22,2.60,236,162,14,6,0,0,0,1,9.00,6.33
2022-05-01 14:12:23,0.92,231,261,14,6,0,0,0,1,7.00,8.82
2022-05-01 14:12:58,7.15,239,148,14,6,0,0,0,1,25.50,29.43
2022-05-01 14:13:29,2.11,74,263,14,6,0,0,0,1,8.50,8.85
2022-05-01 14:14:32,4.09,236,79,14,6,0,0,0,1,15.50,16.72
2022-05-01 14:16:23,2.95,255,79,14,6,0,0,0,1,23.50,40.60
2022-05-01 14:16:23,5.57,236,13,14,6,0,0,0,1,22.50,29.45
2022-05-01 14:19:19,4.70,236,246,14,6,0,0,0,1,18.00,20.38
2022-05-01 14:24:00,2.10,87,158,14,6,0,0,0,1,10.00,12.03
2022-05-01 14:26:19,1.22,142,163,14,6,0,0,0,1,7.00,7.15
2022-05-01 14:27:00,18.34,249,132,14,6,1,0,0,1,63.26,58.00
2022-05-01 14:28:03,1.27,79,234,14,6,0,0,0,1,6.50,7.23
2022-05-01 14:28:47,1.90,236,142,14,6,0,0,0,1,10.00,12.10
2022-05-01 14:31:22,1.71,249,13,14,6,0,0,0,1,8.50,8.45
2022-05-01 14:34:01,2.72,48,236,14,6,0,0,0,1,12.50,15.88
2022-05-01 14:36:09,6.01,148,236,14,6,0,0,0,1,21.50,23.25
2022-05-01 14:37:32,4.99,263,4,14,6,0,0,0,1,16.50,13.08
2022-05-01 14:38:55,1.30,43,186,14,6,0,0,0,1,7.00,7.25
2022-05-01 14:43:45,10.67,132,225,14,6,1,0,0,1,35.50,39.27
2022-05-01 14:48:37,13.85,209,1,14,6,1,0,0,1,63.50,44.17
2022-05-01 14:51:23,1.70,48,239,14,6,0,0,0,1,9.00,10.58
2022-05-01 14:52:42,1.40,262,237,14,6,0,0,0,1,7.50,9.18
2022-05-01 14:55:45,3.40,142,151,14,6,0,0,0,1,12.50,11.83
2022-05-01 14:56:51,0.90,137,186,14,6,0,0,0,1,7.50,9.20
2022-05-01 15:00:49,1.01,162,233,15,6,0,0,0,1,6.00,6.23
2022-05-01 15:00:59,4.50,236,211,15,6,0,0,0,1,17.50,20.65
2022-05-01 15:05:29,2.12,239,166,15,6,0,0,0,1,10.50,10.73
2022-05-01 15:08:52,13.05,68,89,15,6,0,0,0,1,51.00,66.70
2022-05-01 15:09:47,9.88,161,138,15,6,1,0,0,1,30.50,28.72
2022-05-01 15:10:01,1.80,125,100,15,6,0,0,0,1,9.00,10.33
2022-05-01 15:12:00,4.08,79,43,15,6,0,0,0,1,18.86,24.00
2022-05-01 15:12:33,0.89,141,236,15,6,0,0,0,1,4.50,3.05
2022-05-01 15:21:29,1.80,142,68,15,6,0,0,0,1,8.00,8.33
2022-05-01 15:22:31,2.79,236,166,15,6,0,0,0,1,12.50,15.05
2022-05-01 15:26:01,4.33,239,116,15,6,0,0,0,1,16.50,16.73
2022-05-01 15:26:05,2.42,48,90,15,6,0,0,0,1,12.50,16.47
2022-05-01 15:28:22,1.63,236,239,15,6,0,0,0,1,8.50,9.80
2022-05-01 15:30:39,3.60,166,262,15,6,0,0,0,1,15.50,19.05
2022-05-01 15:33:55,1.41,142,239,15,6,0,0,0,1,7.00,6.78
2022-05-01 15:34:43,1.38,161,68,15,6,0,0,0,1,8.50,11.17
2022-05-01 15:34:44,0.30,170,161,15,6,0,0,0,1,3.50,1.70
2022-05-01 15:35:59,2.10,161,68,15,6,0,0,0,1,11.00,14.23
2022-05-01 15:36:50,1.62,237,263,15,6,0,0,0,1,8.00,9.05
2022-05-01 15:38:29,1.53,238,142,15,6,0,0,0,1,8.00,9.00
2022-05-01 15:40:14,1.10,142,48,15,6,0,0,0,1,6.00,5.95
2022-05-01 15:40:34,1.00,238,262,15,6,0,0,0,1,6.00,21.52
2022-05-01 15:41:50,4.08,249,237,15,6,0,0,0,1,16.00,19.70
2022-05-01 15:41:50,7.90,13,142,15,6,0,0,0,1,31.00,41.40
2022-05-01 15:42:06,2.40,246,231,15,6,0,0,0,1,10.50,11.70
2022-05-01 15:42:57,6.68,261,237,15,6,0,0,0,1,22.50,20.42
2022-05-01 15:50:47,1.90,211,68,15,6,0,0,0,1,8.50,9.08
2022-05-01 15:52:01,1.20,161,68,15,6,0,0,0,1,8.50,11.52
2022-05-01 15:52:23,1.04,233,230,15,6,0,0,0,1,7.00,8.38
2022-05-01 15:54:16,1.20,107,113,15,6,0,0,0,1,6.50,6.33
2022-05-01 15:56:25,1.83,142,238,15,6,0,0,0,1,7.50,6.70
2022-05-01 15:57:11,0.38,151,238,15,6,0,0,0,1,3.50,1.68
2022-05-01 15:59:51,1.01,163,230,15,6,0,0,0,1,9.50,13.25
2022-05-01 16:07:46,1.46,263,75,16,6,0,0,0,1,8.50,10.23
2022-05-01 16:12:33,4.33,239,90,16,6,0,0,0,1,17.00,19.98
2022-05-01 16:12:52,8.63,138,170,16,6,1,0,0,1,26.50,26.07
2022-05-01 16:13:39,1.70,68,48,16,6,0,0,0,1,7.50,6.00
2022-05-01 16:18:28,1.62,237,75,16,6,0,0,0,1,7.50,6.68
2022-05-01 16:19:04,9.61,138,140,16,6,1,0,0,1,27.50,19.45
2022-05-01 16:21:26,24.78,132,87,16,6,1,0,0,1,52.00,66.47
2022-05-01 16:28:47,2.84,186,238,16,6,0,0,0,1,11.50,13.50
2022-05-01 16:44:36,5.39,144,36,16,6,0,0,0,1,26.50,34.85
2022-05-01 16:47:05,2.30,229,90,16,6,0,0,0,1,10.50,13.95
2022-05-01 16:47:55,3.07,142,164,16,6,0,0,0,1,12.50,14.62
2022-05-01 16:48:11,17.90,132,161,16,6,1,0,0,1,52.00,50.10
2022-05-01 16:49:36,1.60,237,170,16,6,0,0,0,1,8.00,7.80
2022-05-01 16:50:13,6.21,236,79,16,6,0,0,0,1,21.00,20.42
2022-05-01 16:50:24,9.40,162,95,16,6,0,0,0,1,30.50,30.68
2022-05-01 16:50:24,11.85,129,132,16,6,1,0,0,1,41.07,30.37
2022-05-01 16:52:37,1.40,186,161,16,6,0,0,0,1,8.00,9.73
2022-05-01 16:52:42,2.28,161,239,16,6,0,0,0,1,11.00,13.65
2022-05-01 16:53:48,1.11,142,143,16,6,0,0,0,1,6.50,7.28
2022-05-01 16:55:37,1.45,186,113,16,6,0,0,0,1,8.50,10.38
2022-05-01 16:58:52,2.70,237,74,16,6,0,0,0,1,10.00,9.38
2022-05-01 17:03:36,1.60,237,230,17,6,0,0,0,1,10.50,14.35
2022-05-01 17:04:30,0.50,142,163,17,6,0,0,0,1,4.50,4.18
2022-05-01 17:06:36,1.06,166,151,17,6,0,0,0,1,6.50,6.10
2022-05-01 17:10:40,1.20,142,239,17,6,0,0,0,1,6.50,6.27
2022-05-01 17:20:38,1.80,186,79,17,6,0,0,0,1,10.50,14.08
2022-05-01 17:21:36,0.90,238,166,17,6,0,0,0,1,6.50,8.30
2022-05-01 17:28:02,1.63,246,158,17,6,0,0,0,1,8.50,8.07
2022-05-01 17:30:52,1.26,237,170,17,6,0,0,0,1,6.50,6.43
2022-05-01 17:32:05,1.06,262,263,17,6,0,0,0,1,5.00,3.40
2022-05-01 17:36:02,18.11,132,163,17,6,1,0,0,1,52.00,47.02
2022-05-01 17:37:03,1.90,211,186,17,6,0,0,0,1,9.50,10.83
2022-05-01 17:39:24,1.01,141,142,17,6,0,0,0,1,7.50,9.17
2022-05-01 17:44:15,2.94,142,234,17,6,0,0,0,1,13.00,16.52
2022-05-01 17:47:32,2.20,231,88,17,6,0,0,0,1,10.00,10.52
2022-05-01 17:51:28,0.96,143,48,17,6,0,0,0,1,6.00,5.90
2022-05-01 17:58:29,0.39,238,239,17,6,0,0,0,1,3.50,1.52
2022-05-01 17:58:50,2.46,148,233,17,6,0,0,0,1,10.00,11.00
2022-05-01 18:00:03,1.86,263,233,18,6,0,0,0,1,7.50,6.00
2022-05-01 18:00:29,2.28,141,226,18,6,0,0,0,1,9.50,8.30
2022-05-01 18:05:15,0.93,90,114,18,6,0,0,0,1,7.00,8.18
2022-05-01 18:06:53,3.06,186,236,18,6,0,0,0,1,12.00,13.97
2022-05-01 18:07:58,2.63,239,100,18,6,0,0,0,1,13.50,18.10
2022-05-01 18:08:34,18.38,132,237,18,6,1,0,0,1,52.00,35.73
2022-05-01 18:08:59,8.30,138,233,18,6,1,0,0,1,23.50,15.90
2022-05-01 18:12:15,0.60,238,143,18,6,0,0,0,1,4.50,3.63
2022-05-01 18:14:13,0.49,231,261,18,6,0,0,0,1,3.50,2.03
2022-05-01 18:17:16,0.70,237,141,18,6,0,0,0,1,4.50,3.80
2022-05-01 18:18:03,2.18,142,238,18,6,0,0,0,1,11.00,12.98
2022-05-01 18:19:38,1.50,234,114,18,6,0,0,0,1,7.50,7.10
2022-05-01 18:23:41,1.46,231,249,18,6,0,0,0,1,12.50,19.17
2022-05-01 18:29:57,5.49,100,25,18,6,0,0,0,1,21.50,25.75
2022-05-01 18:32:15,3.40,43,151,18,6,0,0,0,1,12.50,13.35
2022-05-01 18:34:05,2.42,125,68,18,6,0,0,0,1,10.00,10.10
2022-05-01 18:34:12,18.50,132,100,18,6,1,0,0,1,52.00,42.15
2022-05-01 18:37:55,18.54,132,79,18,6,1,0,0,1,52.00,38.50
2022-05-01 18:39:18,2.12,164,237,18,6,0,0,0,1,9.00,10.00
2022-05-01 18:39:34,16.79,170,132,18,6,1,0,0,1,52.00,32.63
2022-05-01 18:40:28,4.28,79,262,18,6,0,0,0,1,14.00,13.32
2022-05-01 18:41:27,2.18,186,229,18,6,0,0,0,1,10.50,13.32
2022-05-01 18:45:03,0.70,90,234,18,6,0,0,0,1,5.00,4.33
2022-05-01 18:48:53,1.50,234,170,18,6,0,0,0,1,7.00,6.83
2022-05-01 18:49:26,1.04,142,142,18,6,0,0,0,1,6.50,6.85
2022-05-01 18:51:22,0.94,233,230,18,6,0,0,0,1,6.00,6.77
2022-05-01 18:52:57,14.20,132,112,18,6,1,0,0,1,38.50,31.08
2022-05-01 18:53:34,0.95,142,142,18,6,0,0,0,1,5.50,5.10
2022-05-01 18:57:18,18.91,132,113,18,6,1,0,0,1,52.00,52.30
2022-05-01 18:58:39,2.34,233,79,18,6,0,0,0,1,10.50,12.77
2022-05-01 19:01:11,3.58,249,141,19,6,0,0,0,1,18.00,25.70
2022-05-01 19:01:46,3.23,162,211,19,6,0,0,0,1,15.00,19.35
2022-05-01 19:02:54,1.70,239,161,19,6,0,0,0,1,8.50,8.58
2022-05-01 19:03:57,3.68,48,166,19,6,0,0,0,1,15.50,19.17
2022-05-01 19:07:27,3.04,142,262,19,6,0,0,0,1,13.50,15.08
2022-05-01 19:08:11,1.80,239,48,19,6,0,0,0,1,8.50,9.05
2022-05-01 19:11:57,5.93,161,209,19,6,0,0,0,1,20.00,18.35
2022-05-01 19:12:03,8.63,263,65,19,6,0,0,0,1,27.50,24.83
2022-05-01 19:16:55,4.19,79,43,19,6,0,0,0,1,15.00,16.43
2022-05-01 19:17:00,5.42,87,68,19,6,0,0,0,1,22.30,23.00
2022-05-01 19:17:17,2.10,79,90,19,6,0,0,0,1,11.00,14.97
2022-05-01 19:17:29,2.20,237,234,19,6,0,0,0,1,10.00,9.85
2022-05-01 19:22:20,17.20,132,165,19,6,1,0,0,1,48.50,38.00
2022-05-01 19:26:13,5.21,137,74,19,6,0,0,0,1,17.00,17.30
2022-05-01 19:26:20,1.26,68,234,19,6,0,0,0,1,6.00,5.67
2022-05-01 19:28:42,2.55,137,4,19,6,0,0,0,1,10.00,9.02
2022-05-01 19:32:43,3.70,141,107,19,6,0,0,0,1,13.50,12.97
2022-05-01 19:41:17,0.60,239,143,19,6,0,0,0,1,5.50,5.75
2022-05-01 19:42:24,18.10,132,48,19,6,1,0,0,1,52.00,44.63
2022-05-01 19:43:53,2.73,48,224,19,6,0,0,0,1,14.00,18.82
2022-05-01 19:46:21,1.35,162,164,19,6,0,0,0,1,8.00,9.42
2022-05-01 19:46:27,1.44,233,230,19,6,0,0,0,1,8.00,10.18
2022-05-01 19:51:04,1.34,68,107,19,6,0,0,0,1,7.50,9.45
2022-05-01 19:53:42,8.78,138,151,19,6,1,0,0,1,27.50,27.95
2022-05-01 19:54:49,25.88,132,54,19,6,1,0,0,1,67.00,39.67
2022-05-01 19:55:32,7.00,170,256,19,6,0,0,0,1,25.50,26.43
2022-05-01 19:55:48,7.53,132,95,19,6,1,0,0,1,22.50,19.35
2022-05-01 20:02:46,16.81,132,164,20,6,1,0,0,0,52.00,35.00
2022-05-01 20:03:58,19.20,132,158,20,6,1,0,0,0,52.00,48.25
2022-05-01 20:13:10,1.61,164,237,20,6,0,0,0,0,7.00,5.67
2022-05-01 20:15:00,1.50,246,90,20,6,0,0,0,0,8.50,9.80
2022-05-01 20:15:55,3.55,143,75,20,6,0,0,0,0,13.00,13.70
2022-05-01 20:24:16,1.78,229,263,20,6,0,0,0,0,7.50,7.05
2022-05-01 20:24:25,1.94,43,151,20,6,0,0,0,0,10.00,11.38
2022-05-01 20:25:10,0.60,50,68,20,6,0,0,0,0,4.50,3.93
2022-05-01 20:30:53,3.49,234,236,20,6,0,0,0,0,15.50,18.65
2022-05-01 20:40:10,0.41,164,170,20,6,0,0,0,0,4.50,4.55
2022-05-01 20:43:35,0.96,236,236,20,6,0,0,0,0,5.00,3.12
2022-05-01 20:44:17,1.27,144,209,20,6,0,0,0,0,7.00,8.03
2022-05-01 20:49:24,2.65,79,164,20,6,0,0,0,0,11.50,13.90
2022-05-01 20:51:12,1.35,263,236,20,6,0,0,0,0,6.00,6.35
2022-05-01 20:55:31,2.67,162,113,20,6,0,0,0,0,10.00,10.15
2022-05-01 20:55:34,2.48,263,151,20,6,0,0,0,0,11.50,12.92
2022-05-01 20:56:16,10.57,132,192,20,6,1,0,0,0,29.50,20.80
2022-05-01 20:56:53,4.00,234,239,20,6,0,0,0,0,17.00,21.05
2022-05-01 21:00:23,2.14,230,239,21,6,0,0,0,0,10.00,11.75
2022-05-01 21:02:39,3.54,140,186,21,6,0,0,0,0,14.00,15.40
2022-05-01 21:03:20,0.78,237,141,21,6,0,0,0,0,5.00,3.37
2022-05-01 21:07:36,1.69,114,261,21,6,0,0,0,0,7.50,7.77
2022-05-01 21:12:10,0.68,186,48,21,6,0,0,0,0,4.00,2.50
2022-05-01 21:15:06,2.53,230,137,21,6,0,0,0,0,12.00,15.50
2022-05-01 21:18:23,2.97,164,142,21,6,0,0,0,0,11.50,12.20
2022-05-01 21:25:38,1.35,41,75,21,6,0,0,0,0,7.00,7.05
2022-05-01 21:36:43,1.56,237,142,21,6,0,0,0,0,7.00,6.70
2022-05-01 21:37:46,0.99,263,263,21,6,0,0,0,0,5.00,3.45
2022-05-01 21:40:05,1.95,249,231,21,6,0,0,0,0,9.00,10.53
2022-05-01 21:42:30,4.80,90,238,21,6,0,0,0,0,17.50,16.85
2022-05-01 21:44:54,0.50,144,148,21,6,0,0,0,0,5.00,4.18
2022-05-01 21:50:08,2.51,132,10,21,6,1,0,0,0,9.50,8.78
2022-05-01 21:55:47,0.68,48,50,21,6,0,0,0,0,4.50,3.42
2022-05-01 21:58:08,0.96,164,137,21,6,0,0,0,0,12.50,19.42
2022-05-01 22:05:49,0.72,262,262,22,6,0,0,0,0,5.00,3.98
2022-05-01 22:07:04,6.01,79,43,22,6,0,0,0,0,19.00,18.77
2022-05-01 22:11:23,3.00,256,198,22,6,0,0,0,0,12.00,14.10
2022-05-01 22:12:32,3.42,87,224,22,6,0,0,0,0,12.50,10.08
2022-05-01 22:13:29,2.05,162,234,22,6,0,0,0,0,8.00,7.13
2022-05-01 22:13:33,0.61,162,237,22,6,0,0,0,0,5.00,4.68
2022-05-01 22:20:28,7.04,50,244,22,6,0,0,0,0,21.00,11.65
2022-05-01 22:24:06,1.20,48,142,22,6,0,0,0,0,6.50,5.98
2022-05-01 22:41:00,1.10,161,230,22,6,0,0,0,0,6.50,5.77
2022-05-01 22:41:07,1.54,158,246,22,6,0,0,0,0,7.50,7.12
2022-05-01 22:42:09,2.70,170,114,22,6,0,0,0,0,11.00,12.02
2022-05-01 22:49:00,2.40,112,226,22,6,0,0,0,0,12.58,11.00
2022-05-01 22:49:14,9.58,138,237,22,6,1,0,0,0,28.00,18.90
2022-05-01 22:49:51,2.50,48,238,22,6,0,0,0,0,9.00,6.58
2022-05-01 22:51:33,1.07,230,230,22,6,0,0,0,0,6.00,5.47
2022-05-01 22:58:12,4.23,148,140,22,6,0,0,0,0,16.76,11.10
2022-05-01 22:59:26,9.97,114,42,22,6,0,0,0,0,31.00,26.35
2022-05-01 23:06:21,7.80,186,65,23,6,0,0,0,0,26.50,29.83
2022-05-01 23:06:40,2.28,164,148,23,6,0,0,0,0,10.50,11.58
2022-05-01 23:08:57,0.50,161,162,23,6,0,0,0,0,4.50,3.33
2022-05-01 23:09:14,3.31,107,141,23,6,0,0,0,0,10.50,8.62
2022-05-01 23:09:52,1.92,125,87,23,6,0,0,0,0,8.00,8.03
2022-05-01 23:18:49,1.12,161,137,23,6,0,0,0,0,6.00,5.58
2022-05-01 23:23:37,2.03,162,79,23,6,0,0,0,0,8.50,8.95
2022-05-01 23:37:33,7.44,230,116,23,6,0,0,0,0,23.50,19.22
2022-05-02 00:06:45,1.86,230,107,0,0,0,0,0,0,8.00,7.40
2022-05-02 00:16:51,1.25,162,229,0,0,0,0,0,0,7.00,6.72
2022-05-02 00:21:11,4.95,48,166,0,0,0,0,0,0,16.50,12.95
2022-05-02 00:22:02,3.86,48,41,0,0,0,0,0,0,14.50,15.38
2022-05-02 00:23:58,1.14,249,234,0,0,0,0,0,0,6.50,7.22
2022-05-02 00:52:04,1.03,48,163,0,0,0,0,0,0,5.00,3.55
2022-05-02 00:57:23,2.85,162,239,0,0,0,0,0,0,12.00,13.67
2022-05-02 01:05:00,1.22,238,236,1,0,0,0,0,0,6.50,6.52
2022-05-02 01:32:32,2.74,79,65,1,0,0,0,0,0,11.50,10.57
2022-05-02 01:37:47,2.71,79,231,1,0,0,0,0,0,11.00,11.22
2022-05-02 03:21:52,4.00,79,141,3,0,0,0,0,0,13.00,11.20
2022-05-02 04:32:12,2.58,261,107,4,0,0,0,0,0,9.50,8.17
2022-05-02 04:52:46,6.80,48,116,4,0,0,0,0,0,21.50,15.12
2022-05-02 05:33:33,11.10,233,138,5,0,1,0,0,0,31.00,17.30
2022-05-02 05:44:03,2.90,237,186,5,0,0,0,0,0,10.50,9.95
2022-05-02 05:49:17,2.95,100,140,5,0,0,0,0,0,12.50,14.33
2022-05-02 06:16:12,12.38,132,97,6,0,1,0,0,0,40.00,45.45
2022-05-02 06:21:13,8.60,75,138,6,0,1,0,0,0,25.00,18.32
2022-05-02 06:33:38,1.40,186,137,6,0,0,0,0,0,7.50,8.53
2022-05-02 06:35:55,1.60,100,237,6,0,0,0,0,0,7.50,7.65
2022-05-02 06:42:02,2.89,162,144,6,0,0,0,0,0,11.50,13.00
2022-05-02 06:43:28,1.10,162,137,6,0,0,0,0,0,6.50,6.53
2022-05-02 06:56:14,6.90,233,231,6,0,0,0,0,0,20.50,16.25
2022-05-02 06:57:00,2.17,143,141,6,0,0,0,0,0,11.05,11.00
2022-05-02 07:02:19,3.30,186,261,7,0,0,1,0,0,12.00,12.15
2022-05-02 07:05:33,1.80,236,140,7,0,0,1,0,0,8.50,9.55
2022-05-02 07:06:00,3.60,161,79,7,0,0,1,0,0,15.00,20.07
2022-05-02 07:17:14,1.10,161,229,7,0,0,1,0,0,7.00,8.18
2022-05-02 07:26:37,0.97,170,161,7,0,0,1,0,0,6.00,5.95
2022-05-02 07:44:03,2.95,140,107,7,0,0,1,0,0,13.00,14.37
2022-05-02 07:46:37,1.70,79,233,7,0,0,1,0,0,7.50,6.75
2022-05-02 07:52:02,0.80,170,100,7,0,0,1,0,0,5.50,6.08
2022-05-02 08:00:12,1.90,143,140,8,0,0,1,0,0,9.00,10.77
2022-05-02 08:15:19,1.54,186,107,8,0,0,1,0,0,9.50,13.02
2022-05-02 08:15:33,1.40,163,236,8,0,0,1,0,0,6.50,6.22
2022-05-02 08:17:09,5.32,75,223,8,0,0,1,0,0,18.00,14.82
2022-05-02 08:23:06,0.90,261,231,8,0,0,1,0,0,5.00,3.97
2022-05-02 08:26:23,1.97,79,164,8,0,0,1,0,0,11.00,13.35
2022-05-02 08:29:54,1.40,79,137,8,0,0,1,0,0,7.00,7.17
2022-05-02 08:35:55,2.86,68,163,8,0,0,1,0,0,15.00,21.63
2022-05-02 08:36:04,7.36,40,170,8,0,0,1,0,0,24.00,22.47
2022-05-02 08:42:10,2.35,68,163,8,0,0,1,0,0,14.50,21.78
2022-05-02 08:47:11,11.60,132,62,8,0,1,1,0,0,36.50,40.28
2022-05-02 08:51:40,0.75,234,170,8,0,0,1,0,0,5.50,5.62
2022-05-02 08:57:25,4.30,236,114,8,0,0,1,0,0,17.00,26.68
2022-05-02 08:58:53,0.80,239,43,8,0,0,1,0,0,6.00,6.75
2022-05-02 09:00:09,1.74,87,79,9,0,0,1,0,0,9.00,9.92
2022-05-02 09:01:23,2.70,229,79,9,0,0,1,0,0,11.00,13.38
2022-05-02 09:01:48,2.87,263,170,9,0,0,1,0,0,12.00,12.65
2022-05-02 09:02:50,22.47,132,88,9,0,1,1,0,0,52.00,44.35
2022-05-02 09:05:00,17.91,132,162,9,0,1,1,0,0,52.00,39.55
2022-05-02 09:11:37,1.27,186,170,9,0,0,1,0,0,9.50,13.23
2022-05-02 09:11:47,2.05,142,236,9,0,0,1,0,0,10.50,13.80
2022-05-02 09:13:29,2.52,161,113,9,0,0,1,0,0,12.00,15.52
2022-05-02 09:14:10,1.90,236,163,9,0,0,1,0,0,9.00,9.80
2022-05-02 09:14:23,1.42,68,90,9,0,0,1,0,0,8.00,9.63
2022-05-02 09:19:49,0.30,230,230,9,0,0,1,0,0,5.50,6.45
2022-05-02 09:28:09,1.01,114,234,9,0,0,1,0,0,5.50,5.37
2022-05-02 09:31:56,2.70,238,42,9,0,0,1,0,0,13.00,17.12
2022-05-02 09:36:39,17.83,132,107,9,0,1,1,0,0,52.00,28.37
2022-05-02 09:39:06,2.12,75,239,9,0,0,1,0,0,9.50,11.48
2022-05-02 09:41:19,0.97,249,113,9,0,0,1,0,0,6.50,7.67
2022-05-02 09:42:22,1.03,170,161,9,0,0,1,0,0,7.50,9.02
2022-05-02 09:44:33,1.91,236,161,9,0,0,1,0,0,9.50,12.23
2022-05-02 09:44:58,0.85,48,48,9,0,0,1,0,0,6.00,5.70
2022-05-02 09:45:39,4.34,236,68,9,0,0,1,0,0,16.50,20.37
2022-05-02 09:47:58,2.20,229,234,9,0,0,1,0,0,9.50,10.72
2022-05-02 09:58:30,0.46,140,140,9,0,0,1,0,0,4.50,3.93
2022-05-02 09:59:14,0.90,236,75,9,0,0,1,0,0,5.50,4.22
2022-05-02 10:00:52,2.09,140,142,10,0,0,0,0,0,12.00,15.38
2022-05-02 10:03:34,1.84,230,246,10,0,0,0,0,0,9.50,11.63
2022-05-02 10:09:56,1.27,162,107,10,0,0,0,0,0,7.00,7.17
2022-05-02 10:10:36,0.60,170,170,10,0,0,0,0,0,5.00,4.95
2022-05-02 10:14:32,2.32,237,186,10,0,0,0,0,0,11.50,14.62
2022-05-02 10:17:00,2.00,100,113,10,0,0,0,0,0,10.50,14.77
2022-05-02 10:18:10,1.80,263,75,10,0,0,0,0,0,7.00,6.88
2022-05-02 10:19:17,5.13,249,75,10,0,0,0,0,0,21.50,28.45
2022-05-02 10:19:45,3.63,137,142,10,0,0,0,0,0,18.00,25.47
2022-05-02 10:20:24,3.29,166,244,10,0,0,0,0,0,15.00,18.35
2022-05-02 10:22:51,2.70,107,140,10,0,0,0,0,0,9.50,8.67
2022-05-02 10:23:56,18.43,132,161,10,0,1,0,0,0,52.00,44.57
2022-05-02 10:24:01,2.20,236,161,10,0,0,0,0,0,12.50,17.65
2022-05-02 10:29:15,0.69,140,237,10,0,0,0,0,0,6.00,6.87
2022-05-02 10:34:11,16.42,132,80,10,0,1,0,0,0,48.00,40.42
2022-05-02 10:41:10,1.00,237,43,10,0,0,0,0,0,5.50,5.37
2022-05-02 10:41:35,6.29,230,88,10,0,0,0,0,0,21.00,19.05
2022-05-02 10:42:57,2.50,239,140,10,0,0,0,0,0,14.00,19.57
2022-05-02 10:46:12,1.35,236,238,10,0,0,0,0,0,7.50,8.07
2022-05-02 10:48:30,3.70,141,7,10,0,0,0,0,0,14.50,15.93
2022-05-02 10:54:39,18.68,132,166,10,0,1,0,0,0,52.00,42.92
2022-05-02 10:57:51,3.68,4,237,10,0,0,0,0,0,20.63,18.47
2022-05-02 10:59:29,1.64,142,239,10,0,0,0,0,0,7.00,6.52
2022-05-02 11:05:55,0.90,141,236,11,0,0,0,0,0,6.50,6.93
2022-05-02 11:07:03,20.98,132,238,11,0,1,0,0,0,52.00,66.50
2022-05-02 11:08:12,1.09,237,142,11,0,0,0,0,0,6.00,5.48
2022-05-02 11:14:21,1.60,170,234,11,0,0,0,0,0,8.50,10.78
2022-05-02 11:16:29,1.61,48,68,11,0,0,0,0,0,9.00,11.22
2022-05-02 11:16:29,1.50,162,163,11,0,0,0,0,0,10.00,13.13
2022-05-02 11:20:35,1.17,236,237,11,0,0,0,0,0,8.50,11.55
2022-05-02 11:23:50,0.70,237,237,11,0,0,0,0,0,5.00,4.63
2022-05-02 11:24:00,9.43,170,138,11,0,1,0,0,0,30.74,17.00
2022-05-02 11:24:54,0.80,125,144,11,0,0,0,0,0,8.00,11.20
2022-05-02 11:27:29,3.02,233,236,11,0,0,0,0,0,12.50,15.63
2022-05-02 11:31:00,3.00,236,230,11,0,0,0,0,0,14.50,19.80
2022-05-02 11:31:02,1.50,233,246,11,0,0,0,0,0,11.50,16.78
2022-05-02 11:33:39,0.90,141,140,11,0,0,0,0,0,5.00,4.15
2022-05-02 11:33:59,1.53,249,231,11,0,0,0,0,0,8.00,9.97
2022-05-02 11:35:23,2.90,236,230,11,0,0,0,0,0,16.50,23.85
2022-05-02 11:42:37,0.48,239,239,11,0,0,0,0,0,3.50,1.55
2022-05-02 11:42:39,17.20,132,141,11,0,1,0,0,0,52.00,46.77
2022-05-02 11:43:20,7.70,138,263,11,0,1,0,0,0,23.50,16.50
2022-05-02 11:43:40,5.50,79,238,11,0,0,0,0,0,23.50,33.37
2022-05-02 11:45:24,1.53,142,68,11,0,0,0,0,0,8.50,9.42
2022-05-02 11:57:49,21.09,132,239,11,0,1,0,0,0,52.00,58.63
2022-05-02 12:10:29,2.40,236,143,12,0,0,0,0,0,11.50,17.47
2022-05-02 12:12:23,9.30,13,75,12,0,0,0,0,0,28.50,22.35
2022-05-02 12:13:19,1.15,161,162,12,0,0,0,0,0,7.00,8.47
2022-05-02 12:18:23,2.15,170,114,12,0,0,0,0,0,10.50,13.55
2022-05-02 12:19:09,1.80,238,43,12,0,0,0,0,0,9.00,9.78
2022-05-02 12:21:52,0.68,143,239,12,0,0,0,0,0,4.50,2.92
2022-05-02 12:22:45,1.30,162,137,12,0,0,0,0,0,7.50,9.12
2022-05-02 12:29:16,1.00,186,246,12,0,0,0,0,0,6.00,5.82
2022-05-02 12:29:27,2.06,140,75,12,0,0,0,0,0,13.00,18.53
2022-05-02 12:32:37,1.44,162,141,12,0,0,0,0,0,7.50,9.37
2022-05-02 12:34:50,1.53,43,142,12,0,0,0,0,0,7.00,5.75
2022-05-02 12:36:14,1.10,163,140,12,0,0,0,0,0,8.50,11.18
2022-05-02 12:36:46,1.00,75,236,12,0,0,0,0,0,5.50,5.43
2022-05-02 12:37:31,18.23,132,25,12,0,1,0,0,0,53.00,50.95
2022-05-02 12:38:42,2.35,229,236,12,0,0,0,0,0,12.00,15.38
2022-05-02 12:41:28,0.80,48,100,12,0,0,0,0,0,6.00,6.28
2022-05-02 12:42:04,3.35,163,151,12,0,0,0,0,0,13.50,13.00
2022-05-02 12:42:29,2.52,100,144,12,0,0,0,0,0,16.00,25.52
2022-05-02 12:44:12,2.00,164,144,12,0,0,0,0,0,10.50,14.07
2022-05-02 12:49:33,0.80,229,141,12,0,0,0,0,0,6.50,6.85
2022-05-02 12:52:27,1.82,43,239,12,0,0,0,0,0,8.00,7.52
2022-05-02 12:53:09,11.54,113,138,12,0,1,0,0,0,41.50,44.77
2022-05-02 12:53:16,0.68,229,140,12,0,0,0,0,0,4.50,3.83
2022-05-02 12:54:28,1.23,161,170,12,0,0,0,0,0,8.00,10.20
2022-05-02 12:56:42,1.20,68,230,12,0,0,0,0,0,8.50,13.25
2022-05-02 12:57:36,1.10,141,236,12,0,0,0,0,0,6.00,6.22
2022-05-02 13:05:27,4.21,74,7,13,0,0,0,0,0,14.50,12.65
2022-05-02 13:05:41,2.32,163,43,13,0,0,0,0,0,14.50,20.02
2022-05-02 13:10:20,1.01,249,79,13,0,0,0,0,0,8.00,11.50
2022-05-02 13:12:50,1.11,234,249,13,0,0,0,0,0,7.00,8.78
2022-05-02 13:17:46,0.90,107,113,13,0,0,0,0,0,6.00,5.82
2022-05-02 13:29:52,0.81,90,68,13,0,0,0,0,0,5.50,4.85
2022-05-02 13:30:50,9.80,137,116,13,0,0,0,0,0,41.00,51.88
2022-05-02 13:35:01,2.07,249,48,13,0,0,0,0,0,11.00,15.33
2022-05-02 13:35:33,1.60,143,48,13,0,0,0,0,0,8.50,9.70
2022-05-02 13:35:54,1.07,163,237,13,0,0,0,0,0,8.50,11.18
2022-05-02 13:39:52,4.90,162,211,13,0,0,0,0,0,22.50,30.47
2022-05-02 13:42:27,1.20,163,164,13,0,0,0,0,0,7.50,9.80
2022-05-02 13:43:16,17.90,48,132,13,0,1,0,0,0,52.00,49.75
2022-05-02 13:44:29,11.40,132,62,13,0,1,0,0,0,40.00,48.27
2022-05-02 13:48:04,2.70,231,68,13,0,0,0,0,0,10.50,10.67
2022-05-02 13:48:11,11.38,161,138,13,0,1,0,0,0,33.50,24.60
2022-05-02 13:51:59,3.47,186,236,13,0,0,0,0,0,19.50,30.08
2022-05-02 13:54:19,1.50,162,236,13,0,0,0,0,0,10.00,13.68
2022-05-02 13:56:49,0.64,162,237,13,0,0,0,0,0,5.00,3.97
2022-05-02 13:56:50,2.60,137,236,13,0,0,0,0,0,11.00,15.37
2022-05-02 13:59:00,2.09,238,41,13,0,0,0,0,0,11.52,13.00
2022-05-02 13:59:03,0.96,140,237,13,0,0,0,0,0,6.00,6.82
2022-05-02 14:00:10,1.55,237,236,14,0,0,0,0,0,11.50,16.22
2022-05-02 14:00:58,1.48,249,231,14,0,0,0,0,0,7.50,8.20
2022-05-02 14:01:41,0.60,263,236,14,0,0,0,0,0,5.00,5.42
2022-05-02 14:01:45,1.61,236,141,14,0,0,0,0,0,10.50,14.45
2022-05-02 14:07:00,6.14,209,142,14,0,0,0,0,0,25.86,37.00
2022-05-02 14:11:46,3.35,161,231,14,0,0,0,0,0,15.00,20.68
2022-05-02 14:13:18,0.89,246,186,14,0,0,0,0,0,5.50,4.78
2022-05-02 14:14:43,1.79,90,231,14,0,0,0,0,0,9.00,10.28
2022-05-02 14:17:37,2.80,68,161,14,0,0,0,0,0,15.00,20.00
2022-05-02 14:22:12,2.10,230,236,14,0,0,0,0,0,15.00,23.45
2022-05-02 14:22:55,0.68,43,236,14,0,0,0,0,0,5.50,6.27
2022-05-02 14:23:18,2.96,50,236,14,0,0,0,0,0,15.00,20.30
2022-05-02 14:24:51,2.67,24,43,14,0,0,0,0,0,13.00,16.72
2022-05-02 14:24:53,2.50,246,229,14,0,0,0,0,0,13.00,18.93
2022-05-02 14:25:30,1.50,148,107,14,0,0,0,0,0,7.00,9.22
2022-05-02 14:37:02,1.20,142,163,14,0,0,0,0,0,6.50,6.73
2022-05-02 14:41:02,0.60,236,262,14,0,0,0,0,0,5.50,6.00
2022-05-02 14:41:08,2.51,113,162,14,0,0,0,0,0,12.00,14.82
2022-05-02 14:41:33,23.20,132,50,14,0,1,0,0,0,52.00,78.62
2022-05-02 14:42:01,1.42,230,137,14,0,0,0,0,0,8.50,11.62
2022-05-02 14:47:13,6.42,137,97,14,0,0,0,0,0,21.00,20.92
2022-05-02 14:49:41,1.59,237,143,14,0,0,0,0,0,11.00,15.87
2022-05-02 14:53:10,1.35,249,234,14,0,0,0,0,0,7.00,6.87
2022-05-02 14:56:49,1.05,237,162,14,0,0,0,0,0,6.00,6.47
2022-05-02 15:01:02,2.22,166,142,15,0,0,0,0,0,11.00,13.42
2022-05-02 15:06:00,0.80,143,43,15,0,0,0,0,0,6.00,6.13
2022-05-02 15:13:46,16.88,230,132,15,0,1,0,0,0,52.00,67.30
2022-05-02 15:18:30,8.40,229,138,15,0,1,0,0,0,25.50,22.52
2022-05-02 15:18:43,1.17,48,163,15,0,0,0,0,0,7.00,8.15
2022-05-02 15:32:34,0.80,75,236,15,0,0,0,0,0,5.50,5.43
2022-05-02 15:33:09,17.36,234,132,15,0,1,0,0,0,52.00,65.33
2022-05-02 15:33:51,2.50,141,107,15,0,0,0,0,0,10.50,11.80
2022-05-02 15:35:01,3.19,236,233,15,0,0,0,0,0,14.00,18.42
2022-05-02 15:42:22,2.37,74,262,15,0,0,0,0,0,12.50,18.05
2022-05-02 15:48:32,3.50,144,230,15,0,0,0,0,0,18.50,28.10
2022-05-02 15:49:37,4.92,142,170,15,0,0,0,0,0,19.00,34.63
2022-05-02 15:52:42,2.50,74,239,15,0,0,0,0,0,11.50,13.78
2022-05-02 15:53:27,0.79,239,142,15,0,0,0,0,0,5.50,4.83
2022-05-02 15:54:20,1.00,230,186,15,0,0,0,0,0,6.00,6.25
2022-05-02 15:54:25,3.84,140,68,15,0,0,0,0,0,16.50,22.68
2022-05-02 16:01:31,10.03,138,68,16,0,1,0,1,0,33.50,36.05
2022-05-02 16:02:33,2.86,234,87,16,0,0,0,1,0,14.50,20.25
2022-05-02 16:04:34,3.10,162,249,16,0,0,0,1,0,12.50,14.88
2022-05-02 16:06:11,0.80,151,238,16,0,0,0,1,0,5.00,4.92
2022-05-02 16:09:19,18.77,132,158,16,0,1,0,1,0,52.00,46.60
2022-05-02 16:09:40,0.35,263,237,16,0,0,0,1,0,3.50,2.32
2022-05-02 16:10:39,1.62,161,142,16,0,0,0,1,0,9.50,13.20
2022-05-02 16:11:13,4.81,137,239,16,0,0,0,1,0,26.50,41.87
2022-05-02 16:13:13,1.20,100,90,16,0,0,0,1,0,5.50,4.23
2022-05-02 16:13:52,2.04,262,75,16,0,0,0,1,0,12.00,17.20
2022-05-02 16:25:03,18.77,132,170,16,0,1,0,1,0,52.00,50.48
2022-05-02 16:25:05,1.51,79,186,16,0,0,0,1,0,8.00,9.37
2022-05-02 16:25:57,2.60,236,142,16,0,0,0,1,0,23.00,39.08
2022-05-02 16:27:06,1.30,237,237,16,0,0,0,1,0,10.00,13.62
2022-05-02 16:41:17,1.21,163,50,16,0,0,0,1,0,8.00,10.00
2022-05-02 16:41:36,1.04,162,141,16,0,0,0,1,0,5.50,4.35
2022-05-02 16:43:37,0.93,262,236,16,0,0,0,1,0,5.50,5.58
2022-05-02 16:44:15,9.38,163,95,16,0,0,0,1,0,32.50,41.87
2022-05-02 16:46:06,1.03,238,239,16,0,0,0,1,0,6.00,5.70
2022-05-02 16:46:06,2.01,230,237,16,0,0,0,1,0,11.50,15.33
2022-05-02 16:46:24,0.50,140,229,16,0,0,0,1,0,5.50,7.08
2022-05-02 16:46:55,1.90,238,239,16,0,0,0,1,0,9.50,11.45
2022-05-02 16:49:50,2.05,162,246,16,0,0,0,1,0,9.50,10.85
2022-05-02 16:51:53,1.40,170,113,16,0,0,0,1,0,7.50,7.83
2022-05-02 17:07:37,2.30,233,90,17,0,0,0,1,0,10.50,13.60
2022-05-02 17:08:10,0.53,237,140,17,0,0,0,1,0,5.00,5.17
2022-05-02 17:10:22,2.20,162,246,17,0,0,0,1,0,10.50,13.28
2022-05-02 17:11:10,2.93,79,68,17,0,0,0,1,0,13.50,18.23
2022-05-02 17:11:12,3.24,90,142,17,0,0,0,1,0,14.50,20.57
2022-05-02 17:11:45,2.19,237,238,17,0,0,0,1,0,13.50,19.60
2022-05-02 17:12:23,0.87,234,186,17,0,0,0,1,0,4.50,3.00
2022-05-02 17:12:59,1.10,90,114,17,0,0,0,1,0,6.50,7.23
2022-05-02 17:16:30,1.70,140,163,17,0,0,0,1,0,10.50,16.62
2022-05-02 17:19:00,1.54,239,48,17,0,0,0,1,0,8.00,8.58
2022-05-02 17:20:02,2.00,140,162,17,0,0,0,1,0,8.50,11.15
2022-05-02 17:22:31,1.59,43,68,17,0,0,0,1,0,8.50,9.40
2022-05-02 17:24:06,0.90,239,143,17,0,0,0,1,0,6.50,7.02
2022-05-02 17:24:11,1.40,236,75,17,0,0,0,1,0,9.00,11.20
2022-05-02 17:25:37,0.94,163,237,17,0,0,0,1,0,6.50,8.23
2022-05-02 17:27:00,1.04,237,161,17,0,0,0,1,0,7.00,7.50
2022-05-02 17:27:01,1.90,162,164,17,0,0,0,1,0,10.00,12.52
2022-05-02 17:28:00,3.54,230,4,17,0,0,0,1,0,16.06,19.00
2022-05-02 17:30:21,11.20,138,143,17,0,1,0,1,0,36.50,38.20
2022-05-02 17:36:55,2.10,68,231,17,0,0,0,1,0,11.50,15.15
2022-05-02 17:37:34,0.76,234,234,17,0,0,0,1,0,5.00,4.93
2022-05-02 17:41:13,2.79,239,186,17,0,0,0,1,0,13.50,17.80
2022-05-02 17:42:40,1.00,249,234,17,0,0,0,1,0,5.50,4.92
2022-05-02 17:45:52,2.80,236,234,17,0,0,0,1,0,12.50,14.97
2022-05-02 17:54:54,0.83,234,170,17,0,0,0,1,0,5.50,4.93
2022-05-02 18:00:44,0.70,234,113,18,0,0,0,1,0,5.00,4.98
2022-05-02 18:02:37,2.37,161,263,18,0,0,0,1,0,11.00,13.85
2022-05-02 18:03:59,1.00,236,236,18,0,0,0,1,0,5.50,5.45
2022-05-02 18:05:50,3.12,142,263,18,0,0,0,1,0,15.00,19.48
2022-05-02 18:06:25,1.48,237,239,18,0,0,0,1,0,8.50,10.80
2022-05-02 18:10:23,0.70,68,48,18,0,0,0,1,0,5.00,4.28
2022-05-02 18:10:46,1.30,162,142,18,0,0,0,1,0,7.50,9.07
2022-05-02 18:10:54,0.55,141,237,18,0,0,0,1,0,5.50,5.45
2022-05-02 18:12:53,0.54,114,113,18,0,0,0,1,0,4.50,4.73
2022-05-02 18:13:08,1.05,107,114,18,0,0,0,1,0,5.50,5.45
2022-05-02 18:13:13,0.95,68,186,18,0,0,0,1,0,6.00,6.03
2022-05-02 18:15:40,3.04,236,48,18,0,0,0,1,0,18.50,27.33
2022-05-02 18:17:30,1.08,237,236,18,0,0,0,1,0,6.00,5.77
2022-05-02 18:22:15,0.50,142,142,18,0,0,0,1,0,4.50,4.28
2022-05-02 18:27:28,1.48,237,262,18,0,0,0,1,0,6.50,5.33
2022-05-02 18:28:38,2.10,236,166,18,0,0,0,1,0,10.00,10.72
2022-05-02 18:31:18,1.60,68,79,18,0,0,0,1,0,9.00,10.93
2022-05-02 18:36:33,1.84,48,68,18,0,0,0,1,0,8.50,8.72
2022-05-02 18:37:15,18.64,132,209,18,0,1,0,1,0,52.00,45.53
2022-05-02 18:41:54,1.51,48,68,18,0,0,0,1,0,6.50,5.53
2022-05-02 18:47:13,1.81,263,163,18,0,0,0,1,0,10.00,12.48
2022-05-02 18:49:14,2.20,151,142,18,0,0,0,1,0,11.50,14.70
2022-05-02 18:50:45,2.90,41,263,18,0,0,0,1,0,11.00,10.83
2022-05-02 18:55:29,1.30,237,142,18,0,0,0,1,0,9.00,11.15
2022-05-02 18:58:35,0.50,142,239,18,0,0,0,1,0,4.00,4.33
2022-05-02 18:58:40,1.17,239,141,18,0,0,0,1,0,7.00,7.03
2022-05-02 18:59:56,2.35,48,107,18,0,0,0,1,0,10.50,13.10
2022-05-02 19:10:02,2.19,140,170,19,0,0,0,1,0,9.00,8.80
2022-05-02 19:12:00,5.86,140,249,19,0,0,0,1,0,19.01,19.00
2022-05-02 19:14:07,1.80,164,107,19,0,0,0,1,0,8.50,8.90
2022-05-02 19:15:52,1.50,151,43,19,0,0,0,1,0,7.00,6.28
2022-05-02 19:16:49,1.33,137,79,19,0,0,0,1,0,6.00,5.03
2022-05-02 19:22:55,0.69,231,261,19,0,0,0,1,0,4.00,2.17
2022-05-02 19:22:59,2.65,141,164,19,0,0,0,1,0,10.50,11.08
2022-05-02 19:23:34,1.10,237,141,19,0,0,0,1,0,7.50,8.35
2022-05-02 19:24:06,2.66,236,74,19,0,0,0,1,0,12.50,15.82
2022-05-02 19:25:29,2.51,140,137,19,0,0,0,1,0,10.00,9.60
2022-05-02 19:25:38,1.10,142,163,19,0,0,0,1,0,6.00,6.60
2022-05-02 19:31:28,4.58,107,238,19,0,0,0,1,0,19.95,20.93
2022-05-02 19:33:59,0.90,143,239,19,0,0,0,1,0,5.50,4.45
2022-05-02 19:36:24,2.31,238,50,19,0,0,0,1,0,9.00,7.32
2022-05-02 19:36:42,4.78,236,114,19,0,0,0,1,0,18.50,23.33
2022-05-02 19:36:44,4.62,9,93,19,0,0,0,1,0,14.00,9.03
2022-05-02 19:38:49,3.02,148,229,19,0,0,0,1,0,11.50,11.73
2022-05-02 19:42:14,1.31,142,238,19,0,0,0,1,0,6.00,4.27
2022-05-02 19:48:43,0.10,170,137,19,0,0,0,1,0,3.00,1.78
2022-05-02 19:56:01,0.64,141,237,19,0,0,0,1,0,4.50,3.87
2022-05-02 19:56:14,0.66,142,142,19,0,0,0,1,0,5.00,3.92
2022-05-02 19:58:31,0.99,164,224,19,0,0,0,1,0,6.00,6.55
2022-05-02 19:59:37,3.49,161,45,19,0,0,0,1,0,14.50,17.72
2022-05-02 20:00:45,1.10,142,230,20,0,0,0,0,0,7.00,7.15
2022-05-02 20:01:31,1.89,246,239,20,0,0,0,0,0,8.00,7.45
2022-05-02 20:03:21,2.40,162,236,20,0,0,0,0,0,11.50,12.67
2022-05-02 20:13:00,3.59,68,263,20,0,0,0,0,0,16.17,17.00
2022-05-02 20:13:18,0.90,237,162,20,0,0,0,0,0,5.00,4.07
2022-05-02 20:14:47,2.41,113,163,20,0,0,0,0,0,10.00,11.15
2022-05-02 20:22:03,1.29,161,163,20,0,0,0,0,0,6.00,5.68
2022-05-02 20:23:28,2.50,170,249,20,0,0,0,0,0,11.50,13.85
2022-05-02 20:24:32,1.94,162,48,20,0,0,0,0,0,9.00,10.55
2022-05-02 20:25:51,2.32,163,234,20,0,0,0,0,0,10.50,12.18
2022-05-02 20:32:39,0.68,68,158,20,0,0,0,0,0,4.00,1.63
2022-05-02 20:36:47,1.30,237,142,20,0,0,0,0,0,8.00,9.72
2022-05-02 20:38:35,2.35,231,33,20,0,0,0,0,0,10.00,10.93
2022-05-02 20:41:44,2.24,144,232,20,0,0,0,0,0,10.00,10.00
2022-05-02 20:42:53,1.53,234,230,20,0,0,0,0,0,8.50,9.70
2022-05-02 20:49:00,6.84,48,65,20,0,0,0,0,0,25.60,29.00
2022-05-02 20:55:55,1.10,162,230,20,0,0,0,0,0,5.50,5.07
2022-05-02 20:57:38,1.09,237,236,20,0,0,0,0,0,7.00,7.20
2022-05-02 20:57:53,1.10,161,141,20,0,0,0,0,0,7.00,7.87
2022-05-02 21:00:12,2.46,237,234,21,0,0,0,0,0,9.50,10.40
2022-05-02 21:00:16,20.21,132,140,21,0,1,0,0,0,52.00,30.50
2022-05-02 21:00:42,0.70,142,143,21,0,0,0,0,0,5.00,4.40
2022-05-02 21:02:06,2.50,113,162,21,0,0,0,0,0,11.50,12.98
2022-05-02 21:09:06,2.68,237,151,21,0,0,0,0,0,11.50,13.70
2022-05-02 21:12:25,3.05,90,229,21,0,0,0,0,0,12.00,13.23
2022-05-02 21:13:03,7.68,237,231,21,0,0,0,0,0,23.50,16.95
2022-05-02 21:18:25,1.85,170,90,21,0,0,0,0,0,8.50,8.40
2022-05-02 21:23:20,4.26,238,90,21,0,0,0,0,0,15.50,16.27
2022-05-02 21:24:07,15.62,138,87,21,0,1,0,0,0,43.00,28.68
2022-05-02 21:24:36,1.64,107,229,21,0,0,0,0,0,6.50,5.50
2022-05-02 21:25:25,17.50,132,161,21,0,1,0,0,0,52.00,26.55
2022-05-02 21:25:55,2.30,238,166,21,0,0,0,0,0,10.00,10.45
2022-05-02 21:29:56,1.30,141,263,21,0,0,0,0,0,5.50,3.65
2022-05-02 21:31:07,18.30,132,75,21,0,1,0,0,0,52.00,26.60
2022-05-02 21:39:00,8.64,162,66,21,0,0,0,0,0,27.50,25.90
2022-05-02 21:41:52,1.65,164,224,21,0,0,0,0,0,8.00,8.37
2022-05-02 21:44:17,1.05,249,186,21,0,0,0,0,0,5.50,3.83
2022-05-02 21:45:14,4.07,239,137,21,0,0,0,0,0,17.00,21.08
2022-05-02 21:46:01,2.60,162,236,21,0,0,0,0,0,11.50,13.43
2022-05-02 21:46:04,6.89,166,226,21,0,0,0,0,0,25.00,31.28
2022-05-02 21:50:40,2.34,186,229,21,0,0,0,0,0,11.00,13.10
2022-05-02 21:56:01,2.00,100,237,21,0,0,0,0,0,9.50,10.95
2022-05-02 21:57:42,2.10,246,43,21,0,0,0,0,0,8.50,8.12
2022-05-02 21:58:45,5.57,166,68,21,0,0,0,0,0,19.00,16.18
2022-05-02 21:59:14,1.17,162,141,21,0,0,0,0,0,5.00,3.13
2022-05-02 21:59:20,2.00,238,237,21,0,0,0,0,0,11.00,13.22
2022-05-02 22:02:11,17.80,132,144,22,0,1,0,0,0,52.00,30.38
2022-05-02 22:05:10,2.17,211,68,22,0,0,0,0,0,9.00,9.15
2022-05-02 22:09:46,5.40,249,181,22,0,0,0,0,0,20.00,22.92
2022-05-02 22:12:07,0.73,43,75,22,0,0,0,0,0,5.00,4.72
2022-05-02 22:18:53,1.30,100,164,22,0,0,0,0,0,6.00,8.98
2022-05-02 22:19:35,21.05,132,263,22,0,1,0,0,0,52.00,38.17
2022-05-02 22:20:39,3.35,48,231,22,0,0,0,0,0,12.00,12.35
2022-05-02 22:25:55,1.69,162,141,22,0,0,0,0,0,7.00,5.92
2022-05-02 22:26:49,5.16,125,112,22,0,0,0,0,0,18.00,18.47
2022-05-02 22:29:19,7.34,231,24,22,0,0,0,0,0,25.50,25.43
2022-05-02 22:30:46,0.42,263,75,22,0,0,0,0,0,4.00,2.67
2022-05-02 22:33:03,6.40,239,244,22,0,0,0,0,0,20.50,15.85
2022-05-02 22:36:12,1.81,158,48,22,0,0,0,0,0,7.50,6.25
2022-05-02 22:36:51,0.83,230,43,22,0,0,0,0,0,4.50,2.98
2022-05-02 22:39:39,3.50,79,97,22,0,0,0,0,0,14.50,15.62
2022-05-02 22:46:31,13.72,132,188,22,0,1,0,0,0,40.50,37.33
2022-05-02 22:49:40,3.83,125,25,22,0,0,0,0,0,14.00,13.85
2022-05-02 23:12:11,10.83,48,198,23,0,0,0,0,0,35.50,38.13
2022-05-02 23:16:14,9.90,138,90,23,0,1,0,0,0,28.50,20.83
2022-05-02 23:19:55,1.30,161,170,23,0,0,0,0,0,7.50,8.90
2022-05-02 23:23:00,12.77,132,201,23,0,1,0,0,0,37.00,28.43
2022-05-02 23:27:51,1.62,68,125,23,0,0,0,0,0,8.00,8.63
2022-05-02 23:34:04,14.51,132,7,23,0,1,0,0,0,42.00,27.60
2022-05-02 23:37:10,0.94,107,79,23,0,0,0,0,0,4.50,2.10
2022-05-02 23:45:04,1.06,79,249,23,0,0,0,0,0,7.50,8.32
2022-05-02 23:50:00,4.05,231,237,23,0,0,0,0,0,17.97,20.00
2022-05-02 23:57:54,6.55,70,198,23,0,0,0,0,0,20.50,17.53
2022-05-03 00:09:05,4.80,230,24,0,1,0,0,0,0,18.00,17.52
2022-05-03 00:14:57,17.11,132,182,0,1,1,0,0,0,46.00,23.23
2022-05-03 00:22:03,0.99,186,48,0,1,0,0,0,0,6.00,6.05
2022-05-03 00:26:12,2.20,132,132,0,1,1,0,0,0,9.00,7.33
2022-05-03 00:27:22,2.83,142,137,0,1,0,0,0,0,13.42,10.83
2022-05-03 00:35:59,1.98,141,75,0,1,0,0,0,0,7.00,4.62
2022-05-03 00:45:43,5.88,142,261,0,1,0,0,0,0,20.00,20.83
2022-05-03 01:26:38,1.46,249,234,1,1,0,0,0,0,6.50,5.93
2022-05-03 02:25:42,1.56,48,237,2,1,0,0,0,0,7.00,6.47
2022-05-03 03:27:56,4.24,158,88,3,1,0,0,0,0,15.50,15.68
2022-05-03 03:44:16,8.74,226,69,3,1,0,0,0,0,26.00,19.00
2022-05-03 04:08:24,1.47,79,170,4,1,0,0,0,0,8.75,4.80
2022-05-03 05:45:31,0.80,234,170,5,1,0,0,0,0,5.50,4.55
2022-05-03 05:46:24,19.72,132,75,5,1,1,0,0,0,52.00,33.02
2022-05-03 05:54:09,0.92,100,230,5,1,0,0,0,0,5.00,4.27
2022-05-03 06:14:11,19.08,132,236,6,1,1,0,0,0,52.00,41.98
2022-05-03 06:15:54,19.80,132,40,6,1,1,0,0,0,56.00,55.25
2022-05-03 06:19:00,2.33,151,142,6,1,0,0,0,0,11.74,9.00
2022-05-03 06:29:08,2.90,238,141,6,1,0,0,0,0,11.50,11.37
2022-05-03 06:31:24,18.30,132,41,6,1,1,0,0,0,52.00,54.70
2022-05-03 06:46:10,2.70,249,163,6,1,0,0,0,0,10.50,10.07
2022-05-03 06:51:13,0.51,237,236,6,1,0,0,0,0,3.50,1.53
2022-05-03 06:58:23,1.10,141,236,6,1,0,0,0,0,6.00,4.85
2022-05-03 07:05:33,1.34,263,43,7,1,0,1,0,0,7.00,7.52
2022-05-03 07:17:10,1.11,114,158,7,1,0,1,0,0,6.00,5.20
2022-05-03 07:19:13,1.62,186,137,7,1,0,1,0,0,9.00,12.12
2022-05-03 07:26:10,2.62,114,161,7,1,0,1,0,0,11.00,13.08
2022-05-03 07:33:43,2.20,236,41,7,1,0,1,0,0,9.00,9.23
2022-05-03 07:34:57,3.20,113,237,7,1,0,1,0,0,13.50,16.38
2022-05-03 07:36:02,1.88,237,161,7,1,0,1,0,0,8.00,7.17
2022-05-03 07:40:43,16.76,230,132,7,1,1,1,0,0,52.00,53.47
2022-05-03 07:42:16,0.94,263,262,7,1,0,1,0,0,6.50,7.10
2022-05-03 07:46:45,2.00,263,142,7,1,0,1,0,0,9.50,12.90
2022-05-03 07:57:56,18.45,132,163,7,1,1,1,0,0,52.00,56.90
2022-05-03 08:06:49,2.30,236,161,8,1,0,1,0,0,12.00,16.35
2022-05-03 08:08:58,0.67,166,166,8,1,0,1,0,0,4.00,2.22
2022-05-03 08:17:45,1.32,231,211,8,1,0,1,0,0,11.00,16.33
2022-05-03 08:18:13,3.10,262,170,8,1,0,1,0,0,12.00,11.68
2022-05-03 08:21:59,0.43,52,33,8,1,0,1,0,0,5.50,6.60
2022-05-03 08:22:34,0.93,164,234,8,1,0,1,0,0,5.50,4.60
2022-05-03 08:27:53,1.50,140,162,8,1,0,1,0,0,8.00,9.58
2022-05-03 08:29:41,4.52,142,231,8,1,0,1,0,0,19.00,26.58
2022-05-03 08:41:04,1.00,230,246,8,1,0,1,0,0,7.00,7.38
2022-05-03 08:44:26,1.00,151,239,8,1,0,1,0,0,7.50,10.03
2022-05-03 08:46:00,2.50,142,24,8,1,0,1,0,0,9.50,8.83
2022-05-03 08:54:30,2.11,236,161,8,1,0,1,0,0,9.50,10.58
2022-05-03 08:56:20,18.82,132,132,8,1,1,1,0,0,52.00,85.97
2022-05-03 08:56:27,0.90,231,261,8,1,0,1,0,0,9.00,13.97
2022-05-03 09:07:55,1.03,48,68,9,1,0,1,0,0,7.00,8.17
2022-05-03 09:11:42,1.67,114,164,9,1,0,1,0,0,9.50,11.92
2022-05-03 09:12:32,1.23,186,161,9,1,0,1,0,0,9.00,13.00
2022-05-03 09:14:08,11.78,138,164,9,1,1,1,0,0,41.00,46.83
2022-05-03 09:18:16,3.80,68,232,9,1,0,1,0,0,16.50,18.68
2022-05-03 09:18:51,1.65,162,107,9,1,0,1,0,0,9.00,10.28
2022-05-03 09:27:03,1.66,48,162,9,1,0,1,0,0,11.00,15.23
2022-05-03 09:28:55,3.56,231,170,9,1,0,1,0,0,22.00,35.03
2022-05-03 09:29:40,2.35,238,152,9,1,0,1,0,0,11.00,12.65
2022-05-03 09:30:53,2.05,230,43,9,1,0,1,0,0,12.50,17.82
2022-05-03 09:32:31,5.24,100,209,9,1,0,1,0,0,21.50,25.35
2022-05-03 09:33:37,1.42,236,140,9,1,0,1,0,0,7.00,7.60
2022-05-03 09:37:16,17.00,138,231,9,1,1,1,0,0,50.50,43.58
2022-05-03 09:38:03,4.81,231,142,9,1,0,1,0,0,21.00,25.52
2022-05-03 09:39:02,0.99,170,161,9,1,0,1,0,0,7.00,8.82
2022-05-03 09:41:02,1.00,229,141,9,1,0,1,0,0,7.00,9.07
2022-05-03 09:43:01,1.40,90,246,9,1,0,1,0,0,8.00,11.12
2022-05-03 09:44:49,1.79,262,162,9,1,0,1,0,0,8.00,8.73
2022-05-03 09:47:26,1.29,236,163,9,1,0,1,0,0,8.00,9.20
2022-05-03 09:51:24,17.40,161,1,9,1,1,1,0,0,66.50,33.57
2022-05-03 09:53:00,2.79,224,140,9,1,0,1,0,0,12.55,9.00
2022-05-03 09:54:21,1.25,107,233,9,1,0,1,0,0,7.50,8.00
2022-05-03 09:54:31,2.30,237,74,9,1,0,1,0,0,8.50,6.88
2022-05-03 09:57:03,1.07,230,164,9,1,0,1,0,0,6.50,6.55
2022-05-03 09:59:11,17.40,186,132,9,1,1,1,0,0,52.00,43.32
2022-05-03 10:01:31,1.26,186,161,10,1,0,0,0,0,10.00,14.87
2022-05-03 10:08:41,0.85,140,263,10,1,0,0,0,0,5.50,5.32
2022-05-03 10:08:43,9.10,70,90,10,1,0,0,0,0,37.00,46.05
2022-05-03 10:26:07,1.20,125,68,10,1,0,0,0,0,7.00,9.73
2022-05-03 10:26:55,0.79,161,163,10,1,0,0,0,0,5.50,5.98
2022-05-03 10:34:30,17.27,230,132,10,1,1,0,0,0,52.00,35.50
2022-05-03 10:35:23,0.50,141,140,10,1,0,0,0,0,6.00,7.35
2022-05-03 10:37:31,0.65,170,137,10,1,0,0,0,0,6.50,7.78
2022-05-03 10:37:45,2.50,79,246,10,1,0,0,0,0,13.50,17.77
2022-05-03 10:39:53,0.70,79,211,10,1,0,0,0,0,6.00,6.78
2022-05-03 10:41:50,1.48,229,262,10,1,0,0,0,0,7.50,7.98
2022-05-03 10:43:05,21.30,132,230,10,1,1,0,0,0,52.00,74.03
2022-05-03 10:47:31,2.67,262,74,10,1,0,0,0,0,9.50,8.87
2022-05-03 10:48:46,1.64,236,140,10,1,0,0,0,0,10.50,13.97
2022-05-03 10:50:54,1.35,161,186,10,1,0,0,0,0,8.50,10.72
2022-05-03 10:55:08,10.53,90,14,10,1,0,0,0,0,34.50,34.77
2022-05-03 10:55:54,10.80,138,50,10,1,1,0,0,0,36.00,43.97
2022-05-03 10:56:34,4.44,230,13,10,1,0,0,0,0,19.00,24.07
2022-05-03 10:57:48,0.74,237,236,10,1,0,0,0,0,6.00,6.60
2022-05-03 10:58:52,15.61,132,93,10,1,1,0,0,0,47.50,42.60
2022-05-03 11:00:47,0.90,43,236,11,1,0,0,0,0,7.00,8.58
2022-05-03 11:03:38,1.49,249,170,11,1,0,0,0,0,10.00,13.02
2022-05-03 11:04:04,1.90,141,239,11,1,0,0,0,0,12.00,17.28
2022-05-03 11:05:27,9.61,163,138,11,1,1,0,0,0,34.00,35.98
2022-05-03 11:06:04,1.90,186,211,11,1,0,0,0,0,9.50,11.75
2022-05-03 11:08:15,8.93,161,138,11,1,1,0,0,0,33.50,40.18
2022-05-03 11:14:59,1.78,236,143,11,1,0,0,0,0,9.50,12.07
2022-05-03 11:18:40,1.06,48,143,11,1,0,0,0,0,6.50,6.77
2022-05-03 11:20:21,1.36,229,161,11,1,0,0,0,0,9.50,12.95
2022-05-03 11:20:45,2.01,236,163,11,1,0,0,0,0,13.00,18.68
2022-05-03 11:23:41,1.29,163,246,11,1,0,0,0,0,7.50,8.83
2022-05-03 11:26:07,3.30,236,234,11,1,0,0,0,0,17.50,26.65
2022-05-03 11:27:32,4.66,170,80,11,1,0,0,0,0,22.94,32.12
2022-05-03 11:29:51,12.01,244,65,11,1,0,0,0,0,40.50,43.70
2022-05-03 11:29:58,1.33,142,237,11,1,0,0,0,0,11.00,15.42
2022-05-03 11:30:38,2.00,48,246,11,1,0,0,0,0,9.50,10.48
2022-05-03 11:31:44,0.75,229,141,11,1,0,0,0,0,6.00,7.33
2022-05-03 11:35:19,2.70,50,249,11,1,0,0,0,0,13.50,18.63
2022-05-03 11:35:51,1.60,230,186,11,1,0,0,0,0,9.50,13.15
2022-05-03 11:36:11,10.08,138,237,11,1,1,0,0,0,31.50,31.22
2022-05-03 11:42:27,0.38,100,230,11,1,0,0,0,0,4.00,3.33
2022-05-03 11:44:14,2.60,162,75,11,1,0,0,0,0,11.00,13.37
2022-05-03 11:44:43,0.99,142,237,11,1,0,0,0,0,7.00,7.52
2022-05-03 11:47:11,1.24,79,107,11,1,0,0,0,0,6.00,5.42
2022-05-03 11:49:52,2.78,107,141,11,1,0,0,0,0,14.00,19.27
2022-05-03 11:50:13,2.50,162,75,11,1,0,0,0,0,10.50,13.10
2022-05-03 11:53:49,2.06,236,162,11,1,0,0,0,0,16.50,27.48
2022-05-03 11:58:25,1.10,230,143,11,1,0,0,0,0,6.50,6.73
2022-05-03 11:58:49,3.10,163,41,11,1,0,0,0,0,12.50,19.67
2022-05-03 11:59:04,16.78,161,132,11,1,1,0,0,0,52.00,33.85
2022-05-03 11:59:32,2.00,229,263,11,1,0,0,0,0,11.50,16.15
2022-05-03 12:00:44,8.38,138,233,12,1,1,0,0,0,26.50,24.67
2022-05-03 12:00:59,1.93,107,230,12,1,0,0,0,0,14.50,22.85
2022-05-03 12:03:51,1.20,43,237,12,1,0,0,0,0,10.00,14.72
2022-05-03 12:04:13,2.10,229,164,12,1,0,0,0,0,13.50,19.75
2022-05-03 12:09:48,17.40,68,132,12,1,1,0,0,0,52.00,46.60
2022-05-03 12:12:03,2.23,144,170,12,1,0,0,0,0,10.50,13.08
2022-05-03 12:12:15,1.28,161,237,12,1,0,0,0,0,10.00,14.13
2022-05-03 12:13:25,3.20,138,143,12,1,1,0,0,0,50.00,36.95
2022-05-03 12:16:10,0.85,68,100,12,1,0,0,0,0,8.50,11.95
2022-05-03 12:19:01,0.67,142,163,12,1,0,0,0,0,4.50,3.28
2022-05-03 12:19:15,0.60,48,142,12,1,0,0,0,0,4.50,3.28
2022-05-03 12:19:31,1.66,161,113,12,1,0,0,0,0,8.50,10.10
2022-05-03 12:19:56,0.86,236,237,12,1,0,0,0,0,6.50,7.35
2022-05-03 12:20:47,1.41,244,243,12,1,0,0,0,0,8.50,10.55
2022-05-03 12:23:08,1.19,142,48,12,1,0,0,0,0,7.00,7.85
2022-05-03 12:28:27,2.76,229,75,12,1,0,0,0,0,13.00,17.82
2022-05-03 12:28:49,1.03,141,229,12,1,0,0,0,0,7.00,8.53
2022-05-03 12:30:25,1.45,229,170,12,1,0,0,0,0,9.00,11.60
2022-05-03 12:31:24,1.50,43,238,12,1,0,0,0,0,8.50,9.27
2022-05-03 12:32:59,2.37,246,163,12,1,0,0,0,0,11.00,13.20
2022-05-03 12:33:16,2.56,233,148,12,1,0,0,0,0,11.00,12.65
2022-05-03 12:35:09,2.27,230,249,12,1,0,0,0,0,14.50,21.67
2022-05-03 12:35:44,0.80,237,141,12,1,0,0,0,0,6.00,6.88
2022-05-03 12:38:38,1.81,140,233,12,1,0,0,0,0,8.00,6.90
2022-05-03 12:39:54,0.73,107,68,12,1,0,0,0,0,6.50,7.70
2022-05-03 12:42:29,2.40,239,229,12,1,0,0,0,0,13.00,21.15
2022-05-03 12:42:51,2.70,230,79,12,1,0,0,0,0,13.50,18.77
2022-05-03 12:44:35,0.37,237,237,12,1,0,0,0,0,7.50,10.02
2022-05-03 12:50:05,20.25,132,42,12,1,1,0,0,0,52.00,41.20
2022-05-03 12:51:49,1.90,170,246,12,1,0,0,0,0,9.50,11.15
2022-05-03 12:52:36,6.80,237,88,12,1,0,0,0,0,22.50,20.65
2022-05-03 12:54:16,1.30,141,161,12,1,0,0,0,0,8.50,11.20
2022-05-03 12:54:58,8.00,138,262,12,1,1,0,0,0,25.00,21.77
2022-05-03 12:58:20,0.40,140,140,12,1,0,0,0,0,4.50,4.47
2022-05-03 13:03:13,6.36,137,49,13,1,0,0,0,0,26.50,34.78
2022-05-03 13:05:01,1.30,230,90,13,1,0,0,0,0,10.50,16.28
2022-05-03 13:05:12,1.30,249,186,13,1,0,0,0,0,7.00,7.42
2022-05-03 13:08:39,1.00,234,246,13,1,0,0,0,0,7.50,10.10
2022-05-03 13:11:29,1.42,237,43,13,1,0,0,0,0,9.50,11.42
2022-05-03 13:14:31,1.60,238,236,13,1,0,0,0,0,8.50,9.70
2022-05-03 13:14:38,21.20,132,45,13,1,1,0,0,0,52.00,48.82
2022-05-03 13:15:02,0.80,170,162,13,1,0,0,0,0,6.00,7.22
2022-05-03 13:18:47,1.64,162,237,13,1,0,0,0,0,10.50,14.40
2022-05-03 13:22:59,2.35,161,68,13,1,0,0,0,0,12.00,15.88
2022-05-03 13:26:10,1.21,164,162,13,1,0,0,0,0,9.00,12.32
2022-05-03 13:27:06,2.09,43,48,13,1,0,0,0,0,11.00,14.07
2022-05-03 13:28:20,0.64,236,141,13,1,0,0,0,0,7.00,8.95
2022-05-03 13:35:58,1.67,230,141,13,1,0,0,0,0,10.00,14.02
2022-05-03 13:37:51,2.85,141,238,13,1,0,0,0,0,15.50,22.20
2022-05-03 13:41:07,1.09,161,100,13,1,0,0,0,0,8.00,11.02
2022-05-03 13:41:33,1.60,186,170,13,1,0,0,0,0,13.00,20.33
2022-05-03 13:43:06,0.91,236,237,13,1,0,0,0,0,6.00,6.33
2022-05-03 13:47:17,1.46,100,234,13,1,0,0,0,0,8.50,10.90
2022-05-03 13:48:59,1.59,143,151,13,1,0,0,0,0,7.00,6.75
2022-05-03 13:56:15,1.29,50,246,13,1,0,0,0,0,6.00,4.67
2022-05-03 13:59:41,5.15,125,50,13,1,0,0,0,0,23.00,36.52
2022-05-03 14:00:03,3.20,90,239,14,1,0,0,0,0,15.00,19.62
2022-05-03 14:04:22,11.16,132,173,14,1,1,0,0,0,33.00,31.67
2022-05-03 14:04:25,1.90,229,236,14,1,0,0,0,0,9.50,12.42
2022-05-03 14:06:29,3.50,79,142,14,1,0,0,0,0,17.50,25.10
2022-05-03 14:07:11,5.48,107,179,14,1,0,0,0,0,23.00,31.17
2022-05-03 14:08:17,1.62,163,141,14,1,0,0,0,0,12.00,17.83
2022-05-03 14:10:43,0.62,230,163,14,1,0,0,0,0,4.50,3.78
2022-05-03 14:14:28,1.06,161,237,14,1,0,0,0,0,11.00,16.20
2022-05-03 14:16:50,2.03,186,114,14,1,0,0,0,0,11.00,14.98
2022-05-03 14:17:07,0.80,141,263,14,1,0,0,0,0,5.50,5.57
2022-05-03 14:17:38,1.30,140,141,14,1,0,0,0,0,11.00,15.98
2022-05-03 14:17:55,1.06,239,238,14,1,0,0,0,0,6.00,5.93
2022-05-03 14:21:32,0.66,161,141,14,1,0,0,0,0,6.00,7.12
2022-05-03 14:21:46,17.98,132,113,14,1,1,0,0,0,52.00,44.77
2022-05-03 14:23:03,0.20,211,144,14,1,0,0,0,0,5.50,6.30
2022-05-03 14:24:56,1.88,231,158,14,1,0,0,0,0,11.00,14.68
2022-05-03 14:25:42,1.41,246,107,14,1,0,0,0,0,9.42,16.62
2022-05-03 14:25:56,2.30,166,42,14,1,0,0,0,0,14.00,19.98
2022-05-03 14:25:59,1.49,186,113,14,1,0,0,0,0,8.50,11.13
2022-05-03 14:26:48,1.93,238,163,14,1,0,0,0,0,10.00,12.65
2022-05-03 14:33:39,22.60,132,231,14,1,1,0,0,0,52.00,65.13
2022-05-03 14:34:29,1.40,170,68,14,1,0,0,0,0,10.00,13.85
2022-05-03 14:36:34,1.12,162,237,14,1,0,0,0,0,8.50,11.92
2022-05-03 14:37:10,3.19,246,148,14,1,0,0,0,0,15.50,20.35
2022-05-03 14:39:59,0.61,161,163,14,1,0,0,0,0,6.00,7.53
2022-05-03 14:43:40,9.43,138,113,14,1,1,0,0,0,31.00,31.90
2022-05-03 14:44:08,1.92,237,239,14,1,0,0,0,0,13.00,18.68
2022-05-03 14:44:14,1.64,231,249,14,1,0,0,0,0,7.50,7.10
2022-05-03 14:45:45,3.50,107,236,14,1,0,0,0,0,17.50,25.22
2022-05-03 14:46:05,0.71,164,161,14,1,0,0,0,0,4.00,2.68
2022-05-03 14:47:45,2.86,162,158,14,1,0,0,0,0,15.50,22.30
2022-05-03 14:52:02,1.70,238,75,14,1,0,0,0,0,11.00,14.85
2022-05-03 14:52:24,1.10,137,186,14,1,0,0,0,0,12.50,20.57
2022-05-03 14:52:37,1.50,170,237,14,1,0,0,0,0,9.50,13.12
2022-05-03 14:54:19,2.20,164,237,14,1,0,0,0,0,12.50,16.43
2022-05-03 14:56:32,3.45,100,151,14,1,0,0,0,0,15.00,19.45
2022-05-03 15:05:50,0.60,43,237,15,1,0,0,0,0,6.00,7.18
2022-05-03 15:06:54,1.70,249,231,15,1,0,0,0,0,9.00,10.77
2022-05-03 15:07:49,3.20,246,143,15,1,0,0,0,0,15.00,19.55
2022-05-03 15:13:40,16.97,68,132,15,1,1,0,0,0,52.00,72.07
2022-05-03 15:15:27,2.05,237,186,15,1,0,0,0,0,11.50,16.13
2022-05-03 15:17:17,1.38,137,79,15,1,0,0,0,0,7.50,8.63
2022-05-03 15:18:25,1.90,236,163,15,1,0,0,0,0,16.00,25.72
2022-05-03 15:20:03,5.60,164,13,15,1,0,0,0,0,21.00,23.58
2022-05-03 15:23:18,2.19,262,239,15,1,0,0,0,0,13.00,18.90
2022-05-03 15:23:25,2.30,237,137,15,1,0,0,0,0,12.00,16.18
2022-05-03 15:23:40,0.90,236,263,15,1,0,0,0,0,7.50,8.68
2022-05-03 15:23:40,1.75,141,161,15,1,0,0,0,0,10.00,13.53
2022-05-03 15:23:44,0.84,161,43,15,1,0,0,0,0,6.00,6.97
2022-05-03 15:23:45,1.20,170,164,15,1,0,0,0,0,11.00,16.67
2022-05-03 15:24:42,3.26,262,107,15,1,0,0,0,0,13.50,14.87
2022-05-03 15:26:04,11.79,132,17,15,1,1,0,0,0,42.50,49.52
2022-05-03 15:28:21,1.34,238,151,15,1,0,0,0,0,8.00,10.15
2022-05-03 15:28:45,2.26,164,143,15,1,0,0,0,0,13.00,19.08
2022-05-03 15:30:14,2.02,100,142,15,1,0,0,0,0,10.50,13.93
2022-05-03 15:32:09,1.24,249,79,15,1,0,0,0,0,9.00,12.65
2022-05-03 15:32:40,1.85,161,113,15,1,0,0,0,0,11.50,16.02
2022-05-03 15:35:03,1.58,137,141,15,1,0,0,0,0,9.00,11.70
2022-05-03 15:38:49,0.90,164,234,15,1,0,0,0,0,6.50,7.40
2022-05-03 15:40:00,5.24,170,166,15,1,0,0,0,0,26.74,41.00
2022-05-03 15:41:04,5.20,238,244,15,1,0,0,0,0,18.00,23.18
2022-05-03 15:41:43,1.55,237,48,15,1,0,0,0,0,10.50,15.30
2022-05-03 15:49:00,1.10,163,230,15,1,0,0,0,0,7.50,9.15
2022-05-03 15:49:22,1.42,239,142,15,1,0,0,0,0,9.00,11.03
2022-05-03 15:49:54,2.50,230,236,15,1,0,0,0,0,14.50,20.75
2022-05-03 15:50:17,18.90,132,255,15,1,1,0,0,0,44.00,44.12
2022-05-03 15:50:53,1.71,236,140,15,1,0,0,0,0,11.00,16.27
2022-05-03 15:55:30,22.86,132,14,15,1,1,0,0,0,62.00,48.58
2022-05-03 15:56:52,0.40,161,233,15,1,0,0,0,0,5.00,4.68
2022-05-03 15:57:12,3.30,231,48,15,1,0,0,0,0,15.00,17.43
2022-05-03 15:59:08,1.86,237,238,15,1,0,0,0,0,11.00,15.08
2022-05-03 16:00:15,0.80,237,237,16,1,0,0,1,0,6.00,7.25
2022-05-03 16:03:32,3.96,107,88,16,1,0,0,1,0,14.00,12.33
2022-05-03 16:05:55,3.90,137,75,16,1,0,0,1,0,14.50,16.80
2022-05-03 16:07:06,3.75,163,166,16,1,0,0,1,0,17.00,22.03
2022-05-03 16:07:21,1.00,231,211,16,1,0,0,1,0,6.00,6.38
2022-05-03 16:07:30,1.06,161,237,16,1,0,0,1,0,7.50,9.28
2022-05-03 16:07:34,0.89,229,237,16,1,0,0,1,0,6.00,6.40
2022-05-03 16:10:25,1.95,161,236,16,1,0,0,1,0,11.00,14.75
2022-05-03 16:11:20,3.15,161,236,16,1,0,0,1,0,15.50,22.52
2022-05-03 16:11:39,3.08,239,233,16,1,0,0,1,0,17.50,25.78
2022-05-03 16:13:40,2.09,161,234,16,1,0,0,1,0,10.00,12.70
2022-05-03 16:14:12,0.90,144,79,16,1,0,0,1,0,8.00,10.57
2022-05-03 16:16:27,3.20,140,224,16,1,0,0,1,0,13.00,14.18
2022-05-03 16:16:51,2.80,186,125,16,1,0,0,1,0,17.50,28.00
2022-05-03 16:17:43,0.60,186,164,16,1,0,0,1,0,6.00,7.20
2022-05-03 16:20:46,7.73,237,217,16,1,0,0,1,0,33.60,45.58
2022-05-03 16:23:00,2.07,75,237,16,1,0,0,1,0,11.50,16.20
2022-05-03 16:23:12,2.62,13,148,16,1,0,0,1,0,12.50,14.07
2022-05-03 16:23:46,10.60,138,142,16,1,1,0,1,0,33.50,37.92
2022-05-03 16:26:22,5.11,234,189,16,1,0,0,1,0,26.50,40.97
2022-05-03 16:32:52,0.70,237,236,16,1,0,0,1,0,5.50,6.12
2022-05-03 16:32:55,2.00,170,163,16,1,0,0,1,0,11.00,14.55
2022-05-03 16:36:28,3.70,137,75,16,1,0,0,1,0,14.50,17.90
2022-05-03 16:36:41,1.20,237,140,16,1,0,0,1,0,9.50,12.68
2022-05-03 16:39:31,0.99,229,140,16,1,0,0,1,0,7.00,8.38
2022-05-03 16:42:09,1.45,48,170,16,1,0,0,1,0,10.00,13.60
2022-05-03 16:44:14,1.22,164,230,16,1,0,0,1,0,8.00,10.03
2022-05-03 16:48:45,18.37,132,68,16,1,1,0,1,0,52.00,57.92
2022-05-03 16:48:46,0.90,249,113,16,1,0,0,1,0,6.00,6.88
2022-05-03 16:50:00,1.95,162,107,16,1,0,0,1,0,9.00,10.48
2022-05-03 16:53:20,1.02,170,100,16,1,0,0,1,0,9.00,13.00
2022-05-03 16:53:54,0.80,230,186,16,1,0,0,1,0,6.00,6.67
2022-05-03 16:56:21,2.27,237,230,16,1,0,0,1,0,14.50,21.48
2022-05-03 16:56:51,0.90,161,229,16,1,0,0,1,0,7.50,9.08
2022-05-03 16:57:40,0.70,237,263,16,1,0,0,1,0,6.00,6.43
2022-05-03 16:59:16,2.31,238,263,16,1,0,0,1,0,10.50,12.95
2022-05-03 17:02:03,2.10,161,170,17,1,0,0,1,0,10.50,13.70
2022-05-03 17:02:43,0.80,237,163,17,1,0,0,1,0,5.50,5.42
2022-05-03 17:05:55,1.60,246,163,17,1,0,0,1,0,9.50,12.13
2022-05-03 17:15:32,2.25,236,170,17,1,0,0,1,0,12.00,16.95
2022-05-03 17:19:28,1.68,186,163,17,1,0,0,1,0,10.00,13.40
2022-05-03 17:19:29,2.10,246,230,17,1,0,0,1,0,11.00,13.87
2022-05-03 17:19:35,1.60,90,170,17,1,0,0,1,0,10.00,13.95
2022-05-03 17:23:32,1.95,162,50,17,1,0,0,1,0,14.00,20.92
2022-05-03 17:23:45,2.00,162,236,17,1,0,0,1,0,11.00,14.42
2022-05-03 17:24:52,2.36,140,170,17,1,0,0,1,0,12.50,17.78
2022-05-03 17:28:57,1.00,236,237,17,1,0,0,1,0,7.00,7.48
2022-05-03 17:29:32,1.68,239,166,17,1,0,0,1,0,8.50,9.23
2022-05-03 17:31:08,1.00,68,246,17,1,0,0,1,0,6.00,6.25
2022-05-03 17:33:52,1.91,164,79,17,1,0,0,1,0,9.00,10.67
2022-05-03 17:35:20,2.49,246,161,17,1,0,0,1,0,15.50,24.42
2022-05-03 17:37:11,1.79,90,79,17,1,0,0,1,0,10.02,11.18
2022-05-03 17:38:37,2.68,234,142,17,1,0,0,1,0,14.00,19.98
2022-05-03 17:38:58,2.42,48,238,17,1,0,0,1,0,12.00,15.82
2022-05-03 17:39:09,0.91,137,107,17,1,0,0,1,0,5.00,4.60
2022-05-03 17:39:33,0.50,262,262,17,1,0,0,1,0,3.50,1.62
2022-05-03 17:42:20,0.80,234,107,17,1,0,0,1,0,5.50,5.10
2022-05-03 17:43:24,0.40,233,170,17,1,0,0,1,0,4.50,3.97
2022-05-03 17:43:36,1.00,68,158,17,1,0,0,1,0,5.50,4.92
2022-05-03 17:43:50,1.43,163,50,17,1,0,0,1,0,13.00,21.18
2022-05-03 17:44:05,1.90,68,50,17,1,0,0,1,0,9.50,10.87
2022-05-03 17:45:00,1.50,79,186,17,1,0,0,1,0,7.50,8.92
2022-05-03 17:46:24,1.17,144,261,17,1,0,0,1,0,8.50,11.88
2022-05-03 17:46:43,2.60,158,170,17,1,0,0,1,0,13.50,19.30
2022-05-03 17:47:25,1.49,48,237,17,1,0,0,1,0,10.00,14.28
2022-05-03 17:48:02,1.30,163,68,17,1,0,0,1,0,9.50,12.57
2022-05-03 17:49:28,20.80,132,254,17,1,1,0,1,0,57.50,45.65
2022-05-03 17:50:29,0.51,143,142,17,1,0,0,1,0,4.00,3.58
2022-05-03 17:51:16,2.21,163,263,17,1,0,0,1,0,12.50,17.37
2022-05-03 17:51:27,6.30,13,237,17,1,0,0,1,0,24.00,31.13
2022-05-03 17:52:20,0.60,230,161,17,1,0,0,1,0,4.50,4.53
2022-05-03 17:52:59,0.30,239,239,17,1,0,0,1,0,4.00,2.37
2022-05-03 17:56:04,3.08,43,79,17,1,0,0,1,0,15.00,21.63
2022-05-03 17:56:38,1.30,164,163,17,1,0,0,1,0,8.00,9.63
2022-05-03 18:01:35,0.50,230,186,18,1,0,0,1,0,4.50,3.48
2022-05-03 18:05:19,2.62,186,144,18,1,0,0,1,0,13.50,18.88
2022-05-03 18:05:29,15.80,170,132,18,1,1,0,1,0,52.00,58.02
2022-05-03 18:05:40,0.78,230,237,18,1,0,0,1,0,8.00,10.97
2022-05-03 18:06:58,3.82,50,41,18,1,0,0,1,0,15.50,18.82
2022-05-03 18:07:20,4.95,142,13,18,1,0,0,1,0,19.00,23.13
2022-05-03 18:07:48,2.31,236,161,18,1,0,0,1,0,13.00,18.70
2022-05-03 18:08:59,1.34,229,237,18,1,0,0,1,0,6.50,6.72
2022-05-03 18:10:42,1.09,229,163,18,1,0,0,1,0,7.50,9.42
2022-05-03 18:12:31,1.57,234,170,18,1,0,0,1,0,8.50,10.35
2022-05-03 18:12:46,2.87,234,141,18,1,0,0,1,0,21.50,35.48
2022-05-03 18:13:44,2.60,230,236,18,1,0,0,1,0,13.00,16.83
2022-05-03 18:14:09,1.56,211,107,18,1,0,0,1,0,8.00,8.98
2022-05-03 18:14:54,1.18,236,239,18,1,0,0,1,0,8.50,10.22
2022-05-03 18:14:56,0.90,234,161,18,1,0,0,1,0,6.00,6.47
2022-05-03 18:15:10,0.70,141,237,18,1,0,0,1,0,5.50,6.00
2022-05-03 18:16:18,3.04,263,107,18,1,0,0,1,0,15.50,22.70
2022-05-03 18:16:59,3.39,263,166,18,1,0,0,1,0,14.00,16.88
2022-05-03 18:17:11,1.39,142,239,18,1,0,0,1,0,7.50,7.52
2022-05-03 18:17:37,17.06,237,132,18,1,1,0,1,0,52.00,51.83
2022-05-03 18:18:50,2.20,229,236,18,1,0,0,1,0,11.50,15.60
2022-05-03 18:19:47,1.10,162,141,18,1,0,0,1,0,8.50,13.18
2022-05-03 18:21:59,2.95,163,249,18,1,0,0,1,0,14.00,19.98
2022-05-03 18:22:23,2.16,100,114,18,1,0,0,1,0,10.50,13.45
2022-05-03 18:23:02,2.60,249,233,18,1,0,0,1,0,15.00,22.18
2022-05-03 18:27:21,1.00,166,151,18,1,0,0,1,0,6.00,5.27
2022-05-03 18:29:26,1.67,24,74,18,1,0,0,1,0,9.00,11.67
2022-05-03 18:29:45,2.50,107,246,18,1,0,0,1,0,17.00,26.05
2022-05-03 18:34:06,2.00,161,239,18,1,0,0,1,0,10.00,13.12
2022-05-03 18:36:36,0.80,238,239,18,1,0,0,1,0,7.00,7.75
2022-05-03 18:41:06,3.01,132,218,18,1,1,0,1,0,11.50,10.93
2022-05-03 18:44:11,0.40,90,234,18,1,0,0,1,0,4.00,2.67
2022-05-03 18:45:21,0.82,68,246,18,1,0,0,1,0,8.50,11.63
2022-05-03 18:47:35,1.65,50,163,18,1,0,0,1,0,7.50,7.48
2022-05-03 18:48:03,1.21,236,237,18,1,0,0,1,0,8.00,9.25
2022-05-03 18:48:56,1.10,239,142,18,1,0,0,1,0,6.50,6.30
2022-05-03 18:49:25,2.24,65,181,18,1,0,0,1,0,10.50,12.58
2022-05-03 18:50:51,1.39,48,163,18,1,0,0,1,0,9.50,13.68
2022-05-03 18:51:14,1.09,162,50,18,1,0,0,1,0,8.00,10.03
2022-05-03 18:51:30,0.92,143,48,18,1,0,0,1,0,5.50,4.95
2022-05-03 18:52:05,1.60,68,107,18,1,0,0,1,0,10.00,14.33
2022-05-03 18:52:52,1.07,113,107,18,1,0,0,1,0,7.50,8.93
2022-05-03 18:53:41,1.87,170,148,18,1,0,0,1,0,10.00,11.97
2022-05-03 18:55:49,2.97,230,236,18,1,0,0,1,0,14.50,19.20
2022-05-03 18:56:34,1.90,229,263,18,1,0,0,1,0,9.50,11.87
2022-05-03 18:58:42,3.80,164,151,18,1,0,0,1,0,20.50,30.38
2022-05-03 18:59:30,1.40,234,114,18,1,0,0,1,0,7.50,8.58
2022-05-03 19:02:55,16.90,237,132,19,1,1,0,1,0,52.00,42.10
2022-05-03 19:04:18,2.06,161,140,19,1,0,0,1,0,12.50,17.98
2022-05-03 19:05:58,2.80,164,142,19,1,0,0,1,0,18.50,28.90
2022-05-03 19:08:24,5.02,141,148,19,1,0,0,1,0,18.00,17.63
2022-05-03 19:08:49,10.81,138,170,19,1,1,0,1,0,32.00,25.42
2022-05-03 19:09:09,1.18,234,114,19,1,0,0,1,0,6.50,7.47
2022-05-03 19:17:34,1.61,237,262,19,1,0,0,1,0,8.00,9.05
2022-05-03 19:20:33,3.30,239,116,19,1,0,0,1,0,11.00,8.50
2022-05-03 19:24:55,2.90,68,239,19,1,0,0,1,0,12.00,14.48
2022-05-03 19:27:21,1.69,263,74,19,1,0,0,1,0,7.00,5.30
2022-05-03 19:32:54,0.96,237,236,19,1,0,0,1,0,5.50,4.77
2022-05-03 19:36:32,2.72,233,246,19,1,0,0,1,0,14.00,19.78
2022-05-03 19:36:38,0.80,186,107,19,1,0,0,1,0,6.00,7.00
2022-05-03 19:39:02,4.10,90,140,19,1,0,0,1,0,18.50,25.82
2022-05-03 19:39:50,20.10,238,132,19,1,1,0,1,0,52.00,41.58
2022-05-03 19:41:26,3.27,262,164,19,1,0,0,1,0,12.00,11.38
2022-05-03 19:42:35,2.40,162,75,19,1,0,0,1,0,9.50,10.10
2022-05-03 19:43:45,2.94,43,107,19,1,0,0,1,0,12.50,15.23
2022-05-03 19:44:44,1.52,238,143,19,1,0,0,1,0,8.50,9.77
2022-05-03 19:47:17,1.15,137,4,19,1,0,0,1,0,6.50,6.20
2022-05-03 19:51:23,1.66,164,237,19,1,0,0,1,0,8.00,9.35
2022-05-03 19:52:20,1.08,237,236,19,1,0,0,1,0,6.00,4.47
2022-05-03 19:54:05,4.11,263,226,19,1,0,0,1,0,14.50,15.62
2022-05-03 19:54:18,2.45,239,236,19,1,0,0,1,0,7.00,6.73
2022-05-03 19:56:10,2.71,162,143,19,1,0,0,1,0,12.00,16.95
2022-05-03 19:57:38,1.91,239,166,19,1,0,0,1,0,8.00,6.95
2022-05-03 19:59:11,1.24,230,237,19,1,0,0,1,0,9.00,12.72
2022-05-03 20:03:58,1.58,100,249,20,1,0,0,0,0,8.00,8.77
2022-05-03 20:06:05,0.92,233,237,20,1,0,0,0,0,7.00,8.67
2022-05-03 20:06:32,2.75,43,74,20,1,0,0,0,0,11.50,13.07
2022-05-03 20:10:10,1.93,236,237,20,1,0,0,0,0,10.15,9.43
2022-05-03 20:12:02,2.10,140,143,20,1,0,0,0,0,11.00,13.83
2022-05-03 20:13:07,7.33,164,40,20,1,0,0,0,0,26.00,28.88
2022-05-03 20:15:28,1.03,234,170,20,1,0,0,0,0,6.00,5.98
2022-05-03 20:19:22,1.90,141,170,20,1,0,0,0,0,8.50,8.72
2022-05-03 20:19:51,2.85,233,125,20,1,0,0,0,0,11.50,12.95
2022-05-03 20:21:59,0.50,237,236,20,1,0,0,0,0,3.50,1.98
2022-05-03 20:23:05,1.43,163,90,20,1,0,0,0,0,6.50,6.32
2022-05-03 20:36:10,4.30,90,33,20,1,0,0,0,0,19.50,26.27
2022-05-03 20:43:19,4.79,249,263,20,1,0,0,0,0,17.50,20.23
2022-05-03 20:45:46,11.54,138,209,20,1,1,0,0,0,35.00,27.18
2022-05-03 20:46:05,0.61,164,170,20,1,0,0,0,0,4.50,3.27
2022-05-03 20:48:05,4.66,68,238,20,1,0,0,0,0,16.00,14.13
2022-05-03 20:52:21,15.15,132,89,20,1,1,0,0,0,43.00,30.62
2022-05-03 20:58:48,20.85,132,211,20,1,1,0,0,0,52.00,39.28
2022-05-03 21:00:07,1.96,162,262,21,1,0,0,0,0,8.00,7.08
2022-05-03 21:02:55,6.59,13,229,21,1,0,0,0,0,20.50,14.70
2022-05-03 21:03:22,1.08,237,163,21,1,0,0,0,0,6.00,6.12
2022-05-03 21:03:22,17.50,132,233,21,1,1,0,0,0,52.00,28.68
2022-05-03 21:07:15,0.90,125,231,21,1,0,0,0,0,6.50,6.32
2022-05-03 21:10:12,7.52,230,261,21,1,0,0,0,0,25.00,24.70
2022-05-03 21:12:18,1.49,140,236,21,1,0,0,0,0,7.00,7.10
2022-05-03 21:18:39,5.60,231,238,21,1,0,0,0,0,21.00,21.27
2022-05-03 21:19:50,1.31,229,230,21,1,0,0,0,0,7.50,9.43
2022-05-03 21:21:54,2.14,239,140,21,1,0,0,0,0,10.50,12.93
2022-05-03 21:22:51,2.50,234,148,21,1,0,0,0,0,10.50,12.43
2022-05-03 21:26:17,9.30,48,243,21,1,0,0,0,0,27.00,17.53
2022-05-03 21:26:42,1.10,229,170,21,1,0,0,0,0,6.00,5.23
2022-05-03 21:26:50,2.34,161,113,21,1,0,0,0,0,9.50,9.53
2022-05-03 21:30:14,4.21,143,125,21,1,0,0,0,0,16.50,18.57
2022-05-03 21:32:02,3.45,234,236,21,1,0,0,0,0,15.02,16.82
2022-05-03 21:33:07,1.90,142,170,21,1,0,0,0,0,10.00,12.50
2022-05-03 21:33:15,0.97,79,249,21,1,0,0,0,0,6.00,6.57
2022-05-03 21:37:54,1.70,233,230,21,1,0,0,0,0,10.00,13.67
2022-05-03 21:38:32,3.70,238,186,21,1,0,0,0,0,14.00,15.50
2022-05-03 21:39:11,2.40,142,236,21,1,0,0,0,0,10.50,11.13
2022-05-03 21:40:27,9.01,231,152,21,1,0,0,0,0,28.00,27.78
2022-05-03 21:45:28,2.49,161,263,21,1,0,0,0,0,12.75,12.60
2022-05-03 21:45:36,4.63,79,142,21,1,0,0,0,0,18.00,21.78
2022-05-03 21:47:45,5.78,237,129,21,1,0,0,0,0,22.00,25.98
2022-05-03 21:59:16,0.59,107,79,21,1,0,0,0,0,4.50,3.43
2022-05-03 21:59:19,17.10,132,233,21,1,1,0,0,0,52.00,23.93
2022-05-03 21:59:28,1.95,263,238,21,1,0,0,0,0,9.50,10.47
2022-05-03 22:00:10,1.60,163,140,22,1,0,0,0,0,8.00,8.58
2022-05-03 22:01:32,4.23,48,231,22,1,0,0,0,0,16.00,16.53
2022-05-03 22:03:13,1.80,249,148,22,1,0,0,0,0,9.00,10.55
2022-05-03 22:07:00,7.80,66,163,22,1,0,0,0,0,26.00,26.67
2022-05-03 22:07:28,2.60,262,229,22,1,0,0,0,0,10.00,6.75
2022-05-03 22:08:20,2.80,238,230,22,1,0,0,0,0,13.50,17.30
2022-05-03 22:10:31,2.05,161,236,22,1,0,0,0,0,8.00,7.00
2022-05-03 22:14:39,5.17,50,79,22,1,0,0,0,0,19.50,22.73
2022-05-03 22:15:02,2.00,162,142,22,1,0,0,0,0,11.00,14.92
2022-05-03 22:19:47,2.73,158,87,22,1,0,0,0,0,11.50,14.37
2022-05-03 22:21:13,9.45,230,127,22,1,0,0,0,0,28.00,20.23
2022-05-03 22:24:20,1.22,142,230,22,1,0,0,0,0,6.50,5.63
2022-05-03 22:30:25,20.15,132,257,22,1,1,0,0,0,56.00,36.33
2022-05-03 22:31:05,3.84,163,79,22,1,0,0,0,0,15.00,17.53
2022-05-03 22:35:33,1.05,237,233,22,1,0,0,0,0,5.00,3.83
2022-05-03 22:36:28,11.80,132,188,22,1,1,0,0,0,36.00,32.92
2022-05-03 22:37:02,2.11,238,142,22,1,0,0,0,0,9.00,8.93
2022-05-03 22:43:59,5.02,68,236,22,1,0,0,0,0,19.50,24.12
2022-05-03 22:49:19,0.76,170,137,22,1,0,0,0,0,5.00,4.57
2022-05-03 22:53:05,4.81,256,164,22,1,0,0,0,0,17.50,19.10
2022-05-03 23:02:24,0.94,113,90,23,1,0,0,0,0,5.50,5.28
2022-05-03 23:03:06,2.41,41,263,23,1,0,0,0,0,10.50,10.97
2022-05-03 23:04:17,0.79,100,230,23,1,0,0,0,0,4.50,2.95
2022-05-03 23:05:35,1.30,114,234,23,1,0,0,0,0,7.00,7.63
2022-05-03 23:08:21,2.16,161,113,23,1,0,0,0,0,9.00,8.27
2022-05-03 23:09:01,2.04,163,234,23,1,0,0,0,0,9.00,9.18
2022-05-03 23:14:34,0.86,170,229,23,1,0,0,0,0,5.00,3.22
2022-05-03 23:15:00,3.26,164,261,23,1,0,0,0,0,12.00,11.18
2022-05-03 23:37:00,0.70,90,249,23,1,0,0,0,0,5.00,4.32
2022-05-03 23:49:03,3.70,75,100,23,1,0,0,0,0,13.00,12.42
2022-05-03 23:53:40,1.60,113,246,23,1,0,0,0,0,8.00,8.08
2022-05-03 23:53:59,1.15,234,170,23,1,0,0,0,0,6.50,5.68
2022-05-03 23:55:44,2.21,163,263,23,1,0,0,0,0,8.50,7.87
2022-05-03 23:56:41,1.78,186,137,23,1,0,0,0,0,8.50,9.20
2022-05-03 23:56:45,5.70,79,142,23,1,0,0,0,0,18.50,18.78
2022-05-04 00:11:50,4.65,161,166,0,2,0,0,0,0,16.00,16.57
2022-05-04 00:18:03,4.70,170,260,0,2,0,0,0,0,14.00,18.63
2022-05-04 00:38:25,4.92,237,82,0,2,0,0,0,0,17.50,18.38
2022-05-04 01:38:13,1.54,48,68,1,2,0,0,0,0,6.50,5.50
2022-05-04 01:48:40,12.20,249,179,1,2,0,0,0,0,34.50,18.17
2022-05-04 04:45:13,8.91,151,138,4,2,1,0,0,0,27.00,21.23
2022-05-04 04:46:06,0.93,48,48,4,2,0,0,0,0,5.50,5.67
2022-05-04 05:49:40,3.37,186,236,5,2,0,0,0,0,12.50,11.58
2022-05-04 05:54:13,20.89,239,132,5,2,1,0,0,0,52.00,42.57
2022-05-04 06:11:15,2.98,48,231,6,2,0,0,0,0,10.50,10.50
2022-05-04 06:27:33,2.67,107,230,6,2,0,0,0,0,10.50,11.60
2022-05-04 06:28:07,1.00,186,162,6,2,0,0,0,0,6.00,5.32
2022-05-04 06:31:47,17.92,68,132,6,2,1,0,0,0,56.70,40.17
2022-05-04 06:32:56,1.30,162,68,6,2,0,0,0,0,7.00,7.33
2022-05-04 06:35:06,2.87,100,140,6,2,0,0,0,0,12.00,14.08
2022-05-04 06:38:50,15.90,170,132,6,2,1,0,0,0,52.00,22.68
2022-05-04 06:42:36,3.74,236,234,6,2,0,0,0,0,13.00,13.02
2022-05-04 06:43:36,11.30,142,138,6,2,1,0,0,0,32.50,24.20
2022-05-04 06:46:34,1.32,100,170,6,2,0,0,0,0,9.00,11.88
2022-05-04 06:47:08,1.00,239,142,6,2,0,0,0,0,6.00,5.88
2022-05-04 06:48:31,2.42,236,161,6,2,0,0,0,0,9.00,7.27
2022-05-04 06:51:26,1.76,144,137,6,2,0,0,0,0,8.00,7.57
2022-05-04 06:53:34,2.90,263,163,6,2,0,0,0,0,11.50,11.75
2022-05-04 07:00:40,2.12,100,237,7,2,0,1,0,0,10.50,12.98
2022-05-04 07:01:09,0.58,141,140,7,2,0,1,0,0,4.00,2.65
2022-05-04 07:07:15,3.50,162,231,7,2,0,1,0,0,13.00,14.35
2022-05-04 07:07:45,3.22,43,143,7,2,0,1,0,0,11.50,11.40
2022-05-04 07:14:39,0.90,263,75,7,2,0,1,0,0,5.00,3.97
2022-05-04 07:15:41,3.25,48,140,7,2,0,1,0,0,17.02,16.98
2022-05-04 07:18:59,8.95,137,243,7,2,0,1,0,0,28.50,26.97
2022-05-04 07:20:49,2.21,141,75,7,2,0,1,0,0,9.50,10.72
2022-05-04 07:27:58,1.67,48,162,7,2,0,1,0,0,9.00,12.13
2022-05-04 07:28:32,1.81,42,74,7,2,0,1,0,0,8.50,9.70
2022-05-04 07:29:05,0.80,141,263,7,2,0,1,0,0,5.00,3.40
2022-05-04 07:33:41,17.62,132,107,7,2,1,1,0,0,52.00,63.20
2022-05-04 07:36:53,0.90,48,161,7,2,0,1,0,0,7.00,9.45
2022-05-04 07:37:03,3.67,163,74,7,2,0,1,0,0,14.00,16.35
2022-05-04 07:38:54,0.50,163,163,7,2,0,1,0,0,4.00,2.73
2022-05-04 07:40:07,7.10,238,13,7,2,0,1,0,0,23.50,23.03
2022-05-04 07:44:03,2.02,236,161,7,2,0,1,0,0,10.50,13.38
2022-05-04 07:47:13,0.57,41,166,7,2,0,1,0,0,5.00,4.13
2022-05-04 07:52:28,0.80,48,246,7,2,0,1,0,0,6.00,6.35
2022-05-04 07:52:43,2.17,116,24,7,2,0,1,0,0,8.50,8.13
2022-05-04 07:52:43,0.58,151,238,7,2,0,1,0,0,5.00,4.90
2022-05-04 07:52:53,0.99,162,163,7,2,0,1,0,0,6.00,5.80
2022-05-04 07:54:09,2.20,143,233,7,2,0,1,0,0,12.50,18.53
2022-05-04 07:54:38,5.17,74,68,7,2,0,1,0,0,21.00,28.52
2022-05-04 07:54:43,2.23,186,79,7,2,0,1,0,0,11.00,14.15
2022-05-04 07:58:31,1.20,233,164,7,2,0,1,0,0,8.00,9.47
2022-05-04 07:59:10,1.73,90,230,7,2,0,1,0,0,7.50,7.65
2022-05-04 08:00:07,1.30,161,234,8,2,0,1,0,0,6.50,6.17
2022-05-04 08:01:14,0.85,237,237,8,2,0,1,0,0,5.00,4.27
2022-05-04 08:02:52,1.50,186,142,8,2,0,1,0,0,8.00,9.53
2022-05-04 08:03:00,1.82,107,211,8,2,0,1,0,0,9.00,10.98
2022-05-04 08:03:11,0.90,237,236,8,2,0,1,0,0,7.00,7.47
2022-05-04 08:05:18,3.30,234,140,8,2,0,1,0,0,16.00,23.15
2022-05-04 08:05:41,0.90,162,230,8,2,0,1,0,0,8.50,11.38
2022-05-04 08:13:30,0.59,68,68,8,2,0,1,0,0,5.00,4.30
2022-05-04 08:14:27,1.88,237,75,8,2,0,1,0,0,11.50,15.78
2022-05-04 08:15:42,1.36,107,161,8,2,0,1,0,0,7.00,7.45
2022-05-04 08:18:54,0.80,161,164,8,2,0,1,0,0,4.50,3.03
2022-05-04 08:31:56,2.72,4,164,8,2,0,1,0,0,14.00,19.17
2022-05-04 08:36:15,9.43,138,17,8,2,1,1,0,0,33.00,43.68
2022-05-04 08:36:24,6.20,141,223,8,2,0,1,0,0,21.50,21.65
2022-05-04 08:40:02,1.02,161,233,8,2,0,1,0,0,8.00,10.70
2022-05-04 08:44:08,0.70,161,237,8,2,0,1,0,0,5.00,3.72
2022-05-04 08:44:26,2.10,236,161,8,2,0,1,0,0,12.00,16.78
2022-05-04 08:44:37,1.30,237,263,8,2,0,1,0,0,9.00,10.68
2022-05-04 08:46:18,2.85,244,42,8,2,0,1,0,0,11.50,9.87
2022-05-04 08:47:09,14.95,132,210,8,2,1,1,0,0,41.50,30.62
2022-05-04 08:50:22,0.80,236,75,8,2,0,1,0,0,5.50,5.05
2022-05-04 08:58:14,0.67,170,161,8,2,0,1,0,0,5.50,6.07
2022-05-04 09:00:00,2.88,75,161,9,2,0,1,0,0,17.38,22.00
2022-05-04 09:00:03,0.84,236,236,9,2,0,1,0,0,7.00,8.02
2022-05-04 09:06:09,2.50,158,170,9,2,0,1,0,0,13.50,19.20
2022-05-04 09:06:43,1.40,142,100,9,2,0,1,0,0,9.00,11.47
2022-05-04 09:07:28,0.78,236,236,9,2,0,1,0,0,6.50,7.67
2022-05-04 09:08:09,3.45,68,13,9,2,0,1,0,0,14.00,15.35
2022-05-04 09:08:45,0.56,68,48,9,2,0,1,0,0,4.50,3.90
2022-05-04 09:12:39,1.58,141,75,9,2,0,1,0,0,8.00,8.55
2022-05-04 09:13:04,2.40,246,163,9,2,0,1,0,0,13.83,19.92
2022-05-04 09:21:23,1.19,107,113,9,2,0,1,0,0,6.50,6.30
2022-05-04 09:22:29,0.50,151,238,9,2,0,1,0,0,5.00,4.33
2022-05-04 09:25:11,2.19,90,161,9,2,0,1,0,0,12.50,17.45
2022-05-04 09:26:43,1.81,48,43,9,2,0,1,0,0,11.00,14.17
2022-05-04 09:27:32,2.72,211,246,9,2,0,1,0,0,13.69,18.90
2022-05-04 09:35:47,1.07,43,237,9,2,0,1,0,0,5.50,4.30
2022-05-04 09:36:01,1.31,186,107,9,2,0,1,0,0,7.50,9.12
2022-05-04 09:36:08,1.39,249,90,9,2,0,1,0,0,8.50,10.35
2022-05-04 09:36:58,11.35,138,233,9,2,1,1,0,0,35.50,32.82
2022-05-04 09:39:19,1.64,263,43,9,2,0,1,0,0,9.00,11.05
2022-05-04 09:43:09,6.43,68,255,9,2,0,1,0,0,30.00,42.20
2022-05-04 09:43:14,0.64,163,50,9,2,0,1,0,0,7.00,8.68
2022-05-04 09:43:40,0.68,186,170,9,2,0,1,0,0,7.00,9.37
2022-05-04 09:45:07,0.30,237,237,9,2,0,1,0,0,4.50,4.78
2022-05-04 09:51:23,1.35,141,43,9,2,0,1,0,0,8.00,9.42
2022-05-04 09:54:01,1.30,186,230,9,2,0,1,0,0,11.00,16.63
2022-05-04 09:54:56,1.52,43,140,9,2,0,1,0,0,11.00,16.05
2022-05-04 09:55:28,3.08,263,170,9,2,0,1,0,0,15.00,21.02
2022-05-04 09:57:46,1.40,48,142,9,2,0,1,0,0,7.00,6.65
2022-05-04 09:59:35,2.40,237,238,9,2,0,1,0,0,11.50,14.87
2022-05-04 10:00:42,1.00,237,163,10,2,0,0,0,0,7.50,9.52
2022-05-04 10:01:33,1.60,162,141,10,2,0,0,0,0,9.00,11.48
2022-05-04 10:07:44,3.45,151,140,10,2,0,0,0,0,17.50,26.40
2022-05-04 10:12:05,4.09,48,75,10,2,0,0,0,0,18.00,22.85
2022-05-04 10:15:00,3.60,90,141,10,2,0,0,0,0,19.76,24.00
2022-05-04 10:16:04,2.77,68,79,10,2,0,0,0,0,16.50,25.53
2022-05-04 10:22:05,6.42,140,56,10,2,0,0,0,0,26.00,31.73
2022-05-04 10:22:13,4.60,249,140,10,2,0,0,0,0,19.00,27.63
2022-05-04 10:22:41,0.76,230,161,10,2,0,0,0,0,7.00,9.30
2022-05-04 10:27:30,6.95,140,88,10,2,0,0,0,0,20.50,14.15
2022-05-04 10:30:53,10.74,138,211,10,2,1,0,0,0,36.50,43.97
2022-05-04 10:31:30,3.00,163,144,10,2,0,0,0,0,16.50,24.27
2022-05-04 10:34:51,0.70,263,141,10,2,0,0,0,0,6.00,6.43
2022-05-04 10:41:01,1.05,161,229,10,2,0,0,0,0,10.00,14.78
2022-05-04 10:42:33,4.24,140,68,10,2,0,0,0,0,19.00,25.98
2022-05-04 10:48:09,4.40,233,87,10,2,0,0,0,0,15.50,12.50
2022-05-04 10:48:23,2.28,146,163,10,2,0,0,0,0,12.50,19.55
2022-05-04 10:49:45,1.30,170,229,10,2,0,0,0,0,6.50,6.83
2022-05-04 10:53:05,2.55,236,170,10,2,0,0,0,0,15.00,22.05
2022-05-04 10:54:35,1.32,186,68,10,2,0,0,0,0,11.00,16.97
2022-05-04 10:56:15,1.58,186,161,10,2,0,0,0,0,16.00,26.27
2022-05-04 10:57:11,4.97,158,49,10,2,0,0,0,0,20.50,27.87
2022-05-04 10:57:20,8.60,138,100,10,2,1,0,0,0,28.50,28.83
2022-05-04 11:02:52,1.12,234,170,11,2,0,0,0,0,6.50,6.87
2022-05-04 11:05:54,1.78,113,170,11,2,0,0,0,0,9.00,10.85
2022-05-04 11:09:59,5.14,166,162,11,2,0,0,0,0,24.50,34.03
2022-05-04 11:11:36,1.20,107,170,11,2,0,0,0,0,8.50,11.73
2022-05-04 11:15:18,3.30,170,236,11,2,0,0,0,0,21.93,26.95
2022-05-04 11:25:05,1.05,161,141,11,2,0,0,0,0,8.50,11.35
2022-05-04 11:28:44,6.87,229,33,11,2,0,0,0,0,23.00,22.35
2022-05-04 11:30:11,0.80,229,161,11,2,0,0,0,0,7.00,8.43
2022-05-04 11:30:25,0.98,246,48,11,2,0,0,0,0,7.00,9.13
2022-05-04 11:31:16,2.70,238,140,11,2,0,0,0,0,16.00,24.58
2022-05-04 11:38:43,0.91,229,140,11,2,0,0,0,0,7.50,9.78
2022-05-04 11:43:17,2.48,237,137,11,2,0,0,0,0,13.50,19.05
2022-05-04 11:45:10,1.27,239,163,11,2,0,0,0,0,7.50,8.65
2022-05-04 11:45:41,1.09,249,164,11,2,0,0,0,0,7.00,8.73
2022-05-04 11:51:54,1.50,114,137,11,2,0,0,0,0,8.00,9.47
2022-05-04 11:52:25,6.36,261,217,11,2,0,0,0,0,25.00,27.18
2022-05-04 11:53:36,2.61,162,249,11,2,0,0,0,0,13.50,19.45
2022-05-04 11:54:20,0.57,142,50,11,2,0,0,0,0,5.00,4.22
2022-05-04 11:55:08,0.38,162,43,11,2,0,0,0,0,4.50,4.53
2022-05-04 11:55:40,2.10,236,161,11,2,0,0,0,0,13.50,20.07
2022-05-04 11:56:19,3.61,140,42,11,2,0,0,0,0,15.00,16.12
2022-05-04 11:58:27,1.15,163,186,11,2,0,0,0,0,8.50,11.92
2022-05-04 11:58:44,0.74,68,249,11,2,0,0,0,0,5.50,5.02
2022-05-04 12:00:44,2.96,90,229,12,2,0,0,0,0,13.50,19.28
2022-05-04 12:01:59,4.10,246,238,12,2,0,0,0,0,17.00,18.87
2022-05-04 12:03:17,15.93,132,145,12,2,1,0,0,0,48.50,43.23
2022-05-04 12:10:37,0.51,263,262,12,2,0,0,0,0,4.00,3.27
2022-05-04 12:17:02,1.38,246,170,12,2,0,0,0,0,11.00,16.05
2022-05-04 12:18:14,0.83,158,246,12,2,0,0,0,0,8.75,7.12
2022-05-04 12:23:39,2.42,230,43,12,2,0,0,0,0,14.00,19.60
2022-05-04 12:25:56,5.58,45,225,12,2,0,0,0,0,24.00,31.30
2022-05-04 12:31:43,1.90,234,170,12,2,0,0,0,0,14.00,21.48
2022-05-04 12:31:46,2.37,161,79,12,2,0,0,0,0,11.00,14.62
2022-05-04 12:34:42,0.78,170,163,12,2,0,0,0,0,5.50,5.75
2022-05-04 12:35:59,1.80,239,162,12,2,0,0,0,0,10.50,13.63
2022-05-04 12:36:34,1.60,229,142,12,2,0,0,0,0,10.50,14.52
2022-05-04 12:36:48,2.30,68,114,12,2,0,0,0,0,11.50,15.87
2022-05-04 12:37:38,2.90,137,262,12,2,0,0,0,0,16.50,25.57
2022-05-04 12:38:04,4.18,142,211,12,2,0,0,0,0,17.50,24.08
2022-05-04 12:42:24,1.20,246,162,12,2,0,0,0,0,9.00,12.28
2022-05-04 12:47:42,7.83,42,234,12,2,0,0,0,0,32.50,41.85
2022-05-04 12:50:39,1.48,246,164,12,2,0,0,0,0,11.50,16.47
2022-05-04 12:50:49,0.60,164,161,12,2,0,0,0,0,5.50,5.43
2022-05-04 12:51:01,3.19,151,161,12,2,0,0,0,0,18.50,29.23
2022-05-04 12:56:07,18.40,132,161,12,2,1,0,0,0,52.00,54.33
2022-05-04 12:59:47,1.49,237,164,12,2,0,0,0,0,11.50,17.95
2022-05-04 13:03:42,1.85,231,158,13,2,0,0,0,0,9.00,9.12
2022-05-04 13:04:41,2.00,161,236,13,2,0,0,0,0,12.50,16.62
2022-05-04 13:13:38,1.50,186,170,13,2,0,0,0,0,16.50,27.60
2022-05-04 13:15:20,1.24,186,230,13,2,0,0,0,0,12.00,18.77
2022-05-04 13:18:46,2.20,161,140,13,2,0,0,0,0,12.00,16.58
2022-05-04 13:20:55,1.10,263,141,13,2,0,0,0,0,7.50,8.60
2022-05-04 13:21:13,0.70,236,75,13,2,0,0,0,0,5.00,3.88
2022-05-04 13:21:34,1.00,237,236,13,2,0,0,0,0,7.00,7.60
2022-05-04 13:23:17,8.89,231,75,13,2,0,0,0,0,32.50,36.98
2022-05-04 13:24:51,2.26,237,230,13,2,0,0,0,0,13.00,18.12
2022-05-04 13:26:41,5.86,209,230,13,2,0,0,0,0,25.00,31.08
2022-05-04 13:27:08,1.40,236,237,13,2,0,0,0,0,10.00,13.35
2022-05-04 13:27:25,3.02,143,75,13,2,0,0,0,0,14.50,21.07
2022-05-04 13:29:37,21.13,230,132,13,2,1,0,0,0,52.00,44.95
2022-05-04 13:30:25,1.81,186,163,13,2,0,0,0,0,13.00,19.65
2022-05-04 13:35:28,1.35,164,249,13,2,0,0,0,0,7.50,9.37
2022-05-04 13:37:04,4.00,24,161,13,2,0,0,0,0,17.50,24.17
2022-05-04 13:37:58,16.18,162,132,13,2,1,0,0,0,52.00,55.08
2022-05-04 13:41:31,6.20,229,217,13,2,0,0,0,0,26.00,33.73
2022-05-04 13:41:44,1.20,162,164,13,2,0,0,0,0,11.50,16.77
2022-05-04 13:43:48,2.10,163,234,13,2,0,0,0,0,11.00,15.43
2022-05-04 13:48:40,11.47,186,138,13,2,1,0,0,0,52.00,48.13
2022-05-04 13:48:48,1.50,164,229,13,2,0,0,0,0,8.00,9.15
2022-05-04 13:49:15,0.94,230,68,13,2,0,0,0,0,7.00,7.93
2022-05-04 13:52:00,1.42,161,68,13,2,0,0,0,0,11.00,16.07
2022-05-04 13:54:09,0.47,148,144,13,2,0,0,0,0,4.50,4.12
2022-05-04 13:58:18,1.10,141,229,13,2,0,0,0,0,7.50,9.65
2022-05-04 13:58:53,0.71,141,237,13,2,0,0,0,0,5.50,4.85
2022-05-04 14:01:40,1.40,234,224,14,2,0,0,0,0,8.00,10.10
2022-05-04 14:02:45,2.13,79,68,14,2,0,0,0,0,11.50,14.37
2022-05-04 14:06:43,3.69,143,125,14,2,0,0,0,0,15.00,17.12
2022-05-04 14:07:13,0.79,140,263,14,2,0,0,0,0,5.00,4.85
2022-05-04 14:09:38,1.98,249,161,14,2,0,0,0,0,13.50,20.85
2022-05-04 14:16:09,1.60,163,186,14,2,0,0,0,0,8.50,10.57
2022-05-04 14:18:15,0.83,162,141,14,2,0,0,0,0,6.00,5.92
2022-05-04 14:21:09,2.25,170,140,14,2,0,0,0,0,10.00,11.75
2022-05-04 14:22:21,3.63,137,211,14,2,0,0,0,0,14.00,15.52
2022-05-04 14:28:11,5.16,137,41,14,2,0,0,0,0,23.00,33.00
2022-05-04 14:28:34,0.90,140,141,14,2,0,0,0,0,6.50,7.57
2022-05-04 14:29:09,0.99,170,186,14,2,0,0,0,0,12.00,18.88
2022-05-04 14:30:21,2.61,239,163,14,2,0,0,0,0,16.50,25.70
2022-05-04 14:31:25,5.20,163,13,14,2,0,0,0,0,20.50,26.17
2022-05-04 14:31:31,1.28,107,186,14,2,0,0,0,0,10.50,15.25
2022-05-04 14:31:47,0.81,233,170,14,2,0,0,0,0,5.50,5.02
2022-05-04 14:32:30,3.36,148,255,14,2,0,0,0,0,14.50,17.47
2022-05-04 14:33:12,1.50,170,237,14,2,0,0,0,0,9.00,11.47
2022-05-04 14:37:33,4.06,233,238,14,2,0,0,0,0,20.00,29.60
2022-05-04 14:38:50,4.10,236,113,14,2,0,0,0,0,22.00,32.52
2022-05-04 14:40:10,0.80,170,164,14,2,0,0,0,0,6.00,5.97
2022-05-04 14:42:48,0.57,142,163,14,2,0,0,0,0,4.00,3.18
2022-05-04 14:43:28,3.09,236,143,14,2,0,0,0,0,14.00,18.88
2022-05-04 14:46:23,1.66,236,238,14,2,0,0,0,0,10.00,12.02
2022-05-04 14:47:03,1.48,233,230,14,2,0,0,0,0,9.50,12.97
2022-05-04 14:49:50,1.10,237,161,14,2,0,0,0,0,7.00,7.90
2022-05-04 14:52:36,0.90,236,238,14,2,0,0,0,0,4.50,3.93
2022-05-04 14:52:51,1.90,161,236,14,2,0,0,0,0,9.50,11.32
2022-05-04 14:59:06,0.62,100,90,14,2,0,0,0,0,4.50,3.47
2022-05-04 15:00:25,1.70,231,90,15,2,0,0,0,0,7.50,6.90
2022-05-04 15:06:50,0.99,239,142,15,2,0,0,0,0,8.00,10.48
2022-05-04 15:09:45,6.98,138,255,15,2,1,0,0,0,22.50,19.90
2022-05-04 15:11:24,2.43,48,234,15,2,0,0,0,0,12.00,16.00
2022-05-04 15:12:31,1.25,113,79,15,2,0,0,0,0,7.00,8.18
2022-05-04 15:13:30,3.21,24,230,15,2,0,0,0,0,15.50,21.35
2022-05-04 15:14:58,1.39,140,233,15,2,0,0,0,0,7.00,6.52
2022-05-04 15:22:41,6.80,45,43,15,2,0,0,0,0,24.50,30.62
2022-05-04 15:23:55,0.98,238,43,15,2,0,0,0,0,5.50,4.65
2022-05-04 15:28:26,11.30,138,230,15,2,1,0,0,0,36.00,38.78
2022-05-04 15:31:58,1.18,170,237,15,2,0,0,0,0,7.00,8.08
2022-05-04 15:33:58,2.40,234,48,15,2,0,0,0,0,13.00,17.43
2022-05-04 15:36:18,1.65,236,43,15,2,0,0,0,0,10.00,12.50
2022-05-04 15:38:05,1.30,161,237,15,2,0,0,0,0,7.50,9.13
2022-05-04 15:38:44,12.98,142,33,15,2,0,0,0,0,33.00,41.70
2022-05-04 15:39:04,2.00,43,238,15,2,0,0,0,0,12.00,16.73
2022-05-04 15:40:33,1.10,162,230,15,2,0,0,0,0,10.50,15.73
2022-05-04 15:40:38,2.50,229,234,15,2,0,0,0,0,12.00,16.45
2022-05-04 15:42:48,3.75,137,246,15,2,0,0,0,0,21.50,36.57
2022-05-04 15:44:29,0.92,163,50,15,2,0,0,0,0,6.50,7.92
2022-05-04 15:44:41,2.39,238,237,15,2,0,0,0,0,12.50,16.08
2022-05-04 15:45:27,1.47,161,141,15,2,0,0,0,0,7.50,9.05
2022-05-04 15:48:09,1.34,48,68,15,2,0,0,0,0,6.50,7.03
2022-05-04 15:49:45,0.80,236,237,15,2,0,0,0,0,5.50,5.03
2022-05-04 15:50:34,1.50,142,238,15,2,0,0,0,0,10.00,13.53
2022-05-04 15:52:11,13.66,138,132,15,2,1,0,0,0,38.00,37.77
2022-05-04 15:53:20,5.50,163,209,15,2,0,0,0,0,24.50,33.03
2022-05-04 15:56:15,0.90,234,113,15,2,0,0,0,0,7.00,8.40
2022-05-04 15:57:02,2.27,142,75,15,2,0,0,0,0,11.00,12.73
2022-05-04 15:57:18,1.80,142,236,15,2,0,0,0,0,8.50,9.67
2022-05-04 15:58:56,3.30,142,113,15,2,0,0,0,0,14.50,18.92
2022-05-04 15:59:24,1.06,229,137,15,2,0,0,0,0,6.00,5.45
2022-05-04 16:00:13,3.23,246,13,16,2,0,0,1,0,14.00,17.62
2022-05-04 16:00:16,20.26,230,1,16,2,1,0,1,0,75.00,50.80
2022-05-04 16:01:14,3.19,163,224,16,2,0,0,1,0,17.50,25.80
2022-05-04 16:01:14,1.08,161,186,16,2,0,0,1,0,9.50,13.63
2022-05-04 16:01:48,6.80,88,163,16,2,0,0,1,0,25.00,26.83
2022-05-04 16:04:39,0.90,161,164,16,2,0,0,1,0,10.00,14.42
2022-05-04 16:05:05,2.40,263,142,16,2,0,0,1,0,16.00,23.65
2022-05-04 16:11:22,12.54,75,138,16,2,1,0,1,0,44.50,51.40
2022-05-04 16:11:33,4.60,140,152,16,2,0,0,1,0,19.00,25.18
2022-05-04 16:13:09,16.60,132,164,16,2,1,0,1,0,52.00,71.83
2022-05-04 16:13:24,1.69,238,143,16,2,0,0,1,0,10.00,12.68
2022-05-04 16:13:50,2.00,238,236,16,2,0,0,1,0,10.50,13.43
2022-05-04 16:16:09,3.82,231,230,16,2,0,0,1,0,15.50,19.75
2022-05-04 16:19:22,1.50,114,164,16,2,0,0,1,0,10.00,13.13
2022-05-04 16:20:32,1.15,114,234,16,2,0,0,1,0,7.50,8.32
2022-05-04 16:25:47,0.80,140,237,16,2,0,0,1,0,7.00,8.60
2022-05-04 16:26:55,0.81,233,161,16,2,0,0,1,0,8.00,10.52
2022-05-04 16:28:50,1.76,263,239,16,2,0,0,1,0,11.50,16.00
2022-05-04 16:31:09,2.30,141,186,16,2,0,0,1,0,15.50,23.82
2022-05-04 16:32:16,2.55,237,107,16,2,0,0,1,0,12.50,16.68
2022-05-04 16:35:12,1.75,262,237,16,2,0,0,1,0,10.00,13.37
2022-05-04 16:37:20,3.70,164,75,16,2,0,0,1,0,16.00,22.17
2022-05-04 16:37:32,1.40,68,170,16,2,0,0,1,0,9.00,12.32
2022-05-04 16:42:39,1.06,107,170,16,2,0,0,1,0,6.00,6.05
2022-05-04 16:42:50,0.36,141,140,16,2,0,0,1,0,4.00,3.03
2022-05-04 16:42:50,4.71,162,41,16,2,0,0,1,0,18.50,23.83
2022-05-04 16:44:12,2.55,163,140,16,2,0,0,1,0,12.50,17.58
2022-05-04 16:44:19,1.80,13,249,16,2,0,0,1,0,9.50,11.05
2022-05-04 16:45:56,2.20,141,142,16,2,0,0,1,0,11.00,13.88
2022-05-04 16:46:50,2.20,161,236,16,2,0,0,1,0,10.00,12.92
2022-05-04 16:47:18,10.42,138,68,16,2,1,0,1,0,39.00,50.15
2022-05-04 16:49:23,1.03,137,233,16,2,0,0,1,0,9.50,13.38
2022-05-04 16:49:44,2.77,239,164,16,2,0,0,1,0,16.50,23.97
2022-05-04 16:51:03,1.44,107,161,16,2,0,0,1,0,9.00,11.17
2022-05-04 16:53:21,0.40,79,79,16,2,0,0,1,0,3.50,1.88
2022-05-04 16:56:17,0.93,161,164,16,2,0,0,1,0,7.00,8.13
2022-05-04 16:57:52,2.30,230,140,16,2,0,0,1,0,13.00,17.97
2022-05-04 16:58:59,3.01,161,211,16,2,0,0,1,0,14.50,21.25
2022-05-04 17:04:35,3.10,107,236,17,2,0,0,1,0,14.00,21.28
2022-05-04 17:04:42,5.20,233,231,17,2,0,0,1,0,19.50,22.67
2022-05-04 17:05:50,1.55,48,158,17,2,0,0,1,0,6.50,6.07
2022-05-04 17:08:09,2.36,231,48,17,2,0,0,1,0,10.50,10.83
2022-05-04 17:09:37,0.37,163,237,17,2,0,0,1,0,4.00,2.90
2022-05-04 17:10:15,0.65,163,230,17,2,0,0,1,0,4.50,3.40
2022-05-04 17:16:01,1.52,236,237,17,2,0,0,1,0,9.50,11.87
2022-05-04 17:22:50,1.84,233,79,17,2,0,0,1,0,8.00,7.97
2022-05-04 17:23:54,2.11,237,186,17,2,0,0,1,0,13.00,18.95
2022-05-04 17:28:00,1.38,237,236,17,2,0,0,1,0,8.00,9.73
2022-05-04 17:28:35,0.35,229,161,17,2,0,0,1,0,4.00,3.07
2022-05-04 17:29:05,0.90,142,143,17,2,0,0,1,0,7.50,9.37
2022-05-04 17:32:17,3.50,100,263,17,2,0,0,1,0,16.00,21.10
2022-05-04 17:35:34,1.41,236,239,17,2,0,0,1,0,8.00,8.27
2022-05-04 17:35:42,2.90,43,234,17,2,0,0,1,0,17.00,25.83
2022-05-04 17:36:12,1.60,143,48,17,2,0,0,1,0,7.50,7.90
2022-05-04 17:41:36,20.18,132,146,17,2,1,0,1,0,52.00,71.07
2022-05-04 17:44:59,1.30,229,142,17,2,0,0,1,0,10.50,16.47
2022-05-04 17:47:18,2.80,162,75,17,2,0,0,1,0,14.00,18.50
2022-05-04 17:48:33,1.10,239,151,17,2,0,0,1,0,6.50,5.75
2022-05-04 17:50:15,3.20,161,231,17,2,0,0,1,0,16.50,23.32
2022-05-04 17:50:39,3.42,229,238,17,2,0,0,1,0,14.50,18.92
2022-05-04 17:50:48,2.70,107,158,17,2,0,0,1,0,15.50,22.05
2022-05-04 17:51:32,1.40,170,161,17,2,0,0,1,0,8.50,11.07
2022-05-04 17:53:39,3.04,65,87,17,2,0,0,1,0,12.50,13.92
2022-05-04 17:54:37,1.17,107,161,17,2,0,0,1,0,9.00,12.53
2022-05-04 17:54:40,10.50,138,127,17,2,1,0,1,0,34.50,33.32
2022-05-04 17:57:34,1.12,229,230,17,2,0,0,1,0,10.50,16.42
2022-05-04 17:59:00,3.61,234,142,17,2,0,0,1,0,18.43,30.00
2022-05-04 18:00:25,7.60,236,231,18,2,0,0,1,0,30.50,37.62
2022-05-04 18:01:18,1.65,229,234,18,2,0,0,1,0,9.00,11.22
2022-05-04 18:04:18,2.43,48,113,18,2,0,0,1,0,11.50,15.52
2022-05-04 18:04:46,2.21,238,230,18,2,0,0,1,0,11.00,13.88
2022-05-04 18:06:11,1.63,43,141,18,2,0,0,1,0,9.50,12.13
2022-05-04 18:06:48,1.64,233,50,18,2,0,0,1,0,12.51,19.05
2022-05-04 18:07:43,0.47,263,141,18,2,0,0,1,0,3.50,1.63
2022-05-04 18:08:44,17.40,132,48,18,2,1,0,1,0,52.00,47.27
2022-05-04 18:24:09,2.77,161,79,18,2,0,0,1,0,15.00,22.75
2022-05-04 18:24:53,12.30,70,81,18,2,0,0,1,0,34.00,24.90
2022-05-04 18:27:16,2.90,230,79,18,2,0,0,1,0,16.00,24.15
2022-05-04 18:27:45,2.80,163,249,18,2,0,0,1,0,13.50,18.72
2022-05-04 18:33:36,1.50,239,48,18,2,0,0,1,0,9.00,11.48
2022-05-04 18:35:24,0.90,236,237,18,2,0,0,1,0,6.50,7.07
2022-05-04 18:36:14,2.19,236,161,18,2,0,0,1,0,11.00,12.12
2022-05-04 18:36:39,1.40,246,48,18,2,0,0,1,0,7.00,7.32
2022-05-04 18:37:39,0.80,170,107,18,2,0,0,1,0,5.50,4.77
2022-05-04 18:40:17,0.74,140,140,18,2,0,0,1,0,5.00,4.77
2022-05-04 18:40:30,1.50,170,237,18,2,0,0,1,0,7.50,9.28
2022-05-04 18:41:29,1.18,90,246,18,2,0,0,1,0,6.50,7.15
2022-05-04 18:44:16,0.76,162,237,18,2,0,0,1,0,6.50,6.55
2022-05-04 18:44:36,5.80,230,87,18,2,0,0,1,0,22.50,26.88
2022-05-04 18:46:38,2.00,246,211,18,2,0,0,1,0,10.50,13.55
2022-05-04 18:49:18,1.80,237,230,18,2,0,0,1,0,9.50,11.68
2022-05-04 18:53:00,1.20,262,141,18,2,0,0,1,0,7.00,7.08
2022-05-04 18:54:30,2.76,230,79,18,2,0,0,1,0,14.50,20.55
2022-05-04 18:54:36,0.85,238,151,18,2,0,0,1,0,5.00,3.60
2022-05-04 18:59:10,0.82,144,114,18,2,0,0,1,0,6.00,6.58
2022-05-04 19:01:19,4.37,230,231,19,2,0,0,1,0,17.50,22.13
2022-05-04 19:01:29,1.13,263,141,19,2,0,0,1,0,6.00,5.80
2022-05-04 19:03:02,1.05,186,164,19,2,0,0,1,0,8.00,10.37
2022-05-04 19:05:46,11.67,137,124,19,2,0,0,1,0,35.50,32.27
2022-05-04 19:06:28,1.27,137,224,19,2,0,0,1,0,7.00,7.05
2022-05-04 19:07:05,3.40,88,158,19,2,0,0,1,0,14.00,15.70
2022-05-04 19:07:45,0.87,237,161,19,2,0,0,1,0,6.00,6.87
2022-05-04 19:09:53,1.40,113,158,19,2,0,0,1,0,11.00,16.50
2022-05-04 19:11:37,0.60,161,230,19,2,0,0,1,0,6.50,8.35
2022-05-04 19:14:32,0.61,170,233,19,2,0,0,1,0,5.00,4.75
2022-05-04 19:14:44,1.80,246,170,19,2,0,0,1,0,13.00,19.35
2022-05-04 19:15:23,2.95,141,79,19,2,0,0,1,0,12.50,16.27
2022-05-04 19:17:43,2.82,163,249,19,2,0,0,1,0,14.00,21.00
2022-05-04 19:18:18,8.62,138,141,19,2,1,0,1,0,28.00,25.90
2022-05-04 19:18:52,1.41,140,236,19,2,0,0,1,0,8.50,10.93
2022-05-04 19:19:56,1.60,237,263,19,2,0,0,1,0,10.00,12.97
2022-05-04 19:20:02,2.49,263,162,19,2,0,0,1,0,10.00,12.55
2022-05-04 19:22:30,20.45,132,239,19,2,1,0,1,0,52.00,42.82
2022-05-04 19:22:41,1.06,68,48,19,2,0,0,1,0,5.50,4.12
2022-05-04 19:23:03,1.84,238,142,19,2,0,0,1,0,8.50,9.70
2022-05-04 19:24:13,1.60,230,233,19,2,0,0,1,0,11.00,15.47
2022-05-04 19:24:45,1.21,161,237,19,2,0,0,1,0,8.00,9.88
2022-05-04 19:26:03,0.74,48,68,19,2,0,0,1,0,5.00,4.25
2022-05-04 19:27:48,1.28,237,236,19,2,0,0,1,0,7.00,6.47
2022-05-04 19:28:43,3.55,144,66,19,2,0,0,1,0,16.00,21.12
2022-05-04 19:30:21,3.25,50,41,19,2,0,0,1,0,12.00,13.73
2022-05-04 19:30:46,0.61,79,79,19,2,0,0,1,0,5.50,5.02
2022-05-04 19:31:35,2.30,141,143,19,2,0,0,1,0,11.00,13.48
2022-05-04 19:35:28,3.30,79,50,19,2,0,0,1,0,15.00,19.88
2022-05-04 19:35:56,3.40,113,13,19,2,0,0,1,0,15.50,20.12
2022-05-04 19:37:39,5.53,164,255,19,2,0,0,1,0,26.00,37.88
2022-05-04 19:40:41,1.43,68,50,19,2,0,0,1,0,6.50,6.53
2022-05-04 19:42:29,1.54,48,68,19,2,0,0,1,0,7.00,6.48
2022-05-04 19:44:10,2.44,48,249,19,2,0,0,1,0,11.50,15.35
2022-05-04 19:46:02,3.80,237,79,19,2,0,0,1,0,16.50,20.77
2022-05-04 19:47:23,3.30,100,238,19,2,0,0,1,0,15.50,21.32
2022-05-04 19:48:21,2.05,113,100,19,2,0,0,1,0,9.00,10.82
2022-05-04 19:58:48,2.35,48,239,19,2,0,0,1,0,9.00,9.40
2022-05-04 20:03:30,1.34,164,229,20,2,0,0,0,0,6.00,5.88
2022-05-04 20:04:41,1.25,161,163,20,2,0,0,0,0,8.50,11.43
2022-05-04 20:12:54,0.33,141,237,20,2,0,0,0,0,5.00,4.80
2022-05-04 20:13:02,2.28,142,236,20,2,0,0,0,0,9.50,10.08
2022-05-04 20:14:54,2.65,162,249,20,2,0,0,0,0,13.50,18.73
2022-05-04 20:15:15,0.71,48,163,20,2,0,0,0,0,5.00,4.40
2022-05-04 20:17:43,10.58,138,132,20,2,1,0,0,0,32.00,29.18
2022-05-04 20:17:56,1.19,90,230,20,2,0,0,0,0,7.00,7.88
2022-05-04 20:18:16,0.90,186,68,20,2,0,0,0,0,5.50,5.33
2022-05-04 20:19:01,3.08,170,262,20,2,0,0,0,0,11.00,11.42
2022-05-04 20:22:59,4.43,148,230,20,2,0,0,0,0,17.50,19.12
2022-05-04 20:24:32,1.29,170,186,20,2,0,0,0,0,7.50,11.58
2022-05-04 20:26:02,3.11,141,234,20,2,0,0,0,0,13.00,15.48
2022-05-04 20:29:19,0.93,163,237,20,2,0,0,0,0,7.00,7.97
2022-05-04 20:34:23,19.71,132,236,20,2,1,0,0,0,52.00,35.23
2022-05-04 20:35:40,1.16,237,230,20,2,0,0,0,0,6.50,6.77
2022-05-04 20:41:00,2.96,233,143,20,2,0,0,0,0,16.41,21.00
2022-05-04 20:41:22,8.26,37,95,20,2,0,0,0,0,24.00,18.55
2022-05-04 20:41:35,1.99,79,229,20,2,0,0,0,0,8.50,8.62
2022-05-04 20:42:22,6.10,87,141,20,2,0,0,0,0,18.00,11.68
2022-05-04 20:44:05,3.32,142,113,20,2,0,0,0,0,14.00,17.97
2022-05-04 20:44:21,3.50,237,113,20,2,0,0,0,0,14.00,15.37
2022-05-04 20:44:21,1.99,140,163,20,2,0,0,0,0,9.50,10.93
2022-05-04 20:46:14,2.60,211,161,20,2,0,0,0,0,10.50,10.82
2022-05-04 20:46:43,2.32,140,238,20,2,0,0,0,0,10.00,10.50
2022-05-04 20:46:59,1.47,164,113,20,2,0,0,0,0,7.00,6.77
2022-05-04 20:47:21,5.23,90,238,20,2,0,0,0,0,17.50,15.08
2022-05-04 20:48:03,1.26,164,107,20,2,0,0,0,0,7.00,7.10
2022-05-04 20:51:21,0.50,236,140,20,2,0,0,0,0,4.00,3.13
2022-05-04 20:52:42,0.80,186,230,20,2,0,0,0,0,6.50,7.03
2022-05-04 20:54:51,0.94,238,151,20,2,0,0,0,0,6.00,6.38
2022-05-04 20:55:41,1.10,107,114,20,2,0,0,0,0,7.50,8.30
2022-05-04 20:56:27,1.30,143,142,20,2,0,0,0,0,7.50,9.00
2022-05-04 20:56:49,1.14,236,75,20,2,0,0,0,0,5.50,4.72
2022-05-04 20:57:00,1.29,48,161,20,2,0,0,0,0,8.75,10.00
2022-05-04 20:58:00,2.91,125,33,20,2,0,0,0,0,13.00,16.63
2022-05-04 20:59:54,3.11,162,239,20,2,0,0,0,0,13.50,14.63
2022-05-04 21:01:36,1.22,249,231,21,2,0,0,0,0,6.50,6.23
2022-05-04 21:03:07,0.80,161,161,21,2,0,0,0,0,5.00,4.42
2022-05-04 21:08:27,2.81,229,239,21,2,0,0,0,0,10.50,10.57
2022-05-04 21:09:43,1.61,43,236,21,2,0,0,0,0,8.00,8.30
2022-05-04 21:12:27,2.89,162,146,21,2,0,0,0,0,14.44,13.80
2022-05-04 21:13:14,8.63,138,137,21,2,1,0,0,0,24.50,15.38
2022-05-04 21:13:36,1.17,249,186,21,2,0,0,0,0,13.50,20.18
2022-05-04 21:17:09,0.70,48,230,21,2,0,0,0,0,5.50,6.32
2022-05-04 21:17:30,8.34,88,24,21,2,0,0,0,0,27.00,26.17
2022-05-04 21:19:57,11.98,138,50,21,2,1,0,0,0,37.00,29.25
2022-05-04 21:20:39,0.95,163,48,21,2,0,0,0,0,6.00,5.87
2022-05-04 21:22:24,2.12,164,48,21,2,0,0,0,0,10.50,13.27
2022-05-04 21:25:00,3.83,113,143,21,2,0,0,0,0,16.59,15.00
2022-05-04 21:26:59,2.40,161,249,21,2,0,0,0,0,9.50,10.90
2022-05-04 21:28:58,17.90,132,107,21,2,1,0,0,0,52.00,32.28
2022-05-04 21:30:25,2.43,50,233,21,2,0,0,0,0,12.39,12.55
2022-05-04 21:30:55,0.60,230,162,21,2,0,0,0,0,5.00,4.32
2022-05-04 21:37:28,3.87,209,50,21,2,0,0,0,0,15.00,15.68
2022-05-04 21:37:32,2.57,143,238,21,2,0,0,0,0,9.50,6.35
2022-05-04 21:37:40,4.10,246,144,21,2,0,0,0,0,17.00,23.83
2022-05-04 21:37:49,3.41,170,75,21,2,0,0,0,0,12.50,12.23
2022-05-04 21:42:52,3.82,158,97,21,2,0,0,0,0,15.00,18.25
2022-05-04 21:48:15,1.29,161,237,21,2,0,0,0,0,6.00,5.20
2022-05-04 21:48:19,2.40,161,68,21,2,0,0,0,0,10.00,11.07
2022-05-04 21:49:27,18.10,132,142,21,2,1,0,0,0,52.00,50.85
2022-05-04 21:54:34,0.93,263,140,21,2,0,0,0,0,5.00,3.37
2022-05-04 21:54:47,8.65,138,236,21,2,1,0,0,0,25.00,16.55
2022-05-04 21:55:49,3.05,43,158,21,2,0,0,0,0,12.50,14.70
2022-05-04 21:56:26,2.69,162,140,21,2,0,0,0,0,12.00,14.70
2022-05-04 22:02:25,4.51,239,234,22,2,0,0,0,0,16.00,16.08
2022-05-04 22:03:28,1.24,263,140,22,2,0,0,0,0,7.00,6.77
2022-05-04 22:05:27,2.92,144,233,22,2,0,0,0,0,11.50,12.00
2022-05-04 22:07:45,3.41,163,79,22,2,0,0,0,0,13.50,15.95
2022-05-04 22:10:08,5.96,79,132,22,2,1,0,0,0,22.00,26.42
2022-05-04 22:10:45,8.50,161,189,22,2,0,0,0,0,28.50,31.42
2022-05-04 22:14:36,6.87,114,140,22,2,0,0,0,0,26.50,32.25
2022-05-04 22:18:43,5.96,209,141,22,2,0,0,0,0,18.00,11.57
2022-05-04 22:22:39,5.72,164,25,22,2,0,0,0,0,23.00,31.50
2022-05-04 22:27:59,1.41,234,161,22,2,0,0,0,0,6.50,5.35
2022-05-04 22:29:24,11.14,138,106,22,2,1,0,0,0,32.00,22.90
2022-05-04 22:29:52,2.20,237,75,22,2,0,0,0,0,9.00,8.52
2022-05-04 22:30:07,2.14,79,231,22,2,0,0,0,0,10.00,11.62
2022-05-04 22:38:07,5.40,186,87,22,2,0,0,0,0,19.00,16.40
2022-05-04 22:39:06,0.80,161,161,22,2,0,0,0,0,5.00,4.85
2022-05-04 22:42:00,1.60,48,68,22,2,0,0,0,0,8.50,10.15
2022-05-04 22:44:51,4.94,79,13,22,2,0,0,0,0,18.50,19.03
2022-05-04 22:46:45,2.20,161,238,22,2,0,0,0,0,9.00,8.47
2022-05-04 22:47:59,1.28,263,140,22,2,0,0,0,0,6.00,5.58
2022-05-04 22:51:31,0.68,143,143,22,2,0,0,0,0,4.50,2.92
2022-05-04 22:51:48,2.40,48,249,22,2,0,0,0,0,12.00,13.95
2022-05-04 22:53:01,11.24,125,243,22,2,0,0,0,0,34.00,24.88
2022-05-04 23:01:09,1.20,158,231,23,2,0,0,0,0,6.00,5.88
2022-05-04 23:01:18,10.01,138,49,23,2,1,0,0,0,29.50,21.60
2022-05-04 23:06:09,1.80,114,231,23,2,0,0,0,0,9.00,10.33
2022-05-04 23:15:42,8.62,43,231,23,2,0,0,0,0,26.50,24.28
2022-05-04 23:17:48,2.77,142,249,23,2,0,0,0,0,11.00,11.00
2022-05-04 23:17:50,2.93,43,234,23,2,0,0,0,0,11.50,11.33
2022-05-04 23:22:37,1.90,114,211,23,2,0,0,0,0,8.50,9.47
2022-05-04 23:28:05,3.03,79,237,23,2,0,0,0,0,13.00,15.35
2022-05-04 23:36:49,1.20,162,141,23,2,0,0,0,0,6.50,7.20
2022-05-04 23:48:54,2.28,100,141,23,2,0,0,0,0,10.50,12.73
2022-05-04 23:49:07,1.70,140,170,23,2,0,0,0,0,8.00,7.85
2022-05-04 23:52:17,1.80,100,79,23,2,0,0,0,0,10.00,11.63
2022-05-05 00:01:00,3.80,79,25,0,3,0,0,0,0,15.50,20.20
2022-05-05 00:09:27,0.73,164,68,0,3,0,0,0,0,5.50,5.98
2022-05-05 00:19:28,0.90,144,231,0,3,0,0,0,0,5.50,4.52
2022-05-05 00:30:59,4.73,24,164,0,3,0,0,0,0,18.00,19.27
2022-05-05 00:34:01,0.80,246,68,0,3,0,0,0,0,4.50,2.65
2022-05-05 00:42:39,0.70,116,152,0,3,0,0,0,0,5.00,4.18
2022-05-05 00:51:30,2.19,170,263,0,3,0,0,0,0,8.00,6.07
2022-05-05 00:58:21,2.23,234,48,0,3,0,0,0,0,9.00,8.88
2022-05-05 01:03:06,1.54,107,162,1,3,0,0,0,0,6.00,3.77
2022-05-05 01:04:23,1.50,90,79,1,3,0,0,0,0,7.50,7.10
2022-05-05 01:09:17,1.55,249,107,1,3,0,0,0,0,7.00,5.90
2022-05-05 01:14:49,17.16,132,255,1,3,1,0,0,0,47.50,27.08
2022-05-05 01:16:24,5.40,132,130,1,3,1,0,0,0,16.50,9.48
2022-05-05 01:23:05,6.07,230,256,1,3,0,0,0,0,19.50,15.72
2022-05-05 01:25:06,1.57,68,230,1,3,0,0,0,0,8.50,9.80
2022-05-05 01:25:20,1.06,186,48,1,3,0,0,0,0,7.00,7.18
2022-05-05 01:34:51,4.06,186,13,1,3,0,0,0,0,14.00,13.78
2022-05-05 01:40:19,1.56,249,209,1,3,0,0,0,0,7.50,7.68
2022-05-05 01:53:50,1.42,162,137,1,3,0,0,0,0,6.00,4.03
2022-05-05 01:59:38,2.94,137,262,1,3,0,0,0,0,10.00,7.13
2022-05-05 02:01:43,2.64,164,148,2,3,0,0,0,0,10.00,9.13
2022-05-05 02:41:02,0.98,137,164,2,3,0,0,0,0,5.50,4.18
2022-05-05 03:46:20,0.12,246,246,3,3,0,0,0,0,3.00,1.12
2022-05-05 05:04:00,4.21,48,193,5,3,0,0,0,0,14.00,12.47
2022-05-05 05:13:00,10.37,48,138,5,3,1,0,0,0,34.31,23.00
2022-05-05 05:15:57,1.20,263,140,5,3,0,0,0,0,6.50,5.20
2022-05-05 05:16:50,1.50,239,166,5,3,0,0,0,0,7.50,8.12
2022-05-05 05:27:33,16.80,237,132,5,3,1,0,0,0,52.00,31.17
2022-05-05 05:29:56,0.60,48,170,5,3,0,0,0,0,4.50,3.55
2022-05-05 05:37:08,1.61,230,141,5,3,0,0,0,0,9.39,8.33
2022-05-05 05:47:36,11.02,231,138,5,3,1,0,0,0,32.00,19.00
2022-05-05 05:53:00,1.90,237,161,5,3,0,0,0,0,8.00,7.22
2022-05-05 05:57:43,0.92,186,233,5,3,0,0,0,0,6.50,7.13
2022-05-05 06:10:02,1.50,43,140,6,3,0,0,0,0,8.50,10.73
2022-05-05 06:10:22,0.84,100,186,6,3,0,0,0,0,4.50,3.33
2022-05-05 06:30:02,2.10,68,114,6,3,0,0,0,0,10.00,11.70
2022-05-05 06:30:08,4.70,239,231,6,3,0,0,0,0,16.00,17.47
2022-05-05 06:36:39,2.06,170,68,6,3,0,0,0,0,8.50,6.83
2022-05-05 06:36:40,1.70,48,234,6,3,0,0,0,0,9.00,10.53
2022-05-05 06:41:24,3.41,231,230,6,3,0,0,0,0,13.00,13.50
2022-05-05 06:43:54,1.50,186,107,6,3,0,0,0,0,8.00,8.53
2022-05-05 06:44:41,0.70,249,90,6,3,0,0,0,0,4.50,2.87
2022-05-05 06:47:00,5.63,238,231,6,3,0,0,0,0,21.54,17.00
2022-05-05 06:52:26,0.39,236,236,6,3,0,0,0,0,4.00,3.13
2022-05-05 06:55:27,1.82,236,162,6,3,0,0,0,0,7.50,5.90
2022-05-05 06:57:46,2.00,107,230,6,3,0,0,0,0,8.00,6.97
2022-05-05 07:08:46,2.29,246,137,7,3,0,1,0,0,13.00,18.08
2022-05-05 07:13:42,2.12,186,211,7,3,0,1,0,0,9.00,9.93
2022-05-05 07:15:00,5.36,42,161,7,3,0,1,0,0,25.70,20.00
2022-05-05 07:19:08,3.50,262,234,7,3,0,1,0,0,15.00,17.83
2022-05-05 07:20:15,0.99,141,161,7,3,0,1,0,0,6.50,6.88
2022-05-05 07:22:08,1.64,236,161,7,3,0,1,0,0,8.00,8.68
2022-05-05 07:24:52,5.13,238,137,7,3,0,1,0,0,18.00,17.27
2022-05-05 07:27:02,5.23,13,137,7,3,0,1,0,0,17.00,13.77
2022-05-05 07:31:22,2.18,262,170,7,3,0,1,0,0,8.50,5.93
2022-05-05 07:31:35,2.08,68,68,7,3,0,1,0,0,8.00,27.10
2022-05-05 07:37:15,2.59,263,143,7,3,0,1,0,0,14.23,15.32
2022-05-05 07:41:29,0.98,161,170,7,3,0,1,0,0,6.50,7.00
2022-05-05 07:42:13,1.12,43,236,7,3,0,1,0,0,6.00,5.80
2022-05-05 07:42:54,1.82,100,162,7,3,0,1,0,0,9.00,10.33
2022-05-05 07:52:00,3.10,162,231,7,3,0,1,0,0,12.00,14.10
2022-05-05 07:52:20,2.48,236,170,7,3,0,1,0,0,11.00,12.75
2022-05-05 07:53:49,2.80,79,162,7,3,0,1,0,0,11.00,12.58
2022-05-05 07:54:08,5.18,262,79,7,3,0,1,0,0,17.00,14.55
2022-05-05 07:56:04,7.90,100,129,7,3,0,1,0,0,27.00,29.62
2022-05-05 07:56:09,18.10,239,1,7,3,1,1,0,0,67.50,34.20
2022-05-05 08:05:00,5.23,88,170,8,3,0,1,0,0,19.69,16.00
2022-05-05 08:08:17,1.60,186,162,8,3,0,1,0,0,9.50,12.45
2022-05-05 08:08:49,0.50,100,230,8,3,0,1,0,0,4.50,3.55
2022-05-05 08:15:12,0.86,141,141,8,3,0,1,0,0,6.00,7.00
2022-05-05 08:25:56,22.00,132,142,8,3,1,1,0,0,52.00,80.78
2022-05-05 08:27:44,2.50,79,229,8,3,0,1,0,0,9.50,8.82
2022-05-05 08:30:34,1.85,161,170,8,3,0,1,0,0,10.50,14.33
2022-05-05 08:31:18,1.92,68,230,8,3,0,1,0,0,12.00,17.18
2022-05-05 08:31:41,1.07,7,193,8,3,0,1,0,0,5.50,4.43
2022-05-05 08:32:10,1.04,143,48,8,3,0,1,0,0,7.50,8.82
2022-05-05 08:39:30,0.80,141,263,8,3,0,1,0,0,6.00,6.68
2022-05-05 08:40:00,2.99,232,170,8,3,0,1,0,0,16.96,18.00
2022-05-05 08:40:36,1.20,231,158,8,3,0,1,0,0,7.50,8.77
2022-05-05 08:54:07,1.32,41,151,8,3,0,1,0,0,7.50,7.83
2022-05-05 08:57:45,3.99,13,100,8,3,0,1,0,0,18.00,24.15
2022-05-05 08:58:55,1.00,100,161,8,3,0,1,0,0,6.00,6.35
2022-05-05 09:03:22,1.15,170,230,9,3,0,1,0,0,7.50,9.40
2022-05-05 09:03:44,1.87,79,229,9,3,0,1,0,0,8.50,9.13
2022-05-05 09:03:56,1.11,161,237,9,3,0,1,0,0,6.00,6.43
2022-05-05 09:04:46,1.40,229,100,9,3,0,1,0,0,12.00,17.87
2022-05-05 09:09:55,1.05,141,236,9,3,0,1,0,0,6.00,6.47
2022-05-05 09:15:29,1.46,107,100,9,3,0,1,0,0,10.00,13.52
2022-05-05 09:25:11,1.49,90,230,9,3,0,1,0,0,14.00,22.12
2022-05-05 09:25:58,1.20,249,68,9,3,0,1,0,0,6.50,7.30
2022-05-05 09:27:51,1.50,75,151,9,3,0,1,0,0,9.50,12.28
2022-05-05 09:31:52,1.43,43,236,9,3,0,1,0,0,7.50,7.33
2022-05-05 09:34:39,2.40,236,161,9,3,0,1,0,0,13.00,17.82
2022-05-05 09:36:02,1.40,164,237,9,3,0,1,0,0,12.00,18.25
2022-05-05 09:37:29,3.56,79,140,9,3,0,1,0,0,18.00,24.68
2022-05-05 09:40:37,1.37,48,43,9,3,0,1,0,0,8.00,9.30
2022-05-05 09:42:27,0.80,237,161,9,3,0,1,0,0,5.00,5.77
2022-05-05 09:42:44,1.70,100,237,9,3,0,1,0,0,13.00,20.03
2022-05-05 09:46:39,0.75,162,107,9,3,0,1,0,0,5.50,5.83
2022-05-05 09:47:38,5.23,163,231,9,3,0,1,0,0,22.00,29.83
2022-05-05 09:47:40,0.49,68,246,9,3,0,1,0,0,3.50,1.98
2022-05-05 09:48:29,1.32,142,48,9,3,0,1,0,0,6.50,6.20
2022-05-05 09:53:09,5.16,43,246,9,3,0,1,0,0,19.00,22.22
2022-05-05 09:59:14,1.25,186,230,9,3,0,1,0,0,14.50,23.65
2022-05-05 10:00:14,1.38,68,161,10,3,0,0,0,0,11.50,17.22
2022-05-05 10:00:54,0.86,186,249,10,3,0,0,0,0,5.00,4.60
2022-05-05 10:03:53,1.73,230,43,10,3,0,0,0,0,9.50,11.12
2022-05-05 10:05:22,3.40,140,234,10,3,0,0,0,0,15.50,18.93
2022-05-05 10:08:01,0.65,162,233,10,3,0,0,0,0,5.00,5.58
2022-05-05 10:13:32,0.76,262,237,10,3,0,0,0,0,5.00,5.10
2022-05-05 10:22:50,2.70,262,170,10,3,0,0,0,0,11.50,11.33
2022-05-05 10:24:01,0.70,211,148,10,3,0,0,0,0,6.50,7.68
2022-05-05 10:27:08,3.18,162,113,10,3,0,0,0,0,20.00,31.92
2022-05-05 10:30:48,1.44,145,193,10,3,0,0,0,0,7.60,8.25
2022-05-05 10:34:39,1.26,262,237,10,3,0,0,0,0,8.00,9.72
2022-05-05 10:35:48,0.60,229,233,10,3,0,0,0,0,5.50,5.93
2022-05-05 10:40:54,1.55,148,107,10,3,0,0,0,0,7.00,7.08
2022-05-05 10:40:56,0.60,68,234,10,3,0,0,0,0,7.00,9.70
2022-05-05 10:41:23,1.07,263,75,10,3,0,0,0,0,5.50,4.28
2022-05-05 10:41:38,1.47,233,164,10,3,0,0,0,0,10.50,14.27
2022-05-05 10:49:21,15.57,249,240,10,3,0,0,0,0,46.00,34.05
2022-05-05 10:51:59,1.00,113,234,10,3,0,0,0,0,6.50,7.53
2022-05-05 10:52:34,3.66,114,48,10,3,0,0,0,0,21.00,31.77
2022-05-05 10:53:50,10.90,138,142,10,3,1,0,0,0,37.00,42.55
2022-05-05 10:55:36,1.54,249,170,10,3,0,0,0,0,9.00,11.92
2022-05-05 10:59:30,17.61,132,43,10,3,1,0,0,0,52.00,66.82
2022-05-05 10:59:59,6.74,162,231,10,3,0,0,0,0,23.50,22.70
2022-05-05 11:05:35,1.45,249,231,11,3,0,0,0,0,11.00,15.30
2022-05-05 11:09:23,2.30,107,230,11,3,0,0,0,0,12.00,16.38
2022-05-05 11:15:38,1.70,151,41,11,3,0,0,0,0,8.50,10.23
2022-05-05 11:18:27,2.08,43,163,11,3,0,0,0,0,11.00,13.80
2022-05-05 11:23:15,0.93,141,43,11,3,0,0,0,0,7.00,8.93
2022-05-05 11:23:58,2.20,186,239,11,3,0,0,0,0,17.50,27.35
2022-05-05 11:25:43,3.39,237,137,11,3,0,0,0,0,13.50,15.38
2022-05-05 11:28:20,6.29,239,261,11,3,0,0,0,0,26.00,33.17
2022-05-05 11:28:54,2.17,163,246,11,3,0,0,0,0,12.00,17.55
2022-05-05 11:32:47,1.39,238,236,11,3,0,0,0,0,8.00,9.15
2022-05-05 11:34:00,1.72,143,230,11,3,0,0,0,0,12.32,14.00
2022-05-05 11:38:41,0.30,229,229,11,3,0,0,0,0,5.00,5.03
2022-05-05 11:38:45,2.10,170,114,11,3,0,0,0,0,12.50,17.25
2022-05-05 11:43:24,1.38,140,263,11,3,0,0,0,0,9.50,12.83
2022-05-05 11:46:40,2.30,237,50,11,3,0,0,0,0,13.50,19.02
2022-05-05 11:50:25,2.00,186,144,11,3,0,0,0,0,12.50,18.73
2022-05-05 11:52:22,0.65,230,162,11,3,0,0,0,0,6.00,7.02
2022-05-05 11:54:38,1.60,238,236,11,3,0,0,0,0,9.00,10.70
2022-05-05 11:55:55,0.80,237,140,11,3,0,0,0,0,7.50,10.12
2022-05-05 11:58:21,3.17,142,107,11,3,0,0,0,0,18.50,29.28
2022-05-05 12:02:22,2.63,237,186,12,3,0,0,0,0,17.00,27.35
2022-05-05 12:03:35,0.78,236,237,12,3,0,0,0,0,6.50,6.87
2022-05-05 12:07:26,0.80,246,68,12,3,0,0,0,0,6.00,7.20
2022-05-05 12:08:26,1.31,162,43,12,3,0,0,0,0,10.00,14.03
2022-05-05 12:12:42,3.50,113,236,12,3,0,0,0,0,21.50,34.10
2022-05-05 12:16:31,2.10,140,170,12,3,0,0,0,0,13.00,19.45
2022-05-05 12:22:00,2.01,263,238,12,3,0,0,0,0,11.53,16.15
2022-05-05 12:24:00,2.05,68,113,12,3,0,0,0,0,13.50,21.48
2022-05-05 12:24:32,2.40,161,239,12,3,0,0,0,0,13.50,22.25
2022-05-05 12:27:10,1.34,142,238,12,3,0,0,0,0,8.00,9.37
2022-05-05 12:27:22,17.70,132,164,12,3,1,0,0,0,52.00,44.88
2022-05-05 12:30:32,0.80,261,231,12,3,0,0,0,0,5.50,6.60
2022-05-05 12:31:23,5.30,231,255,12,3,0,0,0,0,20.50,22.00
2022-05-05 12:34:35,1.45,236,162,12,3,0,0,0,0,10.00,13.77
2022-05-05 12:35:59,0.31,237,237,12,3,0,0,0,0,4.00,4.15
2022-05-05 12:37:19,0.90,237,237,12,3,0,0,0,0,5.50,5.32
2022-05-05 12:39:41,0.93,236,237,12,3,0,0,0,0,7.00,8.62
2022-05-05 12:42:44,0.75,163,237,12,3,0,0,0,0,7.50,9.98
2022-05-05 12:44:41,0.33,249,125,12,3,0,0,0,0,3.50,2.53
2022-05-05 12:45:22,1.61,236,75,12,3,0,0,0,0,7.50,7.42
2022-05-05 12:46:47,4.50,231,237,12,3,0,0,0,0,22.50,33.28
2022-05-05 12:49:08,1.10,236,141,12,3,0,0,0,0,9.50,14.08
2022-05-05 12:53:57,2.10,239,262,12,3,0,0,0,0,12.00,16.55
2022-05-05 12:54:01,0.32,43,142,12,3,0,0,0,0,4.00,3.02
2022-05-05 12:54:36,0.53,141,141,12,3,0,0,0,0,7.50,10.42
2022-05-05 12:55:40,1.19,193,226,12,3,0,0,0,0,9.50,12.83
2022-05-05 12:55:58,3.70,237,158,12,3,0,0,0,0,20.00,32.25
2022-05-05 12:56:52,1.51,186,170,12,3,0,0,0,0,14.00,22.63
2022-05-05 12:58:20,2.37,170,68,12,3,0,0,0,0,13.00,19.22
2022-05-05 12:59:51,1.90,114,13,12,3,0,0,0,0,10.00,11.58
2022-05-05 13:05:10,0.71,151,238,13,3,0,0,0,0,5.00,4.55
2022-05-05 13:05:51,12.40,138,113,13,3,1,0,0,0,40.00,41.08
2022-05-05 13:07:38,2.20,144,170,13,3,0,0,0,0,11.50,15.02
2022-05-05 13:07:40,1.13,262,141,13,3,0,0,0,0,10.00,14.40
2022-05-05 13:10:00,2.00,163,236,13,3,0,0,0,0,12.00,17.43
2022-05-05 13:15:11,3.10,230,144,13,3,0,0,0,0,17.50,27.90
2022-05-05 13:16:36,0.20,262,262,13,3,0,0,0,0,3.50,2.68
2022-05-05 13:21:06,2.68,246,170,13,3,0,0,0,0,16.00,25.07
2022-05-05 13:21:10,5.97,114,75,13,3,0,0,0,0,21.50,23.95
2022-05-05 13:24:54,4.31,186,261,13,3,0,0,0,0,18.50,22.25
2022-05-05 13:26:00,1.42,142,239,13,3,0,0,0,0,8.50,10.87
2022-05-05 13:27:49,17.85,132,68,13,3,1,0,0,0,52.00,62.52
2022-05-05 13:29:21,2.61,7,229,13,3,0,0,0,0,13.00,17.97
2022-05-05 13:30:28,0.80,236,75,13,3,0,0,0,0,6.00,6.25
2022-05-05 13:32:46,0.76,170,107,13,3,0,0,0,0,5.00,4.22
2022-05-05 13:33:12,11.00,70,230,13,3,0,0,0,0,35.50,35.88
2022-05-05 13:34:48,1.72,236,140,13,3,0,0,0,0,10.50,14.30
2022-05-05 13:41:03,1.99,262,43,13,3,0,0,0,0,11.50,15.47
2022-05-05 13:41:15,0.53,141,141,13,3,0,0,0,0,4.50,3.93
2022-05-05 13:48:43,2.60,261,33,13,3,0,0,0,0,12.50,16.85
2022-05-05 13:50:07,3.03,161,211,13,3,0,0,0,0,18.50,30.13
2022-05-05 13:51:48,1.73,236,24,13,3,0,0,0,0,8.50,9.20
2022-05-05 13:53:08,0.80,68,158,13,3,0,0,0,0,6.50,7.52
2022-05-05 13:53:59,3.30,224,88,13,3,0,0,0,0,10.50,5.73
2022-05-05 13:54:54,2.03,68,142,13,3,0,0,0,0,10.50,13.02
2022-05-05 13:56:09,4.09,7,43,13,3,0,0,0,0,21.40,33.83
2022-05-05 13:57:39,2.10,211,88,13,3,0,0,0,0,12.00,15.37
2022-05-05 14:00:16,2.12,246,163,14,3,0,0,0,0,10.50,13.97
2022-05-05 14:02:05,2.06,141,170,14,3,0,0,0,0,14.50,21.63
2022-05-05 14:03:27,3.61,236,68,14,3,0,0,0,0,20.50,32.45
2022-05-05 14:03:32,10.99,163,138,14,3,1,0,0,0,36.00,35.60
2022-05-05 14:04:08,0.69,230,164,14,3,0,0,0,0,4.50,3.45
2022-05-05 14:05:58,1.29,107,170,14,3,0,0,0,0,7.00,8.12
2022-05-05 14:10:49,1.64,48,186,14,3,0,0,0,0,9.50,12.50
2022-05-05 14:11:11,5.90,231,237,14,3,0,0,0,0,28.00,40.05
2022-05-05 14:13:32,1.88,163,164,14,3,0,0,0,0,11.00,15.42
2022-05-05 14:22:27,2.30,162,143,14,3,0,0,0,0,13.00,18.48
2022-05-05 14:23:44,17.81,132,148,14,3,1,0,0,0,52.00,51.07
2022-05-05 14:24:12,2.60,163,246,14,3,0,0,0,0,14.50,20.47
2022-05-05 14:24:14,0.53,238,151,14,3,0,0,0,0,4.00,3.30
2022-05-05 14:24:58,1.37,239,142,14,3,0,0,0,0,7.50,8.13
2022-05-05 14:26:04,2.70,143,158,14,3,0,0,0,0,12.50,15.42
2022-05-05 14:31:02,2.80,142,263,14,3,0,0,0,0,14.50,20.30
2022-05-05 14:32:38,13.50,138,161,14,3,1,0,0,0,42.00,40.77
2022-05-05 14:34:26,12.30,132,138,14,3,1,0,0,0,34.50,26.03
2022-05-05 14:36:06,1.89,236,142,14,3,0,0,0,0,12.00,15.92
2022-05-05 14:37:09,2.20,236,74,14,3,0,0,0,0,14.00,20.98
2022-05-05 14:41:54,0.90,163,236,14,3,0,0,0,0,7.00,9.03
2022-05-05 14:42:05,1.15,236,236,14,3,0,0,0,0,7.50,8.43
2022-05-05 14:44:45,2.41,170,236,14,3,0,0,0,0,14.00,20.57
2022-05-05 14:44:58,0.70,161,50,14,3,0,0,0,0,6.50,9.03
2022-05-05 14:46:18,1.35,140,236,14,3,0,0,0,0,7.00,7.60
2022-05-05 14:46:28,1.29,237,170,14,3,0,0,0,0,8.00,9.65
2022-05-05 14:53:03,0.97,237,236,14,3,0,0,0,0,9.00,12.28
2022-05-05 14:55:04,15.59,132,108,14,3,1,0,0,0,48.50,54.90
2022-05-05 14:56:03,1.11,164,162,14,3,0,0,0,0,7.00,7.70
2022-05-05 14:56:58,1.37,236,162,14,3,0,0,0,0,10.50,15.45
2022-05-05 15:02:58,0.50,236,237,15,3,0,0,0,0,5.50,5.70
2022-05-05 15:03:45,1.00,186,161,15,3,0,0,0,0,7.50,9.72
2022-05-05 15:07:47,3.55,232,231,15,3,0,0,0,0,15.50,18.90
2022-05-05 15:09:05,0.36,229,229,15,3,0,0,0,0,3.50,2.62
2022-05-05 15:10:28,1.60,237,236,15,3,0,0,0,0,8.00,10.88
2022-05-05 15:10:32,0.90,237,237,15,3,0,0,0,0,5.50,6.55
2022-05-05 15:11:03,0.74,48,68,15,3,0,0,0,0,5.50,5.82
2022-05-05 15:11:53,1.45,140,75,15,3,0,0,0,0,7.50,8.78
2022-05-05 15:13:58,1.90,24,142,15,3,0,0,0,0,11.00,14.05
2022-05-05 15:17:08,1.70,234,233,15,3,0,0,0,0,11.00,16.13
2022-05-05 15:22:02,3.61,132,218,15,3,1,0,0,0,14.00,13.60
2022-05-05 15:22:17,0.44,236,263,15,3,0,0,0,0,4.00,3.10
2022-05-05 15:27:09,1.10,236,239,15,3,0,0,0,0,7.50,9.03
2022-05-05 15:27:25,1.57,238,263,15,3,0,0,0,0,9.50,12.62
2022-05-05 15:27:46,3.68,100,151,15,3,0,0,0,0,19.50,28.50
2022-05-05 15:28:11,2.48,164,236,15,3,0,0,0,0,14.50,21.88
2022-05-05 15:29:28,2.50,161,262,15,3,0,0,0,0,16.00,24.53
2022-05-05 15:30:00,3.83,112,186,15,3,0,0,0,0,20.61,31.00
2022-05-05 15:31:01,2.00,238,163,15,3,0,0,0,0,11.50,15.87
2022-05-05 15:35:14,4.50,186,33,15,3,0,0,0,0,24.50,38.87
2022-05-05 15:35:32,1.55,236,163,15,3,0,0,0,0,11.50,16.88
2022-05-05 15:36:34,1.63,230,239,15,3,0,0,0,0,9.50,13.03
2022-05-05 15:36:37,2.84,113,33,15,3,0,0,0,0,16.50,23.62
2022-05-05 15:39:06,0.47,161,100,15,3,0,0,0,0,7.00,8.85
2022-05-05 15:42:17,0.42,43,230,15,3,0,0,0,0,4.00,2.38
2022-05-05 15:42:25,17.03,48,132,15,3,1,0,0,0,52.00,90.60
2022-05-05 15:44:31,1.04,236,236,15,3,0,0,0,0,8.00,10.05
2022-05-05 15:46:36,1.55,162,186,15,3,0,0,0,0,11.50,16.57
2022-05-05 15:48:00,3.76,234,13,15,3,0,0,0,0,19.72,23.00
2022-05-05 15:48:28,1.50,143,238,15,3,0,0,0,0,8.50,10.03
2022-05-05 15:50:29,3.44,246,237,15,3,0,0,0,0,18.00,26.23
2022-05-05 15:52:26,0.60,90,246,15,3,0,0,0,0,5.00,5.00
2022-05-05 15:52:51,0.70,143,239,15,3,0,0,0,0,5.00,5.00
2022-05-05 15:55:15,1.68,233,68,15,3,0,0,0,0,10.50,15.15
2022-05-05 15:55:52,0.90,230,186,15,3,0,0,0,0,8.00,10.00
2022-05-05 15:58:14,1.00,236,43,15,3,0,0,0,0,8.00,10.68
2022-05-05 16:08:13,0.40,100,230,16,3,0,0,1,0,4.50,4.38
2022-05-05 16:11:00,4.30,144,50,16,3,0,0,1,0,17.00,23.05
2022-05-05 16:17:53,2.50,237,234,16,3,0,0,1,0,15.50,22.90
2022-05-05 16:18:11,0.81,239,238,16,3,0,0,1,0,5.50,5.43
2022-05-05 16:18:19,1.62,238,41,16,3,0,0,1,0,9.00,10.42
2022-05-05 16:19:50,0.69,249,125,16,3,0,0,1,0,31.50,23.07
2022-05-05 16:21:30,2.69,125,161,16,3,0,0,1,0,15.00,22.12
2022-05-05 16:24:10,13.73,161,132,16,3,1,0,1,0,52.00,77.48
2022-05-05 16:24:15,0.64,237,43,16,3,0,0,1,0,6.50,8.30
2022-05-05 16:25:00,2.03,48,43,16,3,0,0,1,0,10.50,13.13
2022-05-05 16:26:38,4.41,164,74,16,3,0,0,1,0,19.00,25.80
2022-05-05 16:26:42,2.86,161,114,16,3,0,0,1,0,14.50,20.22
2022-05-05 16:27:05,5.11,229,42,16,3,0,0,1,0,24.50,37.83
2022-05-05 16:28:05,0.61,140,237,16,3,0,0,1,0,6.00,6.43
2022-05-05 16:28:23,1.39,236,238,16,3,0,0,1,0,9.50,13.33
2022-05-05 16:31:00,3.74,237,158,16,3,0,0,1,0,19.90,33.00
2022-05-05 16:34:33,15.90,100,132,16,3,1,0,1,0,52.00,78.85
2022-05-05 16:35:22,1.11,238,166,16,3,0,0,1,0,5.50,4.42
2022-05-05 16:40:18,3.16,143,152,16,3,0,0,1,0,14.50,18.00
2022-05-05 16:41:08,1.04,237,141,16,3,0,0,1,0,7.50,9.02
2022-05-05 16:41:41,1.21,170,224,16,3,0,0,1,0,10.00,13.87
2022-05-05 16:42:23,1.96,74,166,16,3,0,0,1,0,12.00,16.95
2022-05-05 16:44:55,1.20,236,141,16,3,0,0,1,0,7.50,8.72
2022-05-05 16:45:00,5.07,249,236,16,3,0,0,1,0,23.20,39.00
2022-05-05 16:45:04,0.64,162,237,16,3,0,0,1,0,4.50,3.75
2022-05-05 16:46:46,3.69,170,238,16,3,0,0,1,0,20.00,30.00
2022-05-05 16:46:58,1.00,114,79,16,3,0,0,1,0,6.00,6.40
2022-05-05 16:51:05,0.53,142,142,16,3,0,0,1,0,5.00,4.33
2022-05-05 16:53:07,2.85,90,229,16,3,0,0,1,0,14.50,20.17
2022-05-05 16:55:33,1.65,144,164,16,3,0,0,1,0,9.00,11.22
2022-05-05 16:56:24,3.27,162,211,16,3,0,0,1,0,16.50,24.70
2022-05-05 16:57:07,1.70,90,48,16,3,0,0,1,0,11.50,16.45
2022-05-05 16:58:34,2.27,163,238,16,3,0,0,1,0,12.00,16.38
2022-05-05 16:59:28,1.50,239,163,16,3,0,0,1,0,8.50,11.47
2022-05-05 17:00:42,6.10,237,116,17,3,0,0,1,0,30.50,47.28
2022-05-05 17:02:12,2.30,211,246,17,3,0,0,1,0,15.00,22.68
2022-05-05 17:06:35,3.00,140,50,17,3,0,0,1,0,15.50,22.38
2022-05-05 17:07:52,2.50,68,231,17,3,0,0,1,0,12.00,14.83
2022-05-05 17:09:57,1.58,141,263,17,3,0,0,1,0,8.50,10.03
2022-05-05 17:11:03,0.20,161,163,17,3,0,0,1,0,4.00,3.33
2022-05-05 17:11:13,3.70,113,236,17,3,0,0,1,0,17.50,23.90
2022-05-05 17:12:12,1.68,151,41,17,3,0,0,1,0,10.50,20.42
2022-05-05 17:12:45,1.10,231,113,17,3,0,0,1,0,6.00,5.45
2022-05-05 17:13:37,2.40,170,142,17,3,0,0,1,0,14.50,21.40
2022-05-05 17:14:06,2.97,142,236,17,3,0,0,1,0,15.00,20.73
2022-05-05 17:15:26,16.20,132,89,17,3,1,0,1,0,49.00,44.95
2022-05-05 17:17:44,1.10,262,75,17,3,0,0,1,0,6.50,7.28
2022-05-05 17:17:49,0.94,141,263,17,3,0,0,1,0,7.00,8.37
2022-05-05 17:24:43,0.37,236,236,17,3,0,0,1,0,4.00,2.73
2022-05-05 17:24:53,1.75,186,114,17,3,0,0,1,0,10.00,13.83
2022-05-05 17:27:20,0.85,48,68,17,3,0,0,1,0,6.00,6.15
2022-05-05 17:30:04,3.03,246,239,17,3,0,0,1,0,12.50,14.45
2022-05-05 17:30:22,2.21,230,246,17,3,0,0,1,0,13.50,20.47
2022-05-05 17:30:24,3.36,237,249,17,3,0,0,1,0,23.00,38.30
2022-05-05 17:30:24,1.20,170,234,17,3,0,0,1,0,8.50,10.48
2022-05-05 17:32:29,1.97,107,162,17,3,0,0,1,0,9.50,10.15
2022-05-05 17:32:43,0.75,237,236,17,3,0,0,1,0,4.50,2.55
2022-05-05 17:36:11,4.53,234,37,17,3,0,0,1,0,20.00,27.25
2022-05-05 17:37:02,2.80,166,142,17,3,0,0,1,0,13.50,16.18
2022-05-05 17:38:10,1.60,263,239,17,3,0,0,1,0,10.00,14.20
2022-05-05 17:38:42,12.12,48,138,17,3,1,0,1,0,40.50,45.83
2022-05-05 17:40:10,2.45,143,100,17,3,0,0,1,0,12.50,16.75
2022-05-05 17:40:32,2.91,238,152,17,3,0,0,1,0,15.50,21.85
2022-05-05 17:44:55,1.92,100,249,17,3,0,0,1,0,11.00,14.65
2022-05-05 17:45:22,2.80,237,107,17,3,0,0,1,0,18.50,31.57
2022-05-05 17:49:02,0.87,90,68,17,3,0,0,1,0,6.00,6.22
2022-05-05 17:53:40,1.40,262,236,17,3,0,0,1,0,8.00,8.90
2022-05-05 17:56:12,1.18,142,163,17,3,0,0,1,0,7.00,8.32
2022-05-05 17:56:14,2.39,224,170,17,3,0,0,1,0,12.50,17.08
2022-05-05 17:56:46,1.00,90,107,17,3,0,0,1,0,6.00,6.67
2022-05-05 17:59:54,5.00,230,7,17,3,0,0,1,0,23.50,33.70
2022-05-05 18:01:59,0.40,231,211,18,3,0,0,1,0,5.50,5.92
2022-05-05 18:03:17,2.63,79,230,18,3,0,0,1,0,13.00,18.07
2022-05-05 18:05:19,2.01,262,237,18,3,0,0,1,0,10.00,12.98
2022-05-05 18:06:16,0.91,161,48,18,3,0,0,1,0,8.50,11.98
2022-05-05 18:06:43,5.00,234,255,18,3,0,0,1,0,21.50,28.85
2022-05-05 18:06:52,0.66,170,137,18,3,0,0,1,0,5.00,5.22
2022-05-05 18:07:48,3.30,236,107,18,3,0,0,1,0,18.00,27.37
2022-05-05 18:08:58,1.60,140,48,18,3,0,0,1,0,14.00,22.48
2022-05-05 18:09:39,1.43,158,246,18,3,0,0,1,0,7.00,5.68
2022-05-05 18:10:32,1.63,163,246,18,3,0,0,1,0,9.50,13.02
2022-05-05 18:12:37,3.67,224,231,18,3,0,0,1,0,13.50,15.80
2022-05-05 18:13:13,0.60,262,236,18,3,0,0,1,0,5.00,4.70
2022-05-05 18:13:27,2.04,238,152,18,3,0,0,1,0,11.25,11.15
2022-05-05 18:13:36,3.59,140,79,18,3,0,0,1,0,18.00,25.82
2022-05-05 18:16:24,1.40,140,236,18,3,0,0,1,0,6.50,6.68
2022-05-05 18:21:42,1.81,162,50,18,3,0,0,1,0,18.50,31.22
2022-05-05 18:23:28,2.19,237,100,18,3,0,0,1,0,14.50,22.35
2022-05-05 18:25:41,0.95,141,229,18,3,0,0,1,0,7.50,9.42
2022-05-05 18:25:47,2.00,50,161,18,3,0,0,1,0,12.50,18.28
2022-05-05 18:26:27,0.90,263,237,18,3,0,0,1,0,5.00,4.92
2022-05-05 18:32:46,1.47,236,140,18,3,0,0,1,0,7.50,9.18
2022-05-05 18:33:39,1.91,144,164,18,3,0,0,1,0,10.50,14.05
2022-05-05 18:35:23,1.20,237,75,18,3,0,0,1,0,6.50,6.02
2022-05-05 18:37:09,3.63,246,141,18,3,0,0,1,0,19.00,27.68
2022-05-05 18:39:16,0.95,237,161,18,3,0,0,1,0,6.50,6.47
2022-05-05 18:40:42,21.20,132,235,18,3,1,0,1,0,59.50,41.95
2022-05-05 18:41:51,1.00,161,237,18,3,0,0,1,0,8.00,10.50
2022-05-05 18:42:29,5.40,65,107,18,3,0,0,1,0,23.00,27.95
2022-05-05 18:45:08,8.80,262,138,18,3,1,0,1,0,25.50,24.15
2022-05-05 18:46:19,1.01,246,90,18,3,0,0,1,0,6.00,7.20
2022-05-05 18:49:33,2.36,162,262,18,3,0,0,1,0,10.00,10.73
2022-05-05 18:49:50,3.11,90,231,18,3,0,0,1,0,18.50,29.02
2022-05-05 18:50:00,4.40,236,170,18,3,0,0,1,0,23.38,34.00
2022-05-05 18:50:11,1.50,162,141,18,3,0,0,1,0,8.50,9.55
2022-05-05 18:51:48,1.00,163,164,18,3,0,0,1,0,10.00,15.15
2022-05-05 18:52:18,2.06,90,231,18,3,0,0,1,0,10.50,12.70
2022-05-05 18:53:42,2.30,142,236,18,3,0,0,1,0,9.50,9.53
2022-05-05 18:56:00,7.26,209,75,18,3,0,0,1,0,29.24,13.00
2022-05-05 18:58:54,0.91,161,100,18,3,0,0,1,0,10.50,16.05
2022-05-05 19:01:39,2.13,211,100,19,3,0,0,1,0,11.00,14.15
2022-05-05 19:04:53,2.80,143,246,19,3,0,0,1,0,13.50,17.68
2022-05-05 19:10:32,0.50,263,263,19,3,0,0,1,0,6.00,7.22
2022-05-05 19:14:50,2.45,170,236,19,3,0,0,1,0,11.00,12.48
2022-05-05 19:15:20,1.59,161,140,19,3,0,0,1,0,8.00,9.07
2022-05-05 19:18:37,4.08,186,24,19,3,0,0,1,0,16.00,19.48
2022-05-05 19:19:17,1.51,24,238,19,3,0,0,1,0,7.00,6.43
2022-05-05 19:30:21,1.55,236,151,19,3,0,0,1,0,7.50,7.22
2022-05-05 19:31:53,3.65,246,239,19,3,0,0,1,0,14.00,13.77
2022-05-05 19:31:58,1.26,43,43,19,3,0,0,1,0,9.00,11.53
2022-05-05 19:32:49,1.92,48,158,19,3,0,0,1,0,11.00,14.87
2022-05-05 19:34:03,16.20,132,179,19,3,1,0,1,0,47.00,40.98
2022-05-05 19:34:20,1.51,233,68,19,3,0,0,1,0,12.00,18.18
2022-05-05 19:35:32,0.90,140,237,19,3,0,0,1,0,6.00,5.83
2022-05-05 19:36:13,1.57,229,100,19,3,0,0,1,0,9.00,12.30
2022-05-05 19:37:06,2.92,186,232,19,3,0,0,1,0,15.00,21.32
2022-05-05 19:38:35,1.78,238,162,19,3,0,0,1,0,9.00,10.95
2022-05-05 19:39:01,3.56,142,75,19,3,0,0,1,0,16.00,21.60
2022-05-05 19:39:14,1.18,137,234,19,3,0,0,1,0,8.50,11.55
2022-05-05 19:41:12,1.06,164,79,19,3,0,0,1,0,8.00,9.90
2022-05-05 19:42:03,2.60,142,164,19,3,0,0,1,0,12.50,16.13
2022-05-05 19:44:56,2.30,140,164,19,3,0,0,1,0,11.50,15.10
2022-05-05 19:46:25,2.50,141,186,19,3,0,0,1,0,15.50,23.47
2022-05-05 19:46:38,0.90,162,141,19,3,0,0,1,0,5.50,4.95
2022-05-05 19:52:51,1.47,163,239,19,3,0,0,1,0,7.50,8.43
2022-05-05 19:53:08,1.10,163,141,19,3,0,0,1,0,7.50,9.27
2022-05-05 19:53:33,0.80,100,170,19,3,0,0,1,0,6.50,7.30
2022-05-05 19:57:34,2.06,186,211,19,3,0,0,1,0,11.00,15.60
2022-05-05 19:59:47,2.47,107,237,19,3,0,0,1,0,10.50,12.00
2022-05-05 20:02:38,1.70,162,234,20,3,0,0,0,0,9.50,12.95
2022-05-05 20:05:00,1.18,186,249,20,3,0,0,0,0,7.50,9.07
2022-05-05 20:05:19,2.07,246,163,20,3,0,0,0,0,9.50,11.37
2022-05-05 20:07:53,1.49,100,230,20,3,0,0,0,0,8.50,11.18
2022-05-05 20:08:35,5.97,163,87,20,3,0,0,0,0,21.00,24.72
2022-05-05 20:12:34,1.67,144,234,20,3,0,0,0,0,8.50,10.18
2022-05-05 20:14:51,2.70,230,113,20,3,0,0,0,0,14.00,19.35
2022-05-05 20:15:50,1.02,162,170,20,3,0,0,0,0,6.00,5.72
2022-05-05 20:15:56,20.25,142,132,20,3,1,0,0,0,52.00,43.60
2022-05-05 20:16:24,3.50,162,74,20,3,0,0,0,0,12.50,12.32
2022-05-05 20:18:03,1.08,238,24,20,3,0,0,0,0,6.00,5.25
2022-05-05 20:21:14,1.04,186,234,20,3,0,0,0,0,7.50,9.25
2022-05-05 20:21:45,1.06,48,142,20,3,0,0,0,0,5.50,4.63
2022-05-05 20:23:11,3.11,79,140,20,3,0,0,0,0,12.50,13.45
2022-05-05 20:25:00,2.08,151,75,20,3,0,0,0,0,10.78,13.00
2022-05-05 20:27:44,3.50,234,236,20,3,0,0,0,0,13.00,15.25
2022-05-05 20:28:04,6.90,66,164,20,3,0,0,0,0,25.50,28.10
2022-05-05 20:34:19,2.48,234,236,20,3,0,0,0,0,10.00,11.63
2022-05-05 20:34:59,18.63,132,68,20,3,1,0,0,0,52.00,41.25
2022-05-05 20:49:59,1.89,162,234,20,3,0,0,0,0,7.50,6.25
2022-05-05 20:50:40,19.10,132,25,20,3,1,0,0,0,52.00,38.32
2022-05-05 20:51:22,0.73,48,48,20,3,0,0,0,0,5.50,5.18
2022-05-05 20:51:42,1.29,42,41,20,3,0,0,0,0,7.00,6.53
2022-05-05 20:54:56,19.77,132,13,20,3,1,0,0,0,52.00,52.53
2022-05-05 20:56:54,0.89,161,233,20,3,0,0,0,0,5.50,5.42
2022-05-05 20:57:27,6.38,230,87,20,3,0,0,0,0,23.50,26.55
2022-05-05 20:59:12,1.16,236,262,20,3,0,0,0,0,8.50,10.33
2022-05-05 21:00:06,9.30,132,39,21,3,1,0,0,0,27.00,17.83
2022-05-05 21:01:29,3.19,164,262,21,3,0,0,0,0,12.50,14.97
2022-05-05 21:03:40,2.65,107,148,21,3,0,0,0,0,11.00,10.15
2022-05-05 21:03:52,3.81,162,238,21,3,0,0,0,0,16.00,19.78
2022-05-05 21:07:09,3.50,100,263,21,3,0,0,0,0,17.50,24.23
2022-05-05 21:08:56,0.80,48,68,21,3,0,0,0,0,6.00,6.20
2022-05-05 21:09:32,2.73,142,236,21,3,0,0,0,0,11.50,12.32
2022-05-05 21:11:27,2.25,142,236,21,3,0,0,0,0,10.50,11.42
2022-05-05 21:14:13,1.20,229,137,21,3,0,0,0,0,6.00,5.00
2022-05-05 21:16:44,0.91,237,237,21,3,0,0,0,0,5.50,5.45
2022-05-05 21:19:37,2.88,233,263,21,3,0,0,0,0,10.50,9.62
2022-05-05 21:21:16,1.80,230,246,21,3,0,0,0,0,8.50,8.27
2022-05-05 21:22:13,2.58,142,236,21,3,0,0,0,0,9.50,9.57
2022-05-05 21:23:27,2.80,90,45,21,3,0,0,0,0,12.50,16.38
2022-05-05 21:24:16,0.72,161,170,21,3,0,0,0,0,5.00,4.18
2022-05-05 21:24:22,3.41,162,238,21,3,0,0,0,0,13.00,14.48
2022-05-05 21:27:41,4.88,163,75,21,3,0,0,0,0,18.50,20.15
2022-05-05 21:28:24,1.00,163,142,21,3,0,0,0,0,6.00,6.05
2022-05-05 21:28:28,0.74,239,238,21,3,0,0,0,0,4.50,2.60
2022-05-05 21:30:09,1.90,48,143,21,3,0,0,0,0,9.00,9.82
2022-05-05 21:31:05,5.70,152,100,21,3,0,0,0,0,19.50,16.82
2022-05-05 21:31:14,17.62,132,164,21,3,1,0,0,0,52.00,29.45
2022-05-05 21:31:27,2.52,239,50,21,3,0,0,0,0,11.71,10.92
2022-05-05 21:31:47,1.70,246,142,21,3,0,0,0,0,7.50,6.88
2022-05-05 21:35:47,1.62,237,43,21,3,0,0,0,0,8.00,8.38
2022-05-05 21:36:28,1.00,263,141,21,3,0,0,0,0,5.00,3.58
2022-05-05 21:39:25,1.43,239,237,21,3,0,0,0,0,7.50,7.43
2022-05-05 21:41:43,3.43,246,238,21,3,0,0,0,0,12.50,12.95
2022-05-05 21:44:11,0.73,107,4,21,3,0,0,0,0,6.50,7.40
2022-05-05 21:45:40,7.95,239,220,21,3,0,0,0,0,26.00,23.13
2022-05-05 21:47:47,2.84,246,249,21,3,0,0,0,0,12.00,13.20
2022-05-05 21:49:00,4.80,116,141,21,3,0,0,0,0,20.50,26.60
2022-05-05 21:49:01,1.52,79,186,21,3,0,0,0,0,8.50,9.63
2022-05-05 21:49:16,2.60,229,79,21,3,0,0,0,0,11.00,13.18
2022-05-05 21:50:09,19.44,132,239,21,3,1,0,0,0,52.00,42.90
2022-05-05 21:50:41,2.82,107,142,21,3,0,0,0,0,11.50,13.53
2022-05-05 21:54:15,2.70,237,107,21,3,0,0,0,0,12.50,14.73
2022-05-05 21:59:42,3.50,90,143,21,3,0,0,0,0,14.50,19.57
2022-05-05 21:59:55,1.35,125,90,21,3,0,0,0,0,6.50,6.40
2022-05-05 22:01:25,1.18,236,238,22,3,0,0,0,0,5.00,3.07
2022-05-05 22:02:18,2.20,79,100,22,3,0,0,0,0,10.50,12.98
2022-05-05 22:04:42,1.50,144,79,22,3,0,0,0,0,8.00,10.52
2022-05-05 22:05:14,2.22,107,229,22,3,0,0,0,0,9.00,8.38
2022-05-05 22:06:28,3.55,237,90,22,3,0,0,0,0,15.00,17.35
2022-05-05 22:07:35,1.80,141,74,22,3,0,0,0,0,7.50,13.65
2022-05-05 22:08:27,1.85,141,170,22,3,0,0,0,0,9.00,9.32
2022-05-05 22:11:00,1.36,229,140,22,3,0,0,0,0,5.50,3.55
2022-05-05 22:17:31,5.76,90,263,22,3,0,0,0,0,23.50,27.52
2022-05-05 22:23:25,1.17,43,142,22,3,0,0,0,0,6.00,5.78
2022-05-05 22:26:07,0.77,166,151,22,3,0,0,0,0,4.50,3.33
2022-05-05 22:26:24,0.62,229,141,22,3,0,0,0,0,4.00,2.57
2022-05-05 22:27:36,1.02,43,143,22,3,0,0,0,0,6.00,4.85
2022-05-05 22:28:03,6.14,249,181,22,3,0,0,0,0,23.50,31.13
2022-05-05 22:28:04,1.20,249,231,22,3,0,0,0,0,6.00,6.20
2022-05-05 22:36:18,4.60,79,112,22,3,0,0,0,0,17.50,18.90
2022-05-05 22:36:55,1.90,75,41,22,3,0,0,0,0,8.50,8.47
2022-05-05 22:37:07,1.30,161,141,22,3,0,0,0,0,7.50,7.72
2022-05-05 22:38:02,2.51,74,262,22,3,0,0,0,0,9.50,8.25
2022-05-05 22:40:03,1.10,107,113,22,3,0,0,0,0,7.50,8.45
2022-05-05 22:43:28,2.05,161,234,22,3,0,0,0,0,9.50,9.52
2022-05-05 22:47:45,5.86,79,74,22,3,0,0,0,0,18.50,19.08
2022-05-05 22:49:56,8.45,138,236,22,3,1,0,0,0,24.50,16.70
2022-05-05 22:50:32,3.82,141,249,22,3,0,0,0,0,18.00,25.90
2022-05-05 22:53:37,5.41,148,239,22,3,0,0,0,0,18.50,20.15
2022-05-05 22:54:48,1.45,161,170,22,3,0,0,0,0,8.00,9.30
2022-05-05 22:56:28,1.38,148,249,22,3,0,0,0,0,7.00,7.95
2022-05-05 23:04:44,4.12,132,10,23,3,1,0,0,0,13.50,8.03
2022-05-05 23:07:09,7.05,164,261,23,3,0,0,0,0,26.00,32.82
2022-05-05 23:07:19,1.75,236,238,23,3,0,0,0,0,7.50,7.33
2022-05-05 23:11:44,5.94,263,231,23,3,0,0,0,0,22.00,28.13
2022-05-05 23:12:39,8.13,138,152,23,3,1,0,0,0,25.50,23.32
2022-05-05 23:13:00,2.50,43,151,23,3,0,0,0,0,11.00,11.15
2022-05-05 23:13:16,3.22,142,234,23,3,0,0,0,0,15.19,14.58
2022-05-05 23:16:19,1.20,48,186,23,3,0,0,0,0,7.00,7.63
2022-05-05 23:17:41,1.30,141,230,23,3,0,0,0,0,8.50,10.32
2022-05-05 23:24:17,1.90,163,237,23,3,0,0,0,0,9.00,9.68
2022-05-05 23:27:23,2.90,143,263,23,3,0,0,0,0,11.50,11.75
2022-05-05 23:31:40,1.80,249,100,23,3,0,0,0,0,9.00,10.98
2022-05-05 23:34:46,5.03,45,50,23,3,0,0,0,0,22.47,19.85
2022-05-05 23:40:32,2.70,163,249,23,3,0,0,0,0,15.00,22.20
2022-05-05 23:42:00,0.51,143,142,23,3,0,0,0,0,4.50,5.50
2022-05-05 23:43:55,7.91,141,33,23,3,0,0,0,0,24.00,17.50
2022-05-05 23:53:56,0.64,90,249,23,3,0,0,0,0,5.50,5.75
2022-05-05 23:58:32,1.50,230,229,23,3,0,0,0,0,7.50,8.80
2022-05-05 23:58:57,2.50,164,148,23,3,0,0,0,0,11.00,11.00
2022-05-05 23:59:03,3.20,87,40,23,3,0,0,0,0,11.50,10.30
2022-05-06 00:06:12,2.60,234,261,0,4,0,0,0,0,10.00,13.50
2022-05-06 00:07:38,5.93,79,226,0,4,0,0,0,0,19.50,16.65
2022-05-06 00:09:20,0.60,239,239,0,4,0,0,0,0,5.00,4.18
2022-05-06 00:24:23,8.10,138,131,0,4,1,0,0,0,23.00,11.02
2022-05-06 00:25:13,1.42,142,238,0,4,0,0,0,0,8.00,8.62
2022-05-06 00:31:20,2.60,43,263,0,4,0,0,0,0,10.50,9.83
2022-05-06 00:36:36,4.40,230,74,0,4,0,0,0,0,15.00,16.92
2022-05-06 00:45:40,1.10,237,229,0,4,0,0,0,0,5.50,5.12
2022-05-06 00:48:22,1.35,263,141,0,4,0,0,0,0,6.00,4.13
2022-05-06 00:53:26,2.85,234,140,0,4,0,0,0,0,12.50,14.33
2022-05-06 00:58:33,2.64,79,65,0,4,0,0,0,0,11.00,10.18
2022-05-06 01:15:19,10.96,234,165,1,4,0,0,0,0,31.50,24.58
2022-05-06 01:17:43,1.67,114,186,1,4,0,0,0,0,7.00,5.60
2022-05-06 01:25:21,1.74,249,68,1,4,0,0,0,0,7.00,5.97
2022-05-06 01:25:49,0.40,148,148,1,4,0,0,0,0,4.00,2.67
2022-05-06 01:27:24,1.66,164,162,1,4,0,0,0,0,8.00,7.75
2022-05-06 01:30:08,21.30,132,65,1,4,1,0,0,0,56.50,29.03
2022-05-06 01:59:16,1.03,37,37,1,4,0,0,0,0,6.00,6.17
2022-05-06 02:10:23,16.30,87,149,2,4,0,0,0,0,44.50,24.97
2022-05-06 02:32:29,2.27,141,48,2,4,0,0,0,0,10.00,10.17
2022-05-06 02:41:15,23.15,132,241,2,4,1,0,0,0,61.00,32.63
2022-05-06 02:58:16,3.33,107,143,2,4,0,0,0,0,12.50,13.05
2022-05-06 03:03:17,2.97,233,239,3,4,0,0,0,0,13.74,9.37
2022-05-06 03:04:04,1.43,170,141,3,4,0,0,0,0,6.50,4.75
2022-05-06 03:33:29,7.20,263,87,3,4,0,0,0,0,21.00,12.30
2022-05-06 03:37:19,1.20,114,232,3,4,0,0,0,0,7.00,7.75
2022-05-06 04:05:37,4.39,79,236,4,4,0,0,0,0,14.50,13.78
2022-05-06 04:08:18,0.41,230,48,4,4,0,0,0,0,4.00,2.65
2022-05-06 04:14:12,2.60,140,74,4,4,0,0,0,0,9.00,7.68
2022-05-06 05:18:55,1.38,238,75,5,4,0,0,0,0,6.50,5.72
2022-05-06 05:29:14,1.00,48,186,5,4,0,0,0,0,5.00,3.48
2022-05-06 05:49:33,1.57,100,137,5,4,0,0,0,0,8.00,8.88
2022-05-06 05:51:32,9.34,170,138,5,4,1,0,0,0,26.50,15.70
2022-05-06 06:02:13,1.17,229,230,6,4,0,0,0,0,7.50,9.03
2022-05-06 06:10:47,0.70,141,229,6,4,0,0,0,0,4.50,3.07
2022-05-06 06:12:05,2.56,229,246,6,4,0,0,0,0,10.50,10.70
2022-05-06 06:12:20,11.70,132,188,6,4,1,0,0,0,35.00,35.15
2022-05-06 06:30:18,9.62,238,138,6,4,1,0,0,0,29.00,21.68
2022-05-06 06:31:42,3.84,186,232,6,4,0,0,0,0,14.00,16.07
2022-05-06 06:33:56,0.70,141,262,6,4,0,0,0,0,4.50,3.10
2022-05-06 07:09:28,10.00,87,42,7,4,0,1,0,0,28.50,24.37
2022-05-06 07:13:58,2.75,186,141,7,4,0,1,0,0,12.00,14.85
2022-05-06 07:17:17,2.98,141,170,7,4,0,1,0,0,11.00,10.67
2022-05-06 07:24:22,6.96,33,161,7,4,0,1,0,0,23.00,22.72
2022-05-06 07:26:10,9.96,132,132,7,4,1,1,0,0,28.00,19.25
2022-05-06 07:26:27,1.77,162,246,7,4,0,1,0,0,8.50,9.48
2022-05-06 07:27:00,7.29,41,138,7,4,1,1,0,0,26.30,21.00
2022-05-06 07:30:55,1.40,114,211,7,4,0,1,0,0,9.00,11.25
2022-05-06 07:33:28,10.79,143,138,7,4,1,1,0,0,33.50,31.98
2022-05-06 07:34:11,3.21,74,237,7,4,0,1,0,0,12.50,15.50
2022-05-06 07:43:45,1.89,236,162,7,4,0,1,0,0,8.00,6.85
2022-05-06 07:51:07,1.52,262,141,7,4,0,1,0,0,7.50,7.83
2022-05-06 08:00:09,4.43,236,107,8,4,0,1,0,0,18.00,23.63
2022-05-06 08:09:56,3.10,107,140,8,4,0,1,0,0,14.50,17.97
2022-05-06 08:11:20,1.30,158,231,8,4,0,1,0,0,7.50,9.25
2022-05-06 08:11:20,1.60,107,162,8,4,0,1,0,0,7.00,6.78
2022-05-06 08:14:15,1.20,107,79,8,4,0,1,0,0,7.50,8.68
2022-05-06 08:21:12,3.28,262,161,8,4,0,1,0,0,13.00,16.63
2022-05-06 08:22:30,0.80,143,142,8,4,0,1,0,0,5.50,4.85
2022-05-06 08:24:37,2.33,263,41,8,4,0,1,0,0,11.00,13.77
2022-05-06 08:33:16,18.20,132,48,8,4,1,1,0,0,52.00,77.18
2022-05-06 08:34:44,3.03,231,186,8,4,0,1,0,0,12.50,15.18
2022-05-06 08:43:05,1.52,236,237,8,4,0,1,0,0,8.00,9.13
2022-05-06 08:45:24,1.60,151,236,8,4,0,1,0,0,11.00,17.75
2022-05-06 08:46:00,20.33,238,132,8,4,1,1,0,0,67.46,56.00
2022-05-06 08:50:28,2.82,233,236,8,4,0,1,0,0,15.50,21.33
2022-05-06 08:51:21,2.90,79,161,8,4,0,1,0,0,15.00,21.25
2022-05-06 08:51:44,1.26,90,100,8,4,0,1,0,0,10.00,14.53
2022-05-06 08:57:32,3.02,90,231,8,4,0,1,0,0,13.50,17.23
2022-05-06 08:58:32,1.18,236,43,8,4,0,1,0,0,6.00,5.40
2022-05-06 09:00:06,1.93,234,231,9,4,0,1,0,0,10.50,14.25
2022-05-06 09:00:35,0.99,237,163,9,4,0,1,0,0,7.00,8.02
2022-05-06 09:02:09,1.80,246,142,9,4,0,1,0,0,12.00,16.80
2022-05-06 09:02:24,0.39,74,75,9,4,0,1,0,0,3.50,2.03
2022-05-06 09:02:30,1.73,141,142,9,4,0,1,0,0,12.00,15.93
2022-05-06 09:06:14,3.57,246,236,9,4,0,1,0,0,19.50,27.15
2022-05-06 09:09:53,1.22,137,162,9,4,0,1,0,0,7.00,7.28
2022-05-06 09:15:38,2.30,230,140,9,4,0,1,0,0,12.50,16.63
2022-05-06 09:17:28,2.44,100,43,9,4,0,1,0,0,13.00,18.70
2022-05-06 09:18:06,2.43,143,238,9,4,0,1,0,0,9.00,5.92
2022-05-06 09:19:15,1.10,262,141,9,4,0,1,0,0,7.00,7.85
2022-05-06 09:25:23,6.48,249,41,9,4,0,1,0,0,30.00,44.87
2022-05-06 09:26:42,3.82,186,236,9,4,0,1,0,0,17.50,23.50
2022-05-06 09:30:31,1.00,186,161,9,4,0,1,0,0,7.00,8.45
2022-05-06 09:32:56,10.20,138,90,9,4,1,1,0,0,34.00,35.68
2022-05-06 09:33:57,4.30,141,249,9,4,0,1,0,0,21.50,32.77
2022-05-06 09:38:01,2.70,137,142,9,4,0,1,0,0,13.50,17.13
2022-05-06 09:39:40,1.30,230,186,9,4,0,1,0,0,9.00,12.85
2022-05-06 09:44:16,2.38,230,234,9,4,0,1,0,0,13.50,19.95
2022-05-06 09:45:35,2.10,229,143,9,4,0,1,0,0,11.50,16.02
2022-05-06 09:47:17,1.29,234,161,9,4,0,1,0,0,7.50,9.00
2022-05-06 09:47:51,1.49,229,164,9,4,0,1,0,0,8.50,11.20
2022-05-06 09:47:57,2.02,100,162,9,4,0,1,0,0,12.50,18.60
2022-05-06 09:50:08,2.55,170,148,9,4,0,1,0,0,17.00,25.68
2022-05-06 09:57:38,1.80,238,48,9,4,0,1,0,0,8.50,9.47
2022-05-06 09:58:45,5.20,230,13,9,4,0,1,0,0,23.00,30.93
2022-05-06 09:59:31,3.80,231,161,9,4,0,1,0,0,16.50,21.70
2022-05-06 10:00:16,1.26,236,141,10,4,0,0,0,0,7.50,9.72
2022-05-06 10:06:59,1.90,186,114,10,4,0,0,0,0,7.50,7.93
2022-05-06 10:07:02,6.33,244,239,10,4,0,0,0,0,21.50,19.63
2022-05-06 10:14:09,3.78,163,125,10,4,0,0,0,0,16.50,22.72
2022-05-06 10:17:11,1.12,234,68,10,4,0,0,0,0,7.00,7.67
2022-05-06 10:21:00,3.82,236,90,10,4,0,0,0,0,19.08,27.00
2022-05-06 10:21:31,4.40,41,170,10,4,0,0,0,0,20.50,28.37
2022-05-06 10:26:41,0.92,238,239,10,4,0,0,0,0,7.00,8.25
2022-05-06 10:28:42,1.20,233,107,10,4,0,0,0,0,7.50,8.65
2022-05-06 10:31:34,10.92,138,43,10,4,1,0,0,0,33.00,33.45
2022-05-06 10:31:35,1.63,68,48,10,4,0,0,0,0,12.00,17.55
2022-05-06 10:34:02,1.14,229,161,10,4,0,0,0,0,8.50,11.50
2022-05-06 10:34:56,3.90,79,237,10,4,0,0,0,0,16.50,25.15
2022-05-06 10:36:00,0.62,161,100,10,4,0,0,0,0,7.00,8.58
2022-05-06 10:39:58,1.20,68,249,10,4,0,0,0,0,8.50,11.45
2022-05-06 10:43:00,6.29,161,13,10,4,0,0,0,0,23.00,26.18
2022-05-06 10:43:37,1.99,246,142,10,4,0,0,0,0,12.50,17.87
2022-05-06 10:44:02,1.50,143,151,10,4,0,0,0,0,7.00,7.00
2022-05-06 10:44:40,2.80,230,151,10,4,0,0,0,0,13.00,15.80
2022-05-06 10:46:02,0.60,236,262,10,4,0,0,0,0,4.50,3.78
2022-05-06 10:47:29,0.30,236,236,10,4,0,0,0,0,4.00,3.12
2022-05-06 10:47:47,0.50,48,68,10,4,0,0,0,0,3.50,1.68
2022-05-06 10:49:31,5.30,88,143,10,4,0,0,0,0,21.50,27.62
2022-05-06 10:52:15,2.90,50,249,10,4,0,0,0,0,12.50,14.45
2022-05-06 10:54:22,8.22,138,164,10,4,1,0,0,0,25.00,22.38
2022-05-06 10:56:17,1.80,141,161,10,4,0,0,0,0,9.00,10.85
2022-05-06 10:58:10,2.30,90,237,10,4,0,0,0,0,12.50,17.28
2022-05-06 10:58:15,2.08,164,125,10,4,0,0,0,0,12.50,18.78
2022-05-06 10:59:58,5.10,161,13,10,4,0,0,0,0,24.50,35.97
2022-05-06 11:10:05,1.59,238,43,11,4,0,0,0,0,10.50,14.73
2022-05-06 11:11:22,3.70,186,43,11,4,0,0,0,0,21.00,31.13
2022-05-06 11:15:35,0.97,162,230,11,4,0,0,0,0,9.50,14.00
2022-05-06 11:28:44,1.28,170,161,11,4,0,0,0,0,9.00,12.83
2022-05-06 11:36:27,1.83,107,163,11,4,0,0,0,0,10.50,13.77
2022-05-06 11:36:35,1.00,236,238,11,4,0,0,0,0,8.00,9.70
2022-05-06 11:37:44,1.10,163,162,11,4,0,0,0,0,9.50,13.32
2022-05-06 11:40:20,1.12,88,45,11,4,0,0,0,0,10.00,13.80
2022-05-06 11:40:33,1.32,238,43,11,4,0,0,0,0,9.50,11.72
2022-05-06 11:41:54,0.80,262,141,11,4,0,0,0,0,7.00,9.25
2022-05-06 11:44:42,0.85,230,237,11,4,0,0,0,0,9.00,13.60
2022-05-06 11:47:50,0.78,236,262,11,4,0,0,0,0,5.50,5.30
2022-05-06 11:50:10,2.51,50,238,11,4,0,0,0,0,10.00,9.88
2022-05-06 11:50:11,0.62,239,238,11,4,0,0,0,0,4.50,3.35
2022-05-06 11:51:18,0.30,239,239,11,4,0,0,0,0,5.50,5.83
2022-05-06 11:51:57,2.10,140,236,11,4,0,0,0,0,12.00,17.18
2022-05-06 11:53:10,2.05,236,151,11,4,0,0,0,0,13.50,19.28
2022-05-06 11:54:22,1.84,163,107,11,4,0,0,0,0,10.50,13.83
2022-05-06 11:58:08,0.68,236,236,11,4,0,0,0,0,7.00,8.73
2022-05-06 12:00:01,2.07,262,237,12,4,0,0,0,0,12.00,18.08
2022-05-06 12:02:00,4.30,230,43,12,4,0,0,0,0,21.50,33.08
2022-05-06 12:02:59,3.00,161,246,12,4,0,0,0,0,16.00,22.40
2022-05-06 12:03:05,0.34,114,114,12,4,0,0,0,0,4.00,2.77
2022-05-06 12:05:51,2.90,161,144,12,4,0,0,0,0,16.50,24.88
2022-05-06 12:09:24,2.13,238,163,12,4,0,0,0,0,11.00,14.57
2022-05-06 12:10:01,1.90,113,161,12,4,0,0,0,0,14.50,22.88
2022-05-06 12:16:11,2.52,261,144,12,4,0,0,0,0,13.00,17.10
2022-05-06 12:17:16,1.13,162,141,12,4,0,0,0,0,6.50,6.75
2022-05-06 12:22:12,6.40,262,87,12,4,0,0,0,0,19.50,17.25
2022-05-06 12:24:48,0.60,162,229,12,4,0,0,0,0,4.50,3.58
2022-05-06 12:28:38,6.76,48,244,12,4,0,0,0,0,21.00,17.50
2022-05-06 12:32:57,10.00,138,141,12,4,1,0,0,0,28.00,19.50
2022-05-06 12:36:13,3.87,114,50,12,4,0,0,0,0,18.50,25.68
2022-05-06 12:37:16,1.62,142,236,12,4,0,0,0,0,10.50,14.45
2022-05-06 12:41:40,7.69,236,249,12,4,0,0,0,0,30.61,30.72
2022-05-06 12:42:26,0.70,262,263,12,4,0,0,0,0,4.50,3.52
2022-05-06 12:43:16,0.90,48,143,12,4,0,0,0,0,6.00,5.65
2022-05-06 12:45:29,0.27,161,162,12,4,0,0,0,0,4.50,4.52
2022-05-06 12:45:37,3.31,231,68,12,4,0,0,0,0,13.00,13.93
2022-05-06 12:46:22,1.00,75,263,12,4,0,0,0,0,7.00,8.58
2022-05-06 12:50:48,0.88,237,48,12,4,0,0,0,0,9.50,13.68
2022-05-06 12:51:32,4.40,66,37,12,4,0,0,0,0,16.00,17.07
2022-05-06 12:52:27,16.90,186,132,12,4,1,0,0,0,52.00,67.92
2022-05-06 12:53:50,1.99,161,142,12,4,0,0,0,0,12.50,17.65
2022-05-06 12:54:16,10.48,170,138,12,4,1,0,0,0,35.50,37.95
2022-05-06 12:56:04,2.38,68,230,12,4,0,0,0,0,12.00,16.22
2022-05-06 12:57:36,1.06,237,43,12,4,0,0,0,0,8.00,10.30
2022-05-06 12:57:36,9.89,186,61,12,4,0,0,0,0,36.00,47.12
2022-05-06 12:59:36,1.95,237,143,12,4,0,0,0,0,12.00,16.22
2022-05-06 13:00:28,9.78,138,163,13,4,1,0,0,0,32.00,36.83
2022-05-06 13:03:50,1.88,13,211,13,4,0,0,0,0,12.00,15.55
2022-05-06 13:05:09,1.95,113,161,13,4,0,0,0,0,13.00,19.50
2022-05-06 13:06:30,2.10,151,236,13,4,0,0,0,0,15.50,22.68
2022-05-06 13:09:54,1.50,162,186,13,4,0,0,0,0,11.00,15.47
2022-05-06 13:10:34,1.40,161,236,13,4,0,0,0,0,11.50,17.18
2022-05-06 13:11:45,1.16,229,170,13,4,0,0,0,0,8.50,11.70
2022-05-06 13:11:56,1.28,246,234,13,4,0,0,0,0,8.50,11.40
2022-05-06 13:12:15,1.09,261,211,13,4,0,0,0,0,6.50,5.97
2022-05-06 13:13:34,1.10,146,7,13,4,0,0,0,0,7.00,7.90
2022-05-06 13:15:41,2.80,140,186,13,4,0,0,0,0,17.50,27.33
2022-05-06 13:18:20,1.61,140,236,13,4,0,0,0,0,11.00,15.40
2022-05-06 13:26:12,0.85,100,170,13,4,0,0,0,0,6.50,7.05
2022-05-06 13:31:54,2.23,229,239,13,4,0,0,0,0,11.50,15.48
2022-05-06 13:32:21,0.61,263,237,13,4,0,0,0,0,6.00,7.23
2022-05-06 13:37:36,2.70,162,236,13,4,0,0,0,0,14.50,21.32
2022-05-06 13:37:47,1.11,233,137,13,4,0,0,0,0,6.50,6.95
2022-05-06 13:38:20,1.29,75,236,13,4,0,0,0,0,8.50,10.37
2022-05-06 13:43:51,1.60,234,161,13,4,0,0,0,0,9.50,11.85
2022-05-06 13:48:03,0.80,186,246,13,4,0,0,0,0,7.50,11.47
2022-05-06 13:48:47,2.00,233,79,13,4,0,0,0,0,10.50,13.03
2022-05-06 13:51:03,2.30,238,140,13,4,0,0,0,0,12.00,15.87
2022-05-06 13:53:40,1.14,186,68,13,4,0,0,0,0,9.00,12.35
2022-05-06 13:55:00,1.31,237,236,13,4,0,0,0,0,7.50,8.12
2022-05-06 13:55:38,1.60,170,137,13,4,0,0,0,0,9.50,14.00
2022-05-06 13:56:11,0.66,140,237,13,4,0,0,0,0,8.00,11.38
2022-05-06 13:56:37,1.26,43,236,13,4,0,0,0,0,8.50,11.52
2022-05-06 14:03:03,1.35,163,236,14,4,0,0,0,0,9.50,12.85
2022-05-06 14:07:00,1.24,262,141,14,4,0,0,0,0,8.77,10.00
2022-05-06 14:10:06,5.01,107,13,14,4,0,0,0,0,17.50,16.38
2022-05-06 14:12:08,0.90,43,161,14,4,0,0,0,0,5.50,5.28
2022-05-06 14:14:21,0.60,229,233,14,4,0,0,0,0,4.50,3.38
2022-05-06 14:16:09,2.80,143,262,14,4,0,0,0,0,13.00,17.13
2022-05-06 14:16:13,2.05,170,236,14,4,0,0,0,0,14.00,21.40
2022-05-06 14:22:07,2.46,142,262,14,4,0,0,0,0,11.00,14.83
2022-05-06 14:23:01,2.60,88,148,14,4,0,0,0,0,16.50,26.43
2022-05-06 14:23:49,0.80,137,170,14,4,0,0,0,0,6.00,6.45
2022-05-06 14:25:57,11.10,237,62,14,4,0,0,0,0,42.00,61.23
2022-05-06 14:25:59,4.30,231,163,14,4,0,0,0,0,19.50,28.45
2022-05-06 14:30:53,0.82,237,236,14,4,0,0,0,0,7.00,8.73
2022-05-06 14:34:42,0.78,113,107,14,4,0,0,0,0,5.50,5.13
2022-05-06 14:35:34,1.52,161,141,14,4,0,0,0,0,9.50,13.32
2022-05-06 14:36:41,0.80,162,229,14,4,0,0,0,0,7.00,8.75
2022-05-06 14:42:00,0.80,142,143,14,4,0,0,0,0,6.50,7.53
2022-05-06 14:42:37,2.02,263,238,14,4,0,0,0,0,10.50,13.28
2022-05-06 14:43:07,0.98,161,162,14,4,0,0,0,0,6.50,7.95
2022-05-06 14:43:52,6.20,239,243,14,4,0,0,0,0,23.50,29.90
2022-05-06 14:48:05,1.00,229,237,14,4,0,0,0,0,6.50,7.33
2022-05-06 14:49:51,0.73,68,113,14,4,0,0,0,0,6.00,6.60
2022-05-06 14:59:16,1.50,48,237,14,4,0,0,0,0,10.00,13.75
2022-05-06 15:01:28,0.77,237,237,15,4,0,0,0,0,6.50,8.28
2022-05-06 15:02:51,18.14,132,148,15,4,1,0,0,0,52.00,63.10
2022-05-06 15:05:08,4.89,231,170,15,4,0,0,0,0,20.50,26.15
2022-05-06 15:07:26,4.30,249,239,15,4,0,0,0,0,20.50,29.50
2022-05-06 15:14:00,1.64,238,236,15,4,0,0,0,0,13.00,19.62
2022-05-06 15:14:05,1.20,79,90,15,4,0,0,0,0,10.00,14.97
2022-05-06 15:14:32,9.79,164,138,15,4,1,0,0,0,46.72,44.17
2022-05-06 15:14:35,1.96,161,107,15,4,0,0,0,0,10.50,14.57
2022-05-06 15:14:53,1.57,170,224,15,4,0,0,0,0,8.50,10.87
2022-05-06 15:17:23,1.97,230,90,15,4,0,0,0,0,11.50,17.02
2022-05-06 15:19:05,1.40,170,163,15,4,0,0,0,0,8.50,11.00
2022-05-06 15:20:02,1.15,68,48,15,4,0,0,0,0,8.50,10.28
2022-05-06 15:22:48,3.00,140,137,15,4,0,0,0,0,10.50,14.10
2022-05-06 15:24:27,0.80,170,100,15,4,0,0,0,0,7.50,9.62
2022-05-06 15:25:17,6.09,68,42,15,4,0,0,0,0,26.50,39.90
2022-05-06 15:27:52,0.50,237,237,15,4,0,0,0,0,5.50,6.12
2022-05-06 15:29:31,4.60,107,7,15,4,0,0,0,0,18.00,23.53
2022-05-06 15:30:34,2.35,68,163,15,4,0,0,0,0,16.64,17.28
2022-05-06 15:31:22,1.90,231,234,15,4,0,0,0,0,10.00,14.30
2022-05-06 15:32:34,3.70,211,229,15,4,0,0,0,0,18.50,27.88
2022-05-06 15:33:47,0.92,79,113,15,4,0,0,0,0,5.50,5.77
2022-05-06 15:36:00,5.74,151,158,15,4,0,0,0,0,25.51,31.00
2022-05-06 15:37:10,0.90,236,237,15,4,0,0,0,0,6.00,6.40
2022-05-06 15:38:34,1.01,163,237,15,4,0,0,0,0,8.50,11.50
2022-05-06 15:38:59,2.00,249,246,15,4,0,0,0,0,10.50,14.00
2022-05-06 15:39:01,8.04,90,41,15,4,0,0,0,0,28.50,44.38
2022-05-06 15:40:23,8.62,152,229,15,4,0,0,0,0,24.50,36.48
2022-05-06 15:41:17,8.08,163,261,15,4,0,0,0,0,26.00,35.68
2022-05-06 15:41:17,1.68,68,170,15,4,0,0,0,0,9.50,13.17
2022-05-06 15:42:21,0.58,237,237,15,4,0,0,0,0,5.50,5.73
2022-05-06 15:49:13,7.23,138,75,15,4,1,0,0,0,34.00,55.45
2022-05-06 15:56:03,0.90,24,238,15,4,0,0,0,0,6.00,6.05
2022-05-06 16:00:28,1.35,163,237,16,4,0,0,1,0,10.50,15.25
2022-05-06 16:00:44,1.80,158,144,16,4,0,0,1,0,13.00,20.18
2022-05-06 16:01:23,1.40,79,137,16,4,0,0,1,0,8.00,9.48
2022-05-06 16:01:46,5.50,170,231,16,4,0,0,1,0,21.00,27.28
2022-05-06 16:05:50,7.15,70,130,16,4,0,0,1,0,34.50,52.52
2022-05-06 16:05:56,0.60,236,263,16,4,0,0,1,0,4.50,3.95
2022-05-06 16:18:05,4.00,236,246,16,4,0,0,1,0,24.00,37.82
2022-05-06 16:22:34,7.17,138,140,16,4,1,0,1,0,37.00,56.23
2022-05-06 16:29:22,2.70,163,249,16,4,0,0,1,0,14.00,20.22
2022-05-06 16:31:08,2.56,145,100,16,4,0,0,1,0,52.00,16.30
2022-05-06 16:31:18,2.60,161,79,16,4,0,0,1,0,13.00,17.42
2022-05-06 16:32:06,2.08,142,236,16,4,0,0,1,0,11.50,16.62
2022-05-06 16:34:23,0.90,152,166,16,4,0,0,1,0,5.50,5.05
2022-05-06 16:36:59,0.70,239,239,16,4,0,0,1,0,4.00,2.50
2022-05-06 16:40:27,0.36,229,140,16,4,0,0,1,0,4.00,2.77
2022-05-06 16:43:14,1.34,100,161,16,4,0,0,1,0,9.00,11.23
2022-05-06 16:45:13,0.60,48,246,16,4,0,0,1,0,4.50,5.02
2022-05-06 16:46:57,4.11,236,113,16,4,0,0,1,0,21.50,33.57
2022-05-06 16:47:56,2.10,261,158,16,4,0,0,1,0,9.50,9.72
2022-05-06 16:58:05,3.88,75,170,16,4,0,0,1,0,19.00,27.93
2022-05-06 16:59:24,2.40,143,68,16,4,0,0,1,0,13.50,18.70
2022-05-06 16:59:34,3.10,236,236,16,4,0,0,1,0,17.50,25.48
2022-05-06 17:03:08,0.69,233,233,17,4,0,0,1,0,5.00,4.63
2022-05-06 17:07:57,0.93,13,231,17,4,0,0,1,0,6.00,6.42
2022-05-06 17:08:23,2.10,236,230,17,4,0,0,1,0,13.50,19.97
2022-05-06 17:08:57,2.30,234,48,17,4,0,0,1,0,12.00,15.92
2022-05-06 17:10:23,1.68,236,229,17,4,0,0,1,0,9.50,12.42
2022-05-06 17:14:06,1.20,170,68,17,4,0,0,1,0,12.00,19.42
2022-05-06 17:15:29,0.98,161,164,17,4,0,0,1,0,7.50,9.55
2022-05-06 17:17:47,1.80,142,170,17,4,0,0,1,0,11.00,14.73
2022-05-06 17:17:56,2.40,234,43,17,4,0,0,1,0,12.50,16.78
2022-05-06 17:19:13,5.04,74,137,17,4,0,0,1,0,17.50,24.28
2022-05-06 17:19:52,2.09,170,114,17,4,0,0,1,0,10.50,13.38
2022-05-06 17:20:24,1.49,261,249,17,4,0,0,1,0,9.00,10.97
2022-05-06 17:22:29,1.10,230,162,17,4,0,0,1,0,8.50,11.73
2022-05-06 17:22:58,1.40,236,239,17,4,0,0,1,0,6.00,5.28
2022-05-06 17:23:30,1.97,162,143,17,4,0,0,1,0,11.00,15.55
2022-05-06 17:23:46,3.27,142,163,17,4,0,0,1,0,18.00,27.75
2022-05-06 17:28:46,1.53,263,237,17,4,0,0,1,0,11.00,15.77
2022-05-06 17:31:51,1.10,141,161,17,4,0,0,1,0,7.00,8.57
2022-05-06 17:34:46,1.70,48,142,17,4,0,0,1,0,10.50,13.40
2022-05-06 17:38:11,2.80,43,166,17,4,0,0,1,0,11.50,13.32
2022-05-06 17:38:13,1.19,164,90,17,4,0,0,1,0,8.00,9.93
2022-05-06 17:40:51,18.58,132,144,17,4,1,0,1,0,52.00,76.40
2022-05-06 17:42:40,1.25,143,239,17,4,0,0,1,0,6.50,6.07
2022-05-06 17:45:12,2.32,74,166,17,4,0,0,1,0,13.50,19.22
2022-05-06 17:46:34,1.70,107,233,17,4,0,0,1,0,9.50,11.97
2022-05-06 17:46:48,1.60,186,48,17,4,0,0,1,0,9.50,12.58
2022-05-06 17:46:52,0.55,162,229,17,4,0,0,1,0,6.00,6.50
2022-05-06 17:50:04,2.51,246,249,17,4,0,0,1,0,14.00,17.75
2022-05-06 17:50:12,8.70,138,233,17,4,1,0,1,0,32.00,40.92
2022-05-06 17:54:22,0.90,50,161,17,4,0,0,1,0,5.00,4.63
2022-05-06 17:56:45,1.31,68,164,17,4,0,0,1,0,7.50,9.55
2022-05-06 17:57:25,1.78,236,239,17,4,0,0,1,0,10.00,13.87
2022-05-06 17:58:11,0.70,236,237,17,4,0,0,1,0,7.00,8.52
2022-05-06 17:59:57,2.11,231,246,17,4,0,0,1,0,8.50,8.35
2022-05-06 18:00:26,2.32,141,68,18,4,0,0,1,0,12.50,17.40
2022-05-06 18:01:00,1.25,230,50,18,4,0,0,1,0,8.00,9.82
2022-05-06 18:02:38,2.90,237,137,18,4,0,0,1,0,12.50,14.87
2022-05-06 18:02:47,1.04,140,141,18,4,0,0,1,0,6.00,5.97
2022-05-06 18:03:27,0.30,236,236,18,4,0,0,1,0,3.50,2.00
2022-05-06 18:04:35,1.70,143,236,18,4,0,0,1,0,9.50,11.30
2022-05-06 18:05:00,5.40,75,107,18,4,0,0,1,0,25.41,35.00
2022-05-06 18:05:40,2.85,249,163,18,4,0,0,1,0,13.00,16.85
2022-05-06 18:09:14,0.39,79,79,18,4,0,0,1,0,4.00,2.68
2022-05-06 18:12:28,0.52,142,230,18,4,0,0,1,0,4.00,3.00
2022-05-06 18:14:51,11.30,138,181,18,4,1,0,1,0,38.00,50.52
2022-05-06 18:17:14,5.99,263,4,18,4,0,0,1,0,20.00,23.02
2022-05-06 18:18:46,0.79,233,229,18,4,0,0,1,0,5.00,4.03
2022-05-06 18:19:57,1.40,237,236,18,4,0,0,1,0,7.50,9.38
2022-05-06 18:21:35,2.39,237,170,18,4,0,0,1,0,11.50,15.43
2022-05-06 18:23:42,1.78,68,230,18,4,0,0,1,0,8.50,8.57
2022-05-06 18:27:16,1.23,237,236,18,4,0,0,1,0,6.50,6.38
2022-05-06 18:27:41,1.54,164,163,18,4,0,0,1,0,13.50,20.90
2022-05-06 18:29:08,0.53,239,142,18,4,0,0,1,0,3.50,1.88
2022-05-06 18:29:17,1.16,230,164,18,4,0,0,1,0,8.50,11.77
2022-05-06 18:33:10,1.80,68,79,18,4,0,0,1,0,9.00,11.25
2022-05-06 18:35:25,1.30,229,137,18,4,0,0,1,0,7.50,8.97
2022-05-06 18:35:51,0.60,90,186,18,4,0,0,1,0,6.00,6.55
2022-05-06 18:37:53,5.34,68,166,18,4,0,0,1,0,17.50,18.97
2022-05-06 18:38:13,10.81,138,125,18,4,1,0,1,0,39.00,49.73
2022-05-06 18:38:44,4.77,230,87,18,4,0,0,1,0,21.50,31.85
2022-05-06 18:41:27,1.49,151,239,18,4,0,0,1,0,8.00,9.65
2022-05-06 18:45:53,5.81,231,37,18,4,0,0,1,0,23.50,29.73
2022-05-06 18:46:05,0.88,113,79,18,4,0,0,1,0,6.50,7.30
2022-05-06 18:46:13,3.00,68,13,18,4,0,0,1,0,14.00,18.97
2022-05-06 18:47:30,5.90,148,7,18,4,0,0,1,0,20.50,23.88
2022-05-06 18:48:44,1.90,163,263,18,4,0,0,1,0,10.00,12.02
2022-05-06 18:48:51,1.80,161,236,18,4,0,0,1,0,8.50,9.32
2022-05-06 18:51:21,1.70,238,43,18,4,0,0,1,0,9.00,10.75
2022-05-06 18:53:25,2.58,50,158,18,4,0,0,1,0,12.50,15.82
2022-05-06 18:56:33,0.48,79,79,18,4,0,0,1,0,3.50,2.35
2022-05-06 18:59:11,4.60,186,256,18,4,0,0,1,0,23.00,34.10
2022-05-06 19:01:11,2.80,263,142,19,4,0,0,1,0,13.50,18.07
2022-05-06 19:01:25,2.14,239,246,19,4,0,0,1,0,11.00,14.05
2022-05-06 19:01:46,5.98,74,163,19,4,0,0,1,0,30.00,41.40
2022-05-06 19:02:43,17.40,48,132,19,4,1,0,1,0,52.00,68.62
2022-05-06 19:02:55,1.11,161,100,19,4,0,0,1,0,7.50,10.03
2022-05-06 19:09:35,1.72,238,143,19,4,0,0,1,0,10.00,12.70
2022-05-06 19:09:47,1.09,48,230,19,4,0,0,1,0,6.50,11.82
2022-05-06 19:10:12,1.28,43,237,19,4,0,0,1,0,8.00,9.40
2022-05-06 19:11:09,3.37,239,68,19,4,0,0,1,0,14.50,19.05
2022-05-06 19:14:03,0.20,161,161,19,4,0,0,1,0,3.00,1.80
2022-05-06 19:14:25,1.40,233,230,19,4,0,0,1,0,11.50,17.28
2022-05-06 19:17:12,22.61,138,48,19,4,1,0,1,0,41.00,50.82
2022-05-06 19:17:44,1.20,161,237,19,4,0,0,1,0,7.50,7.93
2022-05-06 19:19:55,2.38,236,162,19,4,0,0,1,0,13.00,17.95
2022-05-06 19:20:47,4.00,13,164,19,4,0,0,1,0,16.00,20.05
2022-05-06 19:22:03,0.74,33,33,19,4,0,0,1,0,6.00,6.45
2022-05-06 19:22:14,21.22,132,142,19,4,1,0,1,0,52.00,60.87
2022-05-06 19:23:07,0.77,229,163,19,4,0,0,1,0,6.50,7.72
2022-05-06 19:25:37,0.60,113,79,19,4,0,0,1,0,5.50,5.35
2022-05-06 19:27:55,0.79,90,246,19,4,0,0,1,0,6.50,7.02
2022-05-06 19:28:32,1.44,163,237,19,4,0,0,1,0,7.50,8.83
2022-05-06 19:31:09,0.39,107,107,19,4,0,0,1,0,3.50,2.73
2022-05-06 19:34:11,2.35,236,151,19,4,0,0,1,0,10.00,10.87
2022-05-06 19:36:05,1.92,113,230,19,4,0,0,1,0,11.00,14.62
2022-05-06 19:37:21,1.99,239,263,19,4,0,0,1,0,10.50,13.42
2022-05-06 19:37:22,1.15,237,236,19,4,0,0,1,0,6.00,5.27
2022-05-06 19:38:04,0.52,236,263,19,4,0,0,1,0,5.00,4.35
2022-05-06 19:40:11,1.38,162,263,19,4,0,0,1,0,7.00,7.22
2022-05-06 19:40:15,2.00,148,90,19,4,0,0,1,0,10.50,13.37
2022-05-06 19:44:14,1.52,141,142,19,4,0,0,1,0,10.00,13.85
2022-05-06 19:46:39,1.80,263,142,19,4,0,0,1,0,9.50,15.02
2022-05-06 19:47:04,1.33,107,68,19,4,0,0,1,0,8.50,11.62
2022-05-06 19:47:49,2.71,158,148,19,4,0,0,1,0,10.50,14.87
2022-05-06 19:49:41,2.50,170,143,19,4,0,0,1,0,12.50,16.53
2022-05-06 19:55:19,0.74,158,249,19,4,0,0,1,0,6.50,8.18
2022-05-06 19:56:00,0.51,152,166,19,4,0,0,1,0,10.00,4.00
2022-05-06 19:57:14,2.70,239,229,19,4,0,0,1,0,13.50,17.57
2022-05-06 19:59:46,0.80,238,239,19,4,0,0,1,0,4.50,3.48
2022-05-06 20:01:41,0.99,79,79,20,4,0,0,0,0,5.00,3.08
2022-05-06 20:02:44,1.80,114,87,20,4,0,0,0,0,9.00,10.87
2022-05-06 20:02:51,0.57,230,48,20,4,0,0,0,0,6.50,8.45
2022-05-06 20:02:57,0.94,137,113,20,4,0,0,0,0,9.00,12.77
2022-05-06 20:04:03,2.20,170,237,20,4,0,0,0,0,9.00,9.53
2022-05-06 20:04:05,0.93,231,79,20,4,0,0,0,0,6.00,6.85
2022-05-06 20:09:47,1.70,164,163,20,4,0,0,0,0,10.00,13.28
2022-05-06 20:10:23,0.30,137,137,20,4,0,0,0,0,4.00,2.98
2022-05-06 20:13:05,5.80,239,148,20,4,0,0,0,0,27.50,41.95
2022-05-06 20:26:38,0.76,48,170,20,4,0,0,0,0,7.00,8.73
2022-05-06 20:26:54,0.85,163,48,20,4,0,0,0,0,5.50,5.77
2022-05-06 20:26:59,4.20,132,218,20,4,1,0,0,0,14.50,11.53
2022-05-06 20:29:37,1.86,163,239,20,4,0,0,0,0,9.00,9.88
2022-05-06 20:33:11,1.36,238,142,20,4,0,0,0,0,6.50,5.10
2022-05-06 20:34:46,0.93,141,263,20,4,0,0,0,0,8.75,4.38
2022-05-06 20:37:21,1.74,13,211,20,4,0,0,0,0,9.50,11.47
2022-05-06 20:37:29,1.78,261,144,20,4,0,0,0,0,10.00,13.03
2022-05-06 20:37:52,1.40,249,246,20,4,0,0,0,0,8.50,10.07
2022-05-06 20:38:02,1.39,239,48,20,4,0,0,0,0,7.00,7.17
2022-05-06 20:41:03,1.04,79,148,20,4,0,0,0,0,9.50,14.37
2022-05-06 20:43:00,3.85,148,48,20,4,0,0,0,0,16.00,20.08
2022-05-06 20:46:26,1.10,163,161,20,4,0,0,0,0,6.50,6.98
2022-05-06 20:47:54,3.70,230,151,20,4,0,0,0,0,15.00,15.55
2022-05-06 20:48:50,2.46,237,246,20,4,0,0,0,0,11.50,15.18
2022-05-06 20:52:46,4.60,232,140,20,4,0,0,0,0,16.50,15.60
2022-05-06 20:53:02,0.63,90,113,20,4,0,0,0,0,5.00,4.68
2022-05-06 20:53:53,1.40,114,224,20,4,0,0,0,0,9.00,14.08
2022-05-06 20:59:08,1.30,234,186,20,4,0,0,0,0,8.00,10.38
2022-05-06 20:59:55,1.43,48,143,20,4,0,0,0,0,7.50,8.17
2022-05-06 21:00:49,0.60,79,113,21,4,0,0,0,0,5.50,5.82
2022-05-06 21:03:49,0.37,161,161,21,4,0,0,0,0,3.50,2.25
2022-05-06 21:04:33,10.02,170,127,21,4,0,0,0,0,31.00,27.77
2022-05-06 21:08:12,1.60,140,170,21,4,0,0,0,0,8.50,9.40
2022-05-06 21:13:36,2.80,233,249,21,4,0,0,0,0,13.50,19.37
2022-05-06 21:14:39,1.19,125,13,21,4,0,0,0,0,7.00,7.50
2022-05-06 21:17:34,1.34,113,4,21,4,0,0,0,0,7.50,9.60
2022-05-06 21:21:05,2.02,113,162,21,4,0,0,0,0,9.00,10.83
2022-05-06 21:21:23,1.33,48,68,21,4,0,0,0,0,7.00,7.07
2022-05-06 21:21:47,1.11,79,114,21,4,0,0,0,0,7.50,9.87
2022-05-06 21:30:43,1.50,161,143,21,4,0,0,0,0,8.50,10.80
2022-05-06 21:37:21,0.72,68,164,21,4,0,0,0,0,7.00,9.73
2022-05-06 21:41:11,2.40,141,48,21,4,0,0,0,0,12.00,15.75
2022-05-06 21:41:49,6.13,68,152,21,4,0,0,0,0,20.50,17.45
2022-05-06 21:45:25,0.91,68,107,21,4,0,0,0,0,7.00,8.50
2022-05-06 21:46:46,2.10,263,170,21,4,0,0,0,0,9.50,10.02
2022-05-06 21:48:47,3.58,163,144,21,4,0,0,0,0,15.50,20.53
2022-05-06 21:55:09,2.40,142,262,21,4,0,0,0,0,11.50,12.80
2022-05-06 21:57:05,0.17,230,161,21,4,0,0,0,0,3.50,2.63
2022-05-06 22:04:36,1.57,48,137,22,4,0,0,0,0,9.50,12.57
2022-05-06 22:05:09,2.09,68,233,22,4,0,0,0,0,10.50,14.90
2022-05-06 22:05:26,0.91,114,211,22,4,0,0,0,0,6.00,7.05
2022-05-06 22:08:05,1.04,68,158,22,4,0,0,0,0,9.95,8.57
2022-05-06 22:09:10,6.50,230,42,22,4,0,0,0,0,23.50,25.63
2022-05-06 22:12:37,1.03,137,79,22,4,0,0,0,0,6.00,5.87
2022-05-06 22:14:09,1.21,161,233,22,4,0,0,0,0,7.00,7.83
2022-05-06 22:15:56,0.70,79,144,22,4,0,0,0,0,5.00,4.78
2022-05-06 22:17:53,1.30,170,229,22,4,0,0,0,0,6.50,6.25
2022-05-06 22:21:28,4.67,144,48,22,4,0,0,0,0,17.00,19.73
2022-05-06 22:22:06,0.50,233,233,22,4,0,0,0,0,4.50,3.50
2022-05-06 22:24:16,7.79,132,76,22,4,1,0,0,0,23.00,19.43
2022-05-06 22:25:35,3.87,79,246,22,4,0,0,0,0,18.00,24.90
2022-05-06 22:31:13,9.10,90,243,22,4,0,0,0,0,28.00,26.15
2022-05-06 22:32:44,3.94,138,223,22,4,1,0,0,0,13.50,12.33
2022-05-06 22:33:10,1.91,163,262,22,4,0,0,0,0,10.84,7.75
2022-05-06 22:36:19,4.98,209,230,22,4,0,0,0,0,22.50,30.08
2022-05-06 22:37:50,0.80,163,48,22,4,0,0,0,0,8.50,12.43
2022-05-06 22:40:01,5.99,230,209,22,4,0,0,0,0,22.00,24.35
2022-05-06 22:40:20,0.95,43,230,22,4,0,0,0,0,7.00,8.05
2022-05-06 22:47:47,1.22,113,107,22,4,0,0,0,0,7.00,7.65
2022-05-06 22:47:54,11.00,132,225,22,4,1,0,0,0,35.50,34.32
2022-05-06 22:49:40,0.67,143,143,22,4,0,0,0,0,5.00,4.62
2022-05-06 22:50:45,10.26,88,116,22,4,0,0,0,0,31.50,30.35
2022-05-06 22:54:50,1.31,163,236,22,4,0,0,0,0,8.00,9.52
2022-05-06 22:55:47,3.42,79,236,22,4,0,0,0,0,13.00,14.90
2022-05-06 22:58:58,0.28,148,232,22,4,0,0,0,0,3.50,2.00
2022-05-06 23:02:00,4.23,48,148,23,4,0,0,0,0,23.64,25.00
2022-05-06 23:02:28,1.50,246,143,23,4,0,0,0,0,6.00,3.50
2022-05-06 23:06:03,8.11,79,166,23,4,0,0,0,0,25.00,35.73
2022-05-06 23:07:08,3.82,237,249,23,4,0,0,0,0,16.50,23.62
2022-05-06 23:10:42,0.99,236,263,23,4,0,0,0,0,6.00,5.68
2022-05-06 23:11:22,3.72,158,256,23,4,0,0,0,0,19.00,25.08
2022-05-06 23:15:16,0.99,90,246,23,4,0,0,0,0,5.50,4.57
2022-05-06 23:19:29,3.90,238,244,23,4,0,0,0,0,12.50,8.00
2022-05-06 23:20:20,2.05,231,79,23,4,0,0,0,0,9.00,8.98
2022-05-06 23:21:20,4.96,170,179,23,4,0,0,0,0,18.00,19.40
2022-05-06 23:23:34,1.54,234,144,23,4,0,0,0,0,7.50,7.65
2022-05-06 23:25:10,0.86,249,79,23,4,0,0,0,0,6.50,8.23
2022-05-06 23:27:57,1.00,161,100,23,4,0,0,0,0,6.00,5.85
2022-05-06 23:29:05,3.30,48,231,23,4,0,0,0,0,16.50,23.92
2022-05-06 23:31:32,4.31,161,166,23,4,0,0,0,0,16.50,18.40
2022-05-06 23:37:07,0.60,163,229,23,4,0,0,0,0,5.00,5.12
2022-05-06 23:37:37,5.60,137,49,23,4,0,0,0,0,24.00,32.27
2022-05-06 23:38:19,2.71,114,230,23,4,0,0,0,0,11.50,12.42
2022-05-06 23:40:06,7.30,100,116,23,4,0,0,0,0,26.00,27.28
2022-05-06 23:40:39,0.47,234,170,23,4,0,0,0,0,4.50,4.18
2022-05-06 23:41:12,1.02,164,230,23,4,0,0,0,0,5.50,5.07
2022-05-06 23:41:16,1.57,107,249,23,4,0,0,0,0,9.00,12.37
2022-05-06 23:50:34,1.43,107,246,23,4,0,0,0,0,8.00,9.92
2022-05-06 23:55:42,4.49,79,140,23,4,0,0,0,0,16.00,15.47
2022-05-06 23:55:45,3.25,107,262,23,4,0,0,0,0,11.50,11.60
2022-05-06 23:56:14,5.98,239,211,23,4,0,0,0,0,22.50,26.83
2022-05-07 00:02:01,4.56,138,82,0,5,1,0,0,0,18.00,20.70
2022-05-07 00:03:33,1.03,230,162,0,5,0,0,0,0,7.00,7.87
2022-05-07 00:06:41,1.47,141,48,0,5,0,0,0,0,8.00,8.98
2022-05-07 00:07:35,0.96,246,68,0,5,0,0,0,0,5.50,5.63
2022-05-07 00:11:16,0.80,107,90,0,5,0,0,0,0,6.00,5.77
2022-05-07 00:13:52,1.80,45,65,0,5,0,0,0,0,8.00,9.47
2022-05-07 00:16:51,1.80,143,162,0,5,0,0,0,0,9.00,9.92
2022-05-07 00:18:55,2.34,100,125,0,5,0,0,0,0,10.00,12.02
2022-05-07 00:19:55,1.72,162,48,0,5,0,0,0,0,8.50,9.18
2022-05-07 00:20:11,3.31,162,158,0,5,0,0,0,0,16.82,19.68
2022-05-07 00:20:18,4.29,138,146,0,5,1,0,0,0,14.50,12.48
2022-05-07 00:25:13,1.01,137,233,0,5,0,0,0,0,5.00,4.20
2022-05-07 00:28:37,5.43,263,114,0,5,0,0,0,0,19.50,22.68
2022-05-07 00:30:37,2.21,161,90,0,5,0,0,0,0,9.50,11.30
2022-05-07 00:31:44,1.40,249,79,0,5,0,0,0,0,7.50,11.40
2022-05-07 00:34:58,1.90,90,79,0,5,0,0,0,0,10.50,13.38
2022-05-07 00:37:34,12.25,132,188,0,5,1,0,0,0,35.50,26.63
2022-05-07 00:53:57,2.58,170,141,0,5,0,0,0,0,9.00,7.72
2022-05-07 00:55:46,2.71,229,43,0,5,0,0,0,0,10.00,8.37
2022-05-07 00:56:27,4.40,144,237,0,5,0,0,0,0,20.00,27.72
2022-05-07 01:00:53,1.19,68,163,1,5,0,0,0,0,6.50,6.90
2022-05-07 01:02:21,1.90,148,137,1,5,0,0,0,0,8.50,8.48
2022-05-07 01:04:10,3.93,186,239,1,5,0,0,0,0,14.00,14.18
2022-05-07 01:07:42,1.10,79,224,1,5,0,0,0,0,6.00,6.22
2022-05-07 01:12:49,2.62,164,237,1,5,0,0,0,0,11.00,11.23
2022-05-07 01:19:35,1.50,79,234,1,5,0,0,0,0,7.00,7.67
2022-05-07 01:24:20,2.48,162,161,1,5,0,0,0,0,10.00,10.65
2022-05-07 01:31:07,3.97,148,246,1,5,0,0,0,0,17.03,23.73
2022-05-07 01:31:56,6.20,148,238,1,5,0,0,0,0,23.50,29.55
2022-05-07 01:49:00,4.84,90,75,1,5,0,0,0,0,21.30,17.00
2022-05-07 02:01:03,4.99,79,262,2,5,0,0,0,0,21.52,13.35
2022-05-07 02:04:54,1.60,114,224,2,5,0,0,0,0,7.00,6.40
2022-05-07 02:23:41,4.90,79,263,2,5,0,0,0,0,15.50,14.00
2022-05-07 02:26:07,2.13,158,48,2,5,0,0,0,0,8.50,7.73
2022-05-07 02:34:04,2.30,79,230,2,5,0,0,0,0,10.00,10.88
2022-05-07 02:41:17,2.49,249,246,2,5,0,0,0,0,10.50,10.55
2022-05-07 02:55:04,0.90,125,79,2,5,0,0,0,0,5.50,4.68
2022-05-07 03:22:07,3.40,158,209,3,5,0,0,0,0,12.50,11.17
2022-05-07 03:53:10,8.00,79,228,3,5,0,0,0,0,29.50,35.38
2022-05-07 04:07:04,6.36,79,151,4,5,0,0,0,0,21.50,22.25
2022-05-07 04:12:56,2.20,231,90,4,5,0,0,0,0,9.50,9.95
2022-05-07 04:32:03,18.19,161,132,4,5,1,0,0,0,52.00,28.40
2022-05-07 04:54:17,1.16,163,161,4,5,0,0,0,0,6.00,4.63
2022-05-07 05:02:16,1.61,79,234,5,5,0,0,0,0,7.50,7.97
2022-05-07 05:08:53,1.26,186,161,5,5,0,0,0,0,6.00,4.45
2022-05-07 05:30:31,0.99,90,137,5,5,0,0,0,0,6.00,5.40
2022-05-07 06:29:15,18.05,161,132,6,5,1,0,0,0,52.00,31.60
2022-05-07 06:33:26,1.80,239,166,6,5,0,0,0,0,8.50,8.25
2022-05-07 06:40:36,2.10,186,237,6,5,0,0,0,0,9.00,8.70
2022-05-07 06:59:33,19.00,237,1,6,5,1,0,0,0,69.50,29.77
2022-05-07 07:01:00,3.32,48,166,7,5,0,0,0,0,13.88,9.00
2022-05-07 07:04:47,2.20,238,48,7,5,0,0,0,0,10.00,9.73
2022-05-07 07:16:48,3.32,75,170,7,5,0,0,0,0,11.00,8.23
2022-05-07 07:18:58,0.80,263,140,7,5,0,0,0,0,5.00,3.78
2022-05-07 07:35:02,9.20,186,37,7,5,0,0,0,0,30.00,31.03
2022-05-07 07:38:54,1.40,114,68,7,5,0,0,0,0,7.50,8.23
2022-05-07 07:39:18,13.02,132,181,7,5,1,0,0,0,41.50,41.47
2022-05-07 07:42:34,14.00,261,1,7,5,1,0,0,0,57.00,27.13
2022-05-07 07:48:03,1.00,141,229,7,5,0,0,0,0,5.00,3.45
2022-05-07 07:52:19,7.62,141,127,7,5,0,0,0,0,22.50,15.67
2022-05-07 07:55:51,3.33,238,74,7,5,0,0,0,0,12.00,10.68
2022-05-07 08:07:20,1.07,41,151,8,5,0,0,0,0,6.50,6.55
2022-05-07 08:11:47,16.86,132,168,8,5,1,0,0,0,44.50,26.82
2022-05-07 08:47:50,0.72,48,143,8,5,0,0,0,0,4.50,3.10
2022-05-07 08:50:28,0.75,142,239,8,5,0,0,0,0,5.00,3.30
2022-05-07 08:52:53,0.90,263,140,8,5,0,0,0,0,5.50,5.40
2022-05-07 08:54:00,5.53,225,107,8,5,0,0,0,0,23.18,25.00
2022-05-07 08:55:56,2.70,186,237,8,5,0,0,0,0,12.00,14.50
2022-05-07 08:58:15,0.82,237,237,8,5,0,0,0,0,5.50,4.73
2022-05-07 09:01:09,2.91,229,114,9,5,0,0,0,0,11.50,12.25
2022-05-07 09:08:38,3.70,48,13,9,5,0,0,0,0,15.00,16.33
2022-05-07 09:09:23,2.27,170,246,9,5,0,0,0,0,9.50,11.52
2022-05-07 09:13:12,1.22,48,246,9,5,0,0,0,0,6.50,5.93
2022-05-07 09:13:48,1.23,209,144,9,5,0,0,0,0,7.00,8.53
2022-05-07 09:15:00,1.99,68,142,9,5,0,0,0,0,7.50,5.45
2022-05-07 09:20:55,3.22,137,142,9,5,0,0,0,0,12.00,12.28
2022-05-07 09:23:07,8.80,70,244,9,5,0,0,0,0,26.00,19.93
2022-05-07 09:27:39,0.20,68,50,9,5,0,0,0,0,3.00,1.08
2022-05-07 09:27:57,0.84,142,163,9,5,0,0,0,0,5.50,5.77
2022-05-07 09:36:33,2.20,237,238,9,5,0,0,0,0,9.50,9.23
2022-05-07 09:36:44,0.34,151,238,9,5,0,0,0,0,3.00,1.32
2022-05-07 09:36:57,1.40,142,238,9,5,0,0,0,0,6.50,5.90
2022-05-07 09:37:03,1.66,142,239,9,5,0,0,0,0,9.00,10.13
2022-05-07 09:44:59,1.52,116,24,9,5,0,0,0,0,8.00,8.25
2022-05-07 09:56:57,1.20,233,141,9,5,0,0,0,0,6.00,4.90
2022-05-07 09:57:46,3.75,229,158,9,5,0,0,0,0,16.50,23.42
2022-05-07 10:00:13,3.02,100,141,10,5,0,0,0,1,13.50,17.18
2022-05-07 10:00:17,0.41,125,249,10,5,0,0,0,1,3.50,1.05
2022-05-07 10:05:48,1.60,24,238,10,5,0,0,0,1,8.00,8.78
2022-05-07 10:14:34,0.74,262,263,10,5,0,0,0,1,7.50,9.88
2022-05-07 10:14:53,2.78,211,161,10,5,0,0,0,1,10.50,9.90
2022-05-07 10:17:40,4.87,249,236,10,5,0,0,0,1,19.00,23.65
2022-05-07 10:19:18,1.60,186,79,10,5,0,0,0,1,7.50,9.67
2022-05-07 10:20:16,0.30,236,236,10,5,0,0,0,1,4.00,3.03
2022-05-07 10:24:01,1.90,161,143,10,5,0,0,0,1,11.00,14.67
2022-05-07 10:25:49,0.70,141,237,10,5,0,0,0,1,5.00,4.37
2022-05-07 10:30:27,2.34,162,143,10,5,0,0,0,1,11.50,14.68
2022-05-07 10:32:39,0.90,237,43,10,5,0,0,0,1,6.00,6.02
2022-05-07 10:35:07,1.79,151,142,10,5,0,0,0,1,9.50,10.95
2022-05-07 10:38:13,2.80,151,237,10,5,0,0,0,1,11.00,11.77
2022-05-07 10:39:05,1.16,186,68,10,5,0,0,0,1,8.00,9.32
2022-05-07 10:39:19,1.47,236,239,10,5,0,0,0,1,7.00,6.48
2022-05-07 10:44:00,1.20,170,186,10,5,0,0,0,1,9.00,13.00
2022-05-07 10:44:51,1.58,229,236,10,5,0,0,0,1,7.00,7.00
2022-05-07 10:44:55,1.20,113,231,10,5,0,0,0,1,8.00,11.12
2022-05-07 10:45:59,1.70,151,75,10,5,0,0,0,1,9.00,10.08
2022-05-07 10:47:47,1.30,233,229,10,5,0,0,0,1,7.00,6.78
2022-05-07 10:51:44,2.24,142,166,10,5,0,0,0,1,10.50,11.93
2022-05-07 10:52:02,1.20,48,239,10,5,0,0,0,1,6.00,7.35
2022-05-07 10:52:08,12.69,138,234,10,5,1,0,0,1,38.00,32.82
2022-05-07 10:52:23,9.00,138,230,10,5,1,0,0,1,28.50,32.27
2022-05-07 10:53:28,2.00,162,234,10,5,0,0,0,1,9.00,9.32
2022-05-07 10:54:50,0.86,68,230,10,5,0,0,0,1,5.00,4.52
2022-05-07 10:56:14,4.00,237,249,10,5,0,0,0,1,18.00,23.47
2022-05-07 10:58:05,0.79,239,239,10,5,0,0,0,1,5.50,4.47
2022-05-07 10:58:52,1.00,234,113,10,5,0,0,0,1,7.50,8.60
2022-05-07 11:01:52,0.96,142,161,11,5,0,0,0,1,6.00,5.52
2022-05-07 11:03:32,0.68,236,236,11,5,0,0,0,1,5.00,4.68
2022-05-07 11:04:25,2.78,90,142,11,5,0,0,0,1,13.00,17.42
2022-05-07 11:06:51,0.46,48,230,11,5,0,0,0,1,3.50,2.32
2022-05-07 11:07:04,1.60,229,236,11,5,0,0,0,1,7.50,8.38
2022-05-07 11:07:09,1.24,237,230,11,5,0,0,0,1,6.50,6.40
2022-05-07 11:09:09,3.00,140,48,11,5,0,0,0,1,16.50,23.42
2022-05-07 11:15:43,5.60,151,158,11,5,0,0,0,1,20.50,22.68
2022-05-07 11:16:00,5.15,141,90,11,5,0,0,0,1,19.93,25.00
2022-05-07 11:16:06,0.43,140,141,11,5,0,0,0,1,4.00,2.72
2022-05-07 11:16:18,2.23,137,249,11,5,0,0,0,1,11.00,14.35
2022-05-07 11:17:52,1.25,142,162,11,5,0,0,0,1,9.00,12.03
2022-05-07 11:21:48,4.30,211,87,11,5,0,0,0,1,19.50,26.58
2022-05-07 11:22:47,1.50,237,236,11,5,0,0,0,1,7.00,6.23
2022-05-07 11:29:17,1.40,229,137,11,5,0,0,0,1,6.50,7.70
2022-05-07 11:31:02,1.31,239,236,11,5,0,0,0,1,6.00,5.47
2022-05-07 11:33:03,3.30,238,229,11,5,0,0,0,1,13.00,15.45
2022-05-07 11:33:13,1.31,161,170,11,5,0,0,0,1,7.50,9.02
2022-05-07 11:33:22,16.10,161,132,11,5,1,0,0,1,52.00,44.48
2022-05-07 11:34:47,0.91,234,161,11,5,0,0,0,1,5.00,3.75
2022-05-07 11:39:13,2.56,65,231,11,5,0,0,0,1,12.93,20.77
2022-05-07 11:41:04,8.60,138,236,11,5,1,0,0,1,44.00,23.45
2022-05-07 11:43:34,0.42,229,233,11,5,0,0,0,1,3.50,1.87
2022-05-07 11:44:23,1.12,162,170,11,5,0,0,0,1,7.00,7.68
2022-05-07 11:45:53,1.02,263,236,11,5,0,0,0,1,5.00,3.25
2022-05-07 11:46:08,1.55,79,231,11,5,0,0,0,1,8.00,9.65
2022-05-07 11:47:59,0.71,236,237,11,5,0,0,0,1,5.00,4.08
2022-05-07 11:48:56,17.08,162,132,11,5,1,0,0,1,52.00,39.08
2022-05-07 11:49:12,0.81,143,239,11,5,0,0,0,1,5.50,4.97
2022-05-07 11:50:27,1.59,239,43,11,5,0,0,0,1,8.50,9.48
2022-05-07 11:52:55,1.48,140,162,11,5,0,0,0,1,7.50,8.37
2022-05-07 11:53:36,0.87,236,237,11,5,0,0,0,1,6.50,7.08
2022-05-07 11:58:03,5.90,231,37,11,5,0,0,0,1,24.00,31.15
2022-05-07 11:58:56,2.30,162,79,11,5,0,0,0,1,11.00,13.20
2022-05-07 12:01:18,6.59,262,249,12,5,0,0,0,1,25.09,26.42
2022-05-07 12:02:33,0.60,24,151,12,5,0,0,0,1,4.50,3.92
2022-05-07 12:03:42,1.85,170,163,12,5,0,0,0,1,10.85,16.68
2022-05-07 12:06:55,1.14,238,143,12,5,0,0,0,1,6.50,6.43
2022-05-07 12:08:54,1.04,79,114,12,5,0,0,0,1,6.50,6.75
2022-05-07 12:12:07,2.43,239,186,12,5,0,0,0,1,11.50,15.03
2022-05-07 12:12:44,0.40,162,170,12,5,0,0,0,1,4.00,3.15
2022-05-07 12:15:10,1.60,238,236,12,5,0,0,0,1,8.50,9.52
2022-05-07 12:15:21,1.38,186,161,12,5,0,0,0,1,9.50,13.13
2022-05-07 12:16:14,1.50,50,161,12,5,0,0,0,1,9.00,11.92
2022-05-07 12:17:59,1.43,238,142,12,5,0,0,0,1,8.50,10.48
2022-05-07 12:19:07,1.24,237,142,12,5,0,0,0,1,9.50,12.87
2022-05-07 12:19:15,8.98,138,230,12,5,1,0,0,1,32.00,37.25
2022-05-07 12:23:16,6.12,225,7,12,5,0,0,0,1,26.75,38.73
2022-05-07 12:23:45,1.10,48,142,12,5,0,0,0,1,8.00,10.17
2022-05-07 12:24:33,1.00,236,263,12,5,0,0,0,1,6.50,6.82
2022-05-07 12:25:23,2.10,234,237,12,5,0,0,0,1,10.50,11.58
2022-05-07 12:26:27,0.41,263,263,12,5,0,0,0,1,4.00,3.52
2022-05-07 12:30:59,1.30,43,237,12,5,0,0,0,1,8.00,9.08
2022-05-07 12:33:11,14.79,231,132,12,5,1,0,0,1,52.00,57.03
2022-05-07 12:35:25,1.39,234,79,12,5,0,0,0,1,8.00,10.40
2022-05-07 12:36:44,2.21,163,68,12,5,0,0,0,1,11.00,13.50
2022-05-07 12:39:10,4.20,132,10,12,5,1,0,0,1,14.00,11.83
2022-05-07 12:41:00,2.27,107,158,12,5,0,0,0,1,12.19,22.00
2022-05-07 12:42:13,0.86,239,43,12,5,0,0,0,1,6.50,7.25
2022-05-07 12:43:40,6.36,229,231,12,5,0,0,0,1,28.28,12.13
2022-05-07 12:46:06,1.06,229,170,12,5,0,0,0,1,6.00,5.50
2022-05-07 12:47:16,1.14,237,142,12,5,0,0,0,1,8.00,10.10
2022-05-07 12:47:35,0.50,236,237,12,5,0,0,0,1,4.50,5.30
2022-05-07 12:52:35,0.97,237,142,12,5,0,0,0,1,7.00,8.35
2022-05-07 12:53:51,1.90,87,45,12,5,0,0,0,1,10.00,12.02
2022-05-07 12:54:24,1.60,231,113,12,5,0,0,0,1,7.50,6.98
2022-05-07 12:55:56,2.84,162,211,12,5,0,0,0,1,12.00,14.10
2022-05-07 12:56:24,1.20,148,249,12,5,0,0,0,1,8.50,10.37
2022-05-07 12:56:46,2.80,163,236,12,5,0,0,0,1,14.00,18.47
2022-05-07 12:57:37,5.05,148,140,12,5,0,0,0,1,18.50,19.55
2022-05-07 12:58:31,2.65,229,68,12,5,0,0,0,1,16.50,26.85
2022-05-07 13:00:51,2.05,140,142,13,5,0,0,0,1,10.50,13.40
2022-05-07 13:04:04,1.41,100,170,13,5,0,0,0,1,11.50,17.43
2022-05-07 13:05:33,1.06,141,162,13,5,0,0,0,1,6.00,5.60
2022-05-07 13:11:43,1.00,164,107,13,5,0,0,0,1,7.00,7.55
2022-05-07 13:12:20,1.16,230,163,13,5,0,0,0,1,14.00,22.55
2022-05-07 13:14:01,0.60,75,238,13,5,0,0,0,1,5.00,6.80
2022-05-07 13:16:54,1.43,107,233,13,5,0,0,0,1,9.00,11.40
2022-05-07 13:17:45,4.60,261,224,13,5,0,0,0,1,15.50,12.90
2022-05-07 13:18:45,1.80,107,230,13,5,0,0,0,1,11.50,16.13
2022-05-07 13:21:00,0.68,237,237,13,5,0,0,0,1,6.50,7.83
2022-05-07 13:21:46,4.26,141,249,13,5,0,0,0,1,18.00,23.87
2022-05-07 13:21:49,1.50,50,186,13,5,0,0,0,1,10.00,13.68
2022-05-07 13:26:25,3.42,68,142,13,5,0,0,0,1,19.50,30.38
2022-05-07 13:27:09,2.00,161,113,13,5,0,0,0,1,10.50,13.12
2022-05-07 13:28:25,1.53,261,45,13,5,0,0,0,1,9.00,11.20
2022-05-07 13:28:54,2.87,230,43,13,5,0,0,0,1,12.50,14.63
2022-05-07 13:30:07,2.60,229,186,13,5,0,0,0,1,13.50,18.35
2022-05-07 13:32:49,1.64,4,231,13,5,0,0,0,1,9.50,11.55
2022-05-07 13:34:23,1.28,151,166,13,5,0,0,0,1,7.50,8.98
2022-05-07 13:36:11,1.24,230,43,13,5,0,0,0,1,9.00,11.90
2022-05-07 13:47:35,9.76,138,170,13,5,1,0,0,1,32.50,36.65
2022-05-07 13:49:40,0.91,100,234,13,5,0,0,0,1,6.00,6.93
2022-05-07 13:51:31,3.02,137,262,13,5,0,0,0,1,11.50,13.00
2022-05-07 13:52:06,0.59,236,263,13,5,0,0,0,1,5.00,4.98
2022-05-07 13:58:15,3.07,161,211,13,5,0,0,0,1,17.50,28.45
2022-05-07 13:59:10,1.90,68,161,13,5,0,0,0,1,11.00,14.93
2022-05-07 13:59:56,1.65,236,237,13,5,0,0,0,1,10.50,13.93
2022-05-07 14:04:02,1.00,107,162,14,5,0,0,0,1,7.00,7.27
2022-05-07 14:04:02,0.90,164,100,14,5,0,0,0,1,10.50,16.07
2022-05-07 14:04:33,2.40,237,146,14,5,0,0,0,1,11.00,12.67
2022-05-07 14:07:31,0.90,158,90,14,5,0,0,0,1,6.00,6.40
2022-05-07 14:12:32,5.76,7,68,14,5,0,0,0,1,26.06,38.30
2022-05-07 14:13:18,1.00,143,43,14,5,0,0,0,1,7.00,7.83
2022-05-07 14:16:04,1.74,113,186,14,5,0,0,0,1,10.50,14.43
2022-05-07 14:20:20,2.29,237,48,14,5,0,0,0,1,10.50,12.97
2022-05-07 14:22:59,2.77,263,142,14,5,0,0,0,1,14.50,19.72
2022-05-07 14:24:12,1.09,68,48,14,5,0,0,0,1,10.50,16.03
2022-05-07 14:26:58,2.79,236,229,14,5,0,0,0,1,13.50,17.18
2022-05-07 14:29:16,2.90,140,142,14,5,0,0,0,1,14.50,20.78
2022-05-07 14:34:31,0.90,107,170,14,5,0,0,0,1,5.50,4.80
2022-05-07 14:36:18,5.01,261,113,14,5,0,0,0,1,18.00,18.05
2022-05-07 14:45:58,3.23,90,237,14,5,0,0,0,1,20.50,32.92
2022-05-07 14:46:12,2.22,237,236,14,5,0,0,0,1,12.00,16.48
2022-05-07 14:49:35,1.60,137,48,14,5,0,0,0,1,10.00,13.50
2022-05-07 14:51:00,1.00,90,90,14,5,0,0,0,1,6.50,7.92
2022-05-07 14:55:08,3.86,68,236,14,5,0,0,0,1,17.50,23.02
2022-05-07 15:01:14,0.78,230,161,15,5,0,0,0,1,6.50,7.40
2022-05-07 15:03:05,2.96,68,211,15,5,0,0,0,1,19.00,30.57
2022-05-07 15:06:15,1.85,43,229,15,5,0,0,0,1,10.00,12.45
2022-05-07 15:11:08,2.99,50,234,15,5,0,0,0,1,15.50,21.77
2022-05-07 15:14:34,2.71,234,140,15,5,0,0,0,1,12.50,17.20
2022-05-07 15:16:06,1.08,107,162,15,5,0,0,0,1,6.50,7.03
2022-05-07 15:17:43,0.43,234,107,15,5,0,0,0,1,4.50,4.18
2022-05-07 15:18:53,2.40,114,186,15,5,0,0,0,1,14.50,21.73
2022-05-07 15:26:28,1.29,230,68,15,5,0,0,0,1,8.00,10.18
2022-05-07 15:26:35,0.79,230,161,15,5,0,0,0,1,8.50,11.57
2022-05-07 15:26:42,2.01,238,142,15,5,0,0,0,1,8.50,9.20
2022-05-07 15:30:48,2.30,262,239,15,5,0,0,0,1,10.50,11.90
2022-05-07 15:31:07,19.50,132,236,15,5,1,0,0,1,52.00,41.87
2022-05-07 15:31:54,1.70,162,263,15,5,0,0,0,1,8.00,8.97
2022-05-07 15:34:47,1.55,113,186,15,5,0,0,0,1,8.50,10.13
2022-05-07 15:34:52,0.60,234,249,15,5,0,0,0,1,5.00,4.47
2022-05-07 15:35:48,0.98,239,142,15,5,0,0,0,1,6.50,6.93
2022-05-07 15:36:48,1.77,162,142,15,5,0,0,0,1,9.50,13.43
2022-05-07 15:37:50,1.66,132,132,15,5,1,0,0,1,7.00,5.05
2022-05-07 15:41:02,0.99,140,237,15,5,0,0,0,1,5.50,5.55
2022-05-07 15:42:31,1.05,262,236,15,5,0,0,0,1,6.00,6.73
2022-05-07 15:47:20,4.12,236,79,15,5,0,0,0,1,21.50,31.88
2022-05-07 15:53:07,1.70,163,263,15,5,0,0,0,1,9.50,11.55
2022-05-07 15:55:59,2.10,233,113,15,5,0,0,0,1,14.00,21.35
2022-05-07 15:57:26,0.96,209,211,15,5,0,0,0,1,9.50,13.58
2022-05-07 15:57:30,3.00,261,164,15,5,0,0,0,1,13.50,17.45
2022-05-07 15:58:58,0.61,234,100,15,5,0,0,0,1,6.50,7.63
2022-05-07 16:01:08,2.30,113,162,16,5,0,0,0,1,12.00,15.92
2022-05-07 16:02:10,1.10,48,100,16,5,0,0,0,1,8.00,11.08
2022-05-07 16:04:04,0.59,237,237,16,5,0,0,0,1,4.00,3.00
2022-05-07 16:08:20,0.80,48,161,16,5,0,0,0,1,7.50,9.03
2022-05-07 16:10:47,2.52,144,164,16,5,0,0,0,1,12.00,15.90
2022-05-07 16:12:10,21.83,132,143,16,5,1,0,0,1,52.00,57.98
2022-05-07 16:14:43,5.45,263,80,16,5,0,0,0,1,20.50,25.17
2022-05-07 16:18:49,5.20,43,79,16,5,0,0,0,1,21.00,25.50
2022-05-07 16:25:52,1.18,43,239,16,5,0,0,0,1,9.00,11.55
2022-05-07 16:26:46,2.70,229,90,16,5,0,0,0,1,13.50,18.87
2022-05-07 16:27:02,16.40,132,137,16,5,1,0,0,1,52.00,38.88
2022-05-07 16:27:45,2.80,163,249,16,5,0,0,0,1,14.00,21.12
2022-05-07 16:29:58,3.89,79,141,16,5,0,0,0,1,15.00,19.03
2022-05-07 16:30:12,0.97,237,237,16,5,0,0,0,1,6.50,7.33
2022-05-07 16:31:07,4.06,163,144,16,5,0,0,0,1,17.50,24.10
2022-05-07 16:32:46,3.60,230,79,16,5,0,0,0,1,15.00,20.77
2022-05-07 16:32:48,1.31,68,164,16,5,0,0,0,1,11.00,16.12
2022-05-07 16:34:08,0.90,236,43,16,5,0,0,0,1,6.00,5.90
2022-05-07 16:37:40,1.70,137,4,16,5,0,0,0,1,9.00,10.75
2022-05-07 16:39:03,1.75,170,50,16,5,0,0,0,1,10.50,14.53
2022-05-07 16:40:36,1.06,125,231,16,5,0,0,0,1,6.00,6.38
2022-05-07 16:43:15,0.90,186,137,16,5,0,0,0,1,6.50,7.55
2022-05-07 16:45:21,1.61,211,234,16,5,0,0,0,1,9.00,11.67
2022-05-07 16:46:26,0.81,233,170,16,5,0,0,0,1,5.50,5.55
2022-05-07 16:47:07,0.78,140,236,16,5,0,0,0,1,6.00,5.93
2022-05-07 16:47:37,0.67,237,162,16,5,0,0,0,1,5.50,5.67
2022-05-07 16:49:15,20.71,132,230,16,5,1,0,0,1,52.00,52.92
2022-05-07 16:51:32,1.63,140,140,16,5,0,0,0,1,10.50,13.65
2022-05-07 16:54:09,2.30,90,79,16,5,0,0,0,1,13.00,19.30
2022-05-07 16:54:10,3.18,140,74,16,5,0,0,0,1,12.50,13.03
2022-05-07 16:54:55,3.18,4,161,16,5,0,0,0,1,18.95,21.40
2022-05-07 16:55:04,3.76,143,107,16,5,0,0,0,1,19.50,27.53
2022-05-07 16:57:17,1.22,140,162,16,5,0,0,0,1,6.50,6.50
2022-05-07 16:57:44,2.06,162,236,16,5,0,0,0,1,9.00,9.88
2022-05-07 17:01:04,1.92,43,230,17,5,0,0,0,1,11.00,13.93
2022-05-07 17:02:02,0.81,142,163,17,5,0,0,0,1,5.00,4.68
2022-05-07 17:03:20,2.00,90,161,17,5,0,0,0,1,15.50,25.52
2022-05-07 17:04:03,2.60,161,140,17,5,0,0,0,1,12.00,15.95
2022-05-07 17:05:41,1.66,186,48,17,5,0,0,0,1,11.00,16.52
2022-05-07 17:05:45,2.64,161,140,17,5,0,0,0,1,11.50,13.52
2022-05-07 17:07:46,0.93,50,48,17,5,0,0,0,1,8.00,10.13
2022-05-07 17:08:28,1.40,234,211,17,5,0,0,0,1,8.00,9.97
2022-05-07 17:11:47,0.85,100,48,17,5,0,0,0,1,8.50,12.00
2022-05-07 17:13:06,2.09,170,50,17,5,0,0,0,1,14.00,21.32
2022-05-07 17:13:43,0.60,142,239,17,5,0,0,0,1,4.50,3.55
2022-05-07 17:13:58,2.38,163,234,17,5,0,0,0,1,13.00,18.67
2022-05-07 17:15:06,1.45,4,144,17,5,0,0,0,1,9.50,12.38
2022-05-07 17:15:49,1.74,79,231,17,5,0,0,0,1,10.00,12.35
2022-05-07 17:16:32,1.89,141,262,17,5,0,0,0,1,8.00,8.48
2022-05-07 17:17:00,3.06,186,237,17,5,0,0,0,1,17.50,25.83
2022-05-07 17:28:31,2.02,237,50,17,5,0,0,0,1,13.50,19.82
2022-05-07 17:31:22,17.27,132,230,17,5,1,0,0,1,52.00,50.82
2022-05-07 17:35:32,0.52,234,137,17,5,0,0,0,1,5.00,4.33
2022-05-07 17:45:20,1.10,237,162,17,5,0,0,0,1,6.00,5.05
2022-05-07 17:45:29,1.46,141,142,17,5,0,0,0,1,9.50,12.83
2022-05-07 17:48:03,9.97,48,138,17,5,1,0,0,1,35.00,43.68
2022-05-07 17:49:33,0.60,68,68,17,5,0,0,0,1,4.50,3.40
2022-05-07 17:50:56,0.90,238,142,17,5,0,0,0,1,6.00,7.18
2022-05-07 17:53:51,4.95,151,68,17,5,0,0,0,1,18.00,18.88
2022-05-07 17:54:04,10.72,42,256,17,5,0,0,0,1,34.00,32.65
2022-05-07 17:54:48,3.85,237,125,17,5,0,0,0,1,21.00,33.30
2022-05-07 17:58:17,2.09,166,74,17,5,0,0,0,1,12.00,15.88
2022-05-07 17:58:36,19.17,141,132,17,5,1,0,0,1,52.00,42.13
2022-05-07 18:00:51,1.94,229,263,18,5,0,0,0,1,10.04,8.45
2022-05-07 18:09:32,1.34,234,170,18,5,0,0,0,1,10.50,15.28
2022-05-07 18:09:34,2.80,162,249,18,5,0,0,0,1,13.50,18.03
2022-05-07 18:10:07,3.01,211,161,18,5,0,0,0,1,13.50,18.62
2022-05-07 18:19:41,2.97,209,148,18,5,0,0,0,1,12.00,13.62
2022-05-07 18:20:42,1.10,68,50,18,5,0,0,0,1,6.50,7.75
2022-05-07 18:21:41,5.03,162,45,18,5,0,0,0,1,18.50,19.70
2022-05-07 18:23:06,2.60,238,161,18,5,0,0,0,1,10.00,10.05
2022-05-07 18:24:03,3.05,125,233,18,5,0,0,0,1,14.50,19.18
2022-05-07 18:25:30,1.62,161,229,18,5,0,0,0,1,8.00,9.20
2022-05-07 18:25:58,1.37,163,230,18,5,0,0,0,1,9.50,13.02
2022-05-07 18:29:47,0.53,79,107,18,5,0,0,0,1,4.00,2.80
2022-05-07 18:33:05,0.80,237,163,18,5,0,0,0,1,6.00,6.05
2022-05-07 18:34:00,0.44,13,13,18,5,0,0,0,1,4.00,2.93
2022-05-07 18:38:16,1.02,75,75,18,5,0,0,0,1,7.50,8.80
2022-05-07 18:41:01,0.79,237,163,18,5,0,0,0,1,5.00,4.18
2022-05-07 18:41:23,1.20,107,4,18,5,0,0,0,1,8.00,9.80
2022-05-07 18:41:42,1.85,142,238,18,5,0,0,0,1,12.50,17.68
2022-05-07 18:43:06,0.78,162,164,18,5,0,0,0,1,5.00,4.47
2022-05-07 18:43:25,0.46,233,170,18,5,0,0,0,1,4.00,3.02
2022-05-07 18:45:49,5.68,231,239,18,5,0,0,0,1,22.00,26.50
2022-05-07 18:47:54,5.75,79,61,18,5,0,0,0,1,21.50,27.65
2022-05-07 18:48:27,0.40,238,151,18,5,0,0,0,1,4.50,3.72
2022-05-07 18:51:18,1.34,107,186,18,5,0,0,0,1,8.50,10.93
2022-05-07 18:52:10,1.37,161,233,18,5,0,0,0,1,10.00,14.40
2022-05-07 18:55:18,3.70,231,230,18,5,0,0,0,1,15.50,19.58
2022-05-07 18:56:16,0.57,113,79,18,5,0,0,0,1,6.00,7.35
2022-05-07 18:57:28,1.20,236,239,18,5,0,0,0,1,6.00,5.38
2022-05-07 18:58:22,1.98,151,236,18,5,0,0,0,1,10.00,12.33
2022-05-07 19:00:27,1.50,186,162,19,5,0,0,0,1,9.50,13.30
2022-05-07 19:01:58,4.00,79,255,19,5,0,0,0,1,17.00,19.95
2022-05-07 19:03:17,0.80,162,230,19,5,0,0,0,1,8.50,11.95
2022-05-07 19:05:00,1.03,141,262,19,5,0,0,0,1,8.75,5.00
2022-05-07 19:06:22,1.69,162,236,19,5,0,0,0,1,7.00,5.98
2022-05-07 19:12:02,1.08,238,143,19,5,0,0,0,1,6.00,5.28
2022-05-07 19:14:14,0.49,163,230,19,5,0,0,0,1,8.00,11.43
2022-05-07 19:14:59,2.20,141,48,19,5,0,0,0,1,12.00,15.88
2022-05-07 19:15:00,0.85,231,88,19,5,0,0,0,1,6.00,7.25
2022-05-07 19:16:51,1.68,263,239,19,5,0,0,0,1,8.50,8.93
2022-05-07 19:22:17,2.00,246,163,19,5,0,0,0,1,13.00,19.35
2022-05-07 19:24:35,1.84,263,237,19,5,0,0,0,1,8.50,9.23
2022-05-07 19:26:46,17.66,132,230,19,5,1,0,0,1,52.00,42.27
2022-05-07 19:28:22,6.42,142,87,19,5,0,0,0,1,23.50,26.68
2022-05-07 19:28:47,2.25,43,164,19,5,0,0,0,1,11.50,15.27
2022-05-07 19:30:38,1.35,238,166,19,5,0,0,0,1,7.50,7.03
2022-05-07 19:30:42,1.27,164,186,19,5,0,0,0,1,12.00,18.43
2022-05-07 19:31:06,11.40,138,107,19,5,1,0,0,1,35.50,37.62
2022-05-07 19:35:12,1.30,164,90,19,5,0,0,0,1,8.00,9.22
2022-05-07 19:38:32,1.50,68,107,19,5,0,0,0,1,9.50,13.42
2022-05-07 19:40:41,2.38,79,209,19,5,0,0,0,1,12.00,15.58
2022-05-07 19:44:32,5.20,164,256,19,5,0,0,0,1,21.50,25.60
2022-05-07 19:58:16,9.87,138,239,19,5,1,0,0,1,29.50,25.13
2022-05-07 20:00:27,1.50,13,231,20,5,0,0,0,0,9.50,11.88
2022-05-07 20:11:42,0.73,114,113,20,5,0,0,0,0,5.50,5.80
2022-05-07 20:13:58,2.87,238,166,20,5,0,0,0,0,11.00,12.28
2022-05-07 20:14:27,1.51,234,164,20,5,0,0,0,0,11.00,15.95
2022-05-07 20:16:17,2.68,141,164,20,5,0,0,0,0,12.50,15.23
2022-05-07 20:17:27,0.83,68,234,20,5,0,0,0,0,6.00,6.37
2022-05-07 20:18:00,0.70,230,230,20,5,0,0,0,0,6.50,8.10
2022-05-07 20:20:02,3.40,148,37,20,5,0,0,0,0,15.50,18.98
2022-05-07 20:25:47,0.44,237,237,20,5,0,0,0,0,4.50,3.65
2022-05-07 20:26:17,1.19,229,142,20,5,0,0,0,0,7.00,8.13
2022-05-07 20:26:43,3.22,249,142,20,5,0,0,0,0,13.50,16.23
2022-05-07 20:29:47,1.20,246,230,20,5,0,0,0,0,8.00,9.12
2022-05-07 20:33:38,5.99,229,160,20,5,0,0,0,0,19.00,18.33
2022-05-07 20:33:53,8.18,261,263,20,5,0,0,0,0,25.00,19.55
2022-05-07 20:36:36,0.59,43,141,20,5,0,0,0,0,5.50,5.50
2022-05-07 20:38:47,2.41,161,236,20,5,0,0,0,0,10.50,11.38
2022-05-07 20:43:29,1.91,230,234,20,5,0,0,0,0,11.00,15.92
2022-05-07 20:46:46,1.90,79,209,20,5,0,0,0,0,9.50,12.33
2022-05-07 20:49:38,5.16,263,68,20,5,0,0,0,0,19.50,20.77
2022-05-07 20:52:12,1.44,164,79,20,5,0,0,0,0,8.50,10.37
2022-05-07 21:00:05,2.82,236,48,21,5,0,0,0,0,12.00,14.10
2022-05-07 21:01:10,1.41,239,151,21,5,0,0,0,0,6.00,3.75
2022-05-07 21:04:24,2.03,68,229,21,5,0,0,0,0,9.00,11.02
2022-05-07 21:06:20,1.90,114,209,21,5,0,0,0,0,10.00,12.52
2022-05-07 21:06:21,2.44,140,164,21,5,0,0,0,0,10.50,11.87
2022-05-07 21:09:41,1.76,164,249,21,5,0,0,0,0,9.00,11.33
2022-05-07 21:17:30,0.80,170,229,21,5,0,0,0,0,6.00,6.62
2022-05-07 21:20:12,2.60,170,48,21,5,0,0,0,0,12.50,16.67
2022-05-07 21:30:55,9.26,143,196,21,5,0,0,0,0,30.00,28.90
2022-05-07 21:33:23,2.31,239,262,21,5,0,0,0,0,11.00,13.50
2022-05-07 21:39:40,2.10,238,74,21,5,0,0,0,0,8.50,7.33
2022-05-07 21:40:22,0.40,48,230,21,5,0,0,0,0,3.50,1.48
2022-05-07 21:44:22,2.15,142,238,21,5,0,0,0,0,9.00,9.43
2022-05-07 21:44:56,0.80,249,114,21,5,0,0,0,0,7.00,9.17
2022-05-07 21:45:37,2.10,237,230,21,5,0,0,0,0,11.50,14.00
2022-05-07 21:48:17,7.48,186,244,21,5,0,0,0,0,24.00,19.48
2022-05-07 21:52:42,2.50,48,263,21,5,0,0,0,0,11.00,12.10
2022-05-07 21:57:08,2.34,143,236,21,5,0,0,0,0,10.50,12.10
2022-05-07 21:57:16,20.81,132,238,21,5,1,0,0,0,52.00,37.88
2022-05-07 22:02:53,3.10,234,141,22,5,0,0,0,0,12.50,13.98
2022-05-07 22:02:59,3.12,166,236,22,5,0,0,0,0,14.00,16.13
2022-05-07 22:05:44,1.30,249,224,22,5,0,0,0,0,8.00,10.13
2022-05-07 22:09:30,1.27,231,232,22,5,0,0,0,0,6.50,6.63
2022-05-07 22:21:06,1.50,142,238,22,5,0,0,0,0,6.50,5.80
2022-05-07 22:22:34,0.71,163,161,22,5,0,0,0,0,5.00,6.08
2022-05-07 22:23:34,1.95,161,237,22,5,0,0,0,0,8.00,7.73
2022-05-07 22:29:29,0.70,114,114,22,5,0,0,0,0,6.00,6.98
2022-05-07 22:30:05,3.44,113,237,22,5,0,0,0,0,13.50,16.92
2022-05-07 22:31:00,2.81,90,229,22,5,0,0,0,0,13.50,18.03
2022-05-07 22:31:18,1.59,163,141,22,5,0,0,0,0,9.50,12.65
2022-05-07 22:32:04,0.79,79,79,22,5,0,0,0,0,5.50,5.72
2022-05-07 22:35:30,12.40,132,223,22,5,1,0,0,0,33.50,23.10
2022-05-07 22:49:45,1.16,229,141,22,5,0,0,0,0,6.00,5.12
2022-05-07 22:54:35,0.54,162,141,22,5,0,0,0,0,4.00,2.57
2022-05-07 22:56:16,0.70,141,237,22,5,0,0,0,0,4.50,3.65
2022-05-07 22:58:33,1.30,186,48,22,5,0,0,0,0,10.00,14.28
2022-05-07 22:58:47,0.40,142,230,22,5,0,0,0,0,4.00,3.35
2022-05-07 23:00:37,1.23,142,48,23,5,0,0,0,0,7.00,7.58
2022-05-07 23:02:17,1.43,186,90,23,5,0,0,0,0,8.00,10.92
2022-05-07 23:07:37,1.34,236,237,23,5,0,0,0,0,6.00,3.70
2022-05-07 23:09:20,1.20,137,229,23,5,0,0,0,0,6.00,4.85
2022-05-07 23:10:41,5.30,237,159,23,5,0,0,0,0,19.00,22.03
2022-05-07 23:13:21,8.80,100,37,23,5,0,0,0,0,31.86,41.17
2022-05-07 23:14:50,7.00,234,36,23,5,0,0,0,0,31.00,44.90
2022-05-07 23:21:24,2.60,170,263,23,5,0,0,0,0,9.50,8.98
2022-05-07 23:21:54,3.74,237,260,23,5,0,0,0,0,15.00,16.63
2022-05-07 23:22:22,5.67,260,230,23,5,0,0,0,0,21.00,23.78
2022-05-07 23:22:38,3.96,125,143,23,5,0,0,0,0,15.50,18.47
2022-05-07 23:23:23,1.83,164,229,23,5,0,0,0,0,9.00,10.30
2022-05-07 23:33:29,0.59,90,249,23,5,0,0,0,0,4.50,4.23
2022-05-07 23:37:30,1.20,236,237,23,5,0,0,0,0,6.00,5.70
2022-05-07 23:39:04,1.66,142,229,23,5,0,0,0,0,9.00,10.78
2022-05-07 23:40:05,3.58,97,79,23,5,0,0,0,0,17.56,18.98
2022-05-07 23:41:38,10.52,138,114,23,5,1,0,0,0,31.50,23.77
2022-05-07 23:41:40,3.51,163,226,23,5,0,0,0,0,13.00,14.27
2022-05-07 23:43:05,3.20,141,90,23,5,0,0,0,0,13.50,16.05
2022-05-07 23:46:18,2.08,234,144,23,5,0,0,0,0,9.50,11.53
2022-05-07 23:47:05,3.20,229,158,23,5,0,0,0,0,14.50,20.22
2022-05-07 23:51:05,4.84,138,56,23,5,1,0,0,0,15.00,10.63
2022-05-07 23:53:04,20.91,132,13,23,5,1,0,0,0,52.00,40.22
2022-05-07 23:55:34,1.64,90,48,23,5,0,0,0,0,8.00,8.57
2022-05-07 23:56:08,0.76,164,164,23,5,0,0,0,0,4.50,3.02
2022-05-07 23:57:11,3.12,186,141,23,5,0,0,0,0,12.00,12.45
2022-05-07 23:59:51,0.86,234,79,23,5,0,0,0,0,5.50,6.02
2022-05-08 00:01:44,0.55,90,68,0,6,0,0,0,0,4.50,4.07
2022-05-08 00:02:36,3.76,246,209,0,6,0,0,0,0,16.50,21.30
2022-05-08 00:02:49,11.66,132,102,0,6,1,0,0,0,32.50,19.37
2022-05-08 00:03:43,4.20,79,236,0,6,0,0,0,0,13.50,12.83
2022-05-08 00:05:07,4.96,239,151,0,6,0,0,0,0,21.00,29.70
2022-05-08 00:06:49,1.30,79,170,0,6,0,0,0,0,6.50,6.35
2022-05-08 00:08:57,0.51,158,113,0,6,0,0,0,0,4.50,4.58
2022-05-08 00:10:55,0.57,137,107,0,6,0,0,0,0,4.50,3.57
2022-05-08 00:11:43,0.95,79,249,0,6,0,0,0,0,6.00,6.63
2022-05-08 00:13:00,4.21,230,74,0,6,0,0,0,0,18.42,14.00
2022-05-08 00:13:58,4.60,79,181,0,6,0,0,0,0,18.00,21.98
2022-05-08 00:34:57,1.65,211,90,0,6,0,0,0,0,8.00,9.48
2022-05-08 00:49:38,1.06,79,113,0,6,0,0,0,0,6.50,6.37
2022-05-08 00:56:00,6.26,255,196,0,6,0,0,0,0,21.45,16.00
2022-05-08 01:03:41,0.70,114,79,1,6,0,0,0,0,4.50,3.62
2022-05-08 01:17:00,6.13,88,163,1,6,0,0,0,0,25.96,22.00
2022-05-08 01:19:04,4.20,138,7,1,6,1,0,0,0,15.00,13.32
2022-05-08 01:20:28,3.40,249,229,1,6,0,0,0,0,13.00,14.87
2022-05-08 01:26:23,0.74,186,68,1,6,0,0,0,0,5.00,4.65
2022-05-08 01:28:07,2.20,249,170,1,6,0,0,0,0,10.00,11.10
2022-05-08 01:32:47,5.70,107,238,1,6,0,0,0,0,20.00,23.33
2022-05-08 01:36:56,1.89,68,48,1,6,0,0,0,0,7.50,5.97
2022-05-08 01:39:43,21.40,132,127,1,6,1,0,0,0,52.00,29.98
2022-05-08 01:42:16,2.12,114,87,1,6,0,0,0,0,8.50,8.17
2022-05-08 01:43:29,0.70,74,74,1,6,0,0,0,0,4.00,2.23
2022-05-08 01:43:48,3.55,48,262,1,6,0,0,0,0,13.00,13.02
2022-05-08 01:50:13,1.62,246,249,1,6,0,0,0,0,8.00,8.97
2022-05-08 01:51:52,2.33,50,170,1,6,0,0,0,0,11.00,13.93
2022-05-08 01:56:16,3.50,148,229,1,6,0,0,0,0,15.50,19.22
2022-05-08 01:57:03,1.02,113,4,1,6,0,0,0,0,6.00,5.98
2022-05-08 02:02:31,1.98,141,75,2,6,0,0,0,0,7.50,5.10
2022-05-08 02:09:04,1.90,48,141,2,6,0,0,0,0,8.50,8.02
2022-05-08 02:09:32,2.60,158,107,2,6,0,0,0,0,12.50,14.52
2022-05-08 02:10:06,1.92,231,4,2,6,0,0,0,0,10.00,11.53
2022-05-08 02:12:25,1.44,263,74,2,6,0,0,0,0,6.00,3.23
2022-05-08 02:22:03,2.29,158,137,2,6,0,0,0,0,10.00,10.78
2022-05-08 02:22:36,2.14,41,75,2,6,0,0,0,0,8.50,9.22
2022-05-08 02:33:53,1.31,186,186,2,6,0,0,0,0,7.00,7.47
2022-05-08 02:37:43,4.64,249,262,2,6,0,0,0,0,16.00,17.38
2022-05-08 02:53:11,1.51,162,68,2,6,0,0,0,0,6.50,6.08
2022-05-08 03:06:52,13.48,7,160,3,6,0,0,0,0,40.50,35.13
2022-05-08 03:18:33,5.52,79,239,3,6,0,0,0,0,20.00,20.83
2022-05-08 03:23:03,1.11,48,68,3,6,0,0,0,0,5.00,2.72
2022-05-08 03:24:45,5.67,170,166,3,6,0,0,0,0,17.50,16.03
2022-05-08 03:27:55,4.63,113,263,3,6,0,0,0,0,14.50,13.47
2022-05-08 03:30:08,0.80,231,211,3,6,0,0,0,0,5.00,4.53
2022-05-08 03:42:18,4.11,79,112,3,6,0,0,0,0,13.50,11.52
2022-05-08 03:44:29,2.54,148,229,3,6,0,0,0,0,9.00,6.88
2022-05-08 03:49:07,21.65,100,210,3,6,0,0,0,0,58.50,33.00
2022-05-08 04:14:39,0.82,164,137,4,6,0,0,0,0,5.50,4.93
2022-05-08 04:16:16,0.63,48,142,4,6,0,0,0,0,4.00,2.25
2022-05-08 05:15:15,4.18,93,132,5,6,1,0,0,0,52.00,4.60
2022-05-08 05:20:19,10.36,229,61,5,6,0,0,0,0,32.50,28.52
2022-05-08 05:28:45,1.30,249,164,5,6,0,0,0,0,5.50,4.88
2022-05-08 06:29:39,12.69,161,138,6,6,1,0,0,0,35.50,21.42
2022-05-08 06:33:36,4.30,186,226,6,6,0,0,0,0,15.00,14.48
2022-05-08 06:39:29,7.15,80,48,6,6,0,0,0,0,21.99,25.77
2022-05-08 06:43:22,19.24,236,132,6,6,1,0,0,0,52.00,27.18
2022-05-08 07:01:47,8.69,80,186,7,6,0,0,0,0,20.34,20.87
2022-05-08 07:50:46,22.97,132,14,7,6,1,0,0,0,60.50,26.60
2022-05-08 08:05:03,5.60,65,43,8,6,0,0,0,0,18.00,16.33
2022-05-08 08:30:06,1.76,162,186,8,6,0,0,0,0,8.50,8.87
2022-05-08 08:37:31,12.40,230,138,8,6,1,0,0,0,35.50,25.30
2022-05-08 08:37:58,0.92,230,90,8,6,0,0,0,0,5.00,3.40
2022-05-08 08:40:11,1.20,236,75,8,6,0,0,0,0,7.00,7.42
2022-05-08 08:42:42,11.56,161,138,8,6,1,0,0,0,33.00,21.68
2022-05-08 08:54:30,1.30,100,170,8,6,0,0,0,0,7.50,8.10
2022-05-08 08:54:32,3.28,164,232,8,6,0,0,0,0,13.00,13.87
2022-05-08 09:01:08,2.32,238,237,9,6,0,0,0,0,9.50,9.00
2022-05-08 09:05:39,1.20,231,249,9,6,0,0,0,0,6.50,5.85
2022-05-08 09:06:42,0.50,230,161,9,6,0,0,0,0,3.50,2.60
2022-05-08 09:07:17,18.43,239,1,9,6,1,0,0,0,67.00,27.98
2022-05-08 09:14:10,0.50,237,141,9,6,0,0,0,0,3.50,1.93
2022-05-08 09:15:25,0.54,148,211,9,6,0,0,0,0,4.00,3.12
2022-05-08 09:21:35,4.20,234,236,9,6,0,0,0,0,14.50,14.28
2022-05-08 09:26:52,1.24,262,237,9,6,0,0,0,0,7.00,6.88
2022-05-08 09:31:29,0.53,236,237,9,6,0,0,0,0,5.00,4.48
2022-05-08 09:33:01,1.80,107,148,9,6,0,0,0,0,9.00,9.55
2022-05-08 09:42:51,0.46,68,186,9,6,0,0,0,0,3.50,1.15
2022-05-08 09:50:34,1.49,186,246,9,6,0,0,0,0,8.50,9.55
2022-05-08 09:53:47,0.46,239,239,9,6,0,0,0,0,4.00,2.85
2022-05-08 10:05:28,1.48,236,41,10,6,0,0,0,1,7.00,6.65
2022-05-08 10:16:36,0.92,234,68,10,6,0,0,0,1,6.00,6.42
2022-05-08 10:17:06,8.41,138,236,10,6,1,0,0,1,25.50,17.92
2022-05-08 10:26:24,1.25,68,142,10,6,0,0,0,1,6.00,4.80
2022-05-08 10:30:54,14.60,138,249,10,6,1,0,0,1,41.50,28.58
2022-05-08 10:39:21,1.11,237,161,10,6,0,0,0,1,6.00,5.40
2022-05-08 10:42:09,1.60,79,186,10,6,0,0,0,1,8.50,10.00
2022-05-08 10:44:22,3.06,230,211,10,6,0,0,0,1,13.00,15.00
2022-05-08 10:45:57,1.30,263,237,10,6,0,0,0,1,6.50,5.58
2022-05-08 10:49:27,6.81,244,236,10,6,0,0,0,1,21.50,22.22
2022-05-08 10:50:34,0.69,50,48,10,6,0,0,0,1,5.00,3.50
2022-05-08 10:52:52,6.50,161,13,10,6,0,0,0,1,21.00,16.80
2022-05-08 10:53:07,0.77,48,142,10,6,0,0,0,1,4.50,3.13
2022-05-08 10:54:01,1.18,7,7,10,6,0,0,0,1,6.00,5.93
2022-05-08 10:54:41,1.25,107,162,10,6,0,0,0,1,8.75,5.87
2022-05-08 11:03:17,1.30,75,263,11,6,0,0,0,1,7.50,8.47
2022-05-08 11:07:20,1.20,114,107,11,6,0,0,0,1,6.50,6.18
2022-05-08 11:08:16,0.49,239,143,11,6,0,0,0,1,4.00,2.80
2022-05-08 11:13:30,0.40,263,236,11,6,0,0,0,1,5.00,4.68
2022-05-08 11:13:44,14.10,238,188,11,6,0,0,0,1,46.00,48.08
2022-05-08 11:20:13,4.90,107,52,11,6,0,0,0,1,22.00,30.07
2022-05-08 11:22:29,1.40,186,233,11,6,0,0,0,1,7.50,8.28
2022-05-08 11:27:00,2.70,162,114,11,6,0,0,0,1,11.50,13.30
2022-05-08 11:29:00,1.60,237,170,11,6,0,0,0,1,8.00,7.87
2022-05-08 11:31:12,9.27,238,138,11,6,1,0,0,1,29.00,22.70
2022-05-08 11:32:34,3.14,141,186,11,6,0,0,0,1,13.00,14.83
2022-05-08 11:32:55,1.62,100,170,11,6,0,0,0,1,10.00,13.13
2022-05-08 11:36:08,1.40,263,162,11,6,0,0,0,1,6.50,5.48
2022-05-08 11:37:09,0.78,246,246,11,6,0,0,0,1,4.50,3.42
2022-05-08 11:46:26,1.14,140,161,11,6,0,0,0,1,8.50,11.10
2022-05-08 11:48:00,5.29,166,48,11,6,0,0,0,1,20.56,17.00
2022-05-08 11:50:44,1.10,90,68,11,6,0,0,0,1,6.00,5.63
2022-05-08 11:53:53,4.19,186,237,11,6,0,0,0,1,20.50,30.52
2022-05-08 11:54:53,1.07,236,237,11,6,0,0,0,1,6.00,5.75
2022-05-08 11:55:13,1.30,237,239,11,6,0,0,0,1,8.50,10.77
2022-05-08 11:56:48,3.40,140,234,11,6,0,0,0,1,14.00,15.32
2022-05-08 12:01:23,2.90,141,186,12,6,0,0,0,1,12.50,14.62
2022-05-08 12:03:24,0.82,107,170,12,6,0,0,0,1,5.50,4.18
2022-05-08 12:04:51,1.30,170,140,12,6,0,0,0,1,5.50,3.23
2022-05-08 12:06:28,10.50,138,33,12,6,1,0,0,1,30.50,21.40
2022-05-08 12:10:13,1.13,68,90,12,6,0,0,0,1,6.00,5.45
2022-05-08 12:14:16,3.49,231,161,12,6,0,0,0,1,13.00,14.03
2022-05-08 12:16:37,1.50,74,166,12,6,0,0,0,1,8.50,9.80
2022-05-08 12:18:10,1.10,236,237,12,6,0,0,0,1,5.50,5.77
2022-05-08 12:18:18,7.50,237,80,12,6,0,0,0,1,25.50,24.40
2022-05-08 12:24:37,0.96,113,144,12,6,0,0,0,1,6.00,6.37
2022-05-08 12:27:44,3.50,262,48,12,6,0,0,0,1,14.00,17.50
2022-05-08 12:27:52,1.90,230,246,12,6,0,0,0,1,8.50,10.58
2022-05-08 12:28:34,2.90,143,246,12,6,0,0,0,1,11.00,10.97
2022-05-08 12:29:38,1.20,100,137,12,6,0,0,0,1,8.00,10.08
2022-05-08 12:30:22,5.50,7,239,12,6,0,0,0,1,23.50,31.23
2022-05-08 12:30:49,2.40,148,261,12,6,0,0,0,1,12.00,15.17
2022-05-08 12:31:30,0.90,230,186,12,6,0,0,0,1,5.50,4.87
2022-05-08 12:33:31,2.98,232,164,12,6,0,0,0,1,14.53,15.00
2022-05-08 12:33:39,3.16,239,100,12,6,0,0,0,1,14.50,17.87
2022-05-08 12:34:57,1.03,140,263,12,6,0,0,0,1,5.50,4.63
2022-05-08 12:36:32,10.20,138,142,12,6,1,0,0,1,30.00,25.10
2022-05-08 12:38:19,1.40,148,87,12,6,0,0,0,1,9.50,17.58
2022-05-08 12:39:17,3.20,125,66,12,6,0,0,0,1,17.50,25.47
2022-05-08 12:39:40,0.90,142,143,12,6,0,0,0,1,6.00,6.72
2022-05-08 12:41:23,1.80,68,100,12,6,0,0,0,1,10.00,14.02
2022-05-08 12:46:40,0.71,229,170,12,6,0,0,0,1,6.00,6.75
2022-05-08 12:48:56,1.25,163,230,12,6,0,0,0,1,7.50,8.18
2022-05-08 12:49:40,1.64,140,161,12,6,0,0,0,1,8.50,8.87
2022-05-08 12:52:50,16.03,170,132,12,6,1,0,0,1,52.00,32.17
2022-05-08 12:53:57,2.03,186,142,12,6,0,0,0,1,9.00,9.22
2022-05-08 12:55:37,1.34,41,166,12,6,0,0,0,1,7.50,8.03
2022-05-08 12:58:03,2.70,209,97,12,6,0,0,0,1,11.00,12.72
2022-05-08 13:00:37,4.06,161,231,13,6,0,0,0,1,18.50,25.88
2022-05-08 13:03:38,2.50,164,239,13,6,0,0,0,1,11.00,13.57
2022-05-08 13:05:12,6.00,48,116,13,6,0,0,0,1,23.50,29.12
2022-05-08 13:07:46,1.78,68,48,13,6,0,0,0,1,8.00,7.28
2022-05-08 13:15:00,2.64,170,236,13,6,0,0,0,1,11.00,12.37
2022-05-08 13:15:14,1.01,141,163,13,6,0,0,0,1,9.50,13.02
2022-05-08 13:15:19,1.80,137,237,13,6,0,0,0,1,8.00,10.47
2022-05-08 13:20:00,8.56,166,226,13,6,0,0,0,1,34.78,35.00
2022-05-08 13:22:20,1.91,142,186,13,6,0,0,0,1,9.50,11.43
2022-05-08 13:24:45,0.83,141,237,13,6,0,0,0,1,5.00,4.22
2022-05-08 13:28:16,1.91,151,236,13,6,0,0,0,1,9.00,10.83
2022-05-08 13:29:41,0.81,263,236,13,6,0,0,0,1,5.50,5.53
2022-05-08 13:34:44,2.30,79,232,13,6,0,0,0,1,10.00,9.62
2022-05-08 13:35:39,7.29,138,80,13,6,1,0,0,1,23.00,20.40
2022-05-08 13:37:16,2.40,107,231,13,6,0,0,0,1,10.50,12.48
2022-05-08 13:39:03,3.10,236,137,13,6,0,0,0,1,11.50,13.12
2022-05-08 13:39:49,0.66,137,234,13,6,0,0,0,1,6.00,7.07
2022-05-08 13:39:50,0.41,163,229,13,6,0,0,0,1,3.50,2.08
2022-05-08 13:42:41,2.84,237,107,13,6,0,0,0,1,11.50,13.95
2022-05-08 13:44:04,2.00,68,113,13,6,0,0,0,1,11.50,16.58
2022-05-08 13:45:40,3.00,236,100,13,6,0,0,0,1,14.50,18.22
2022-05-08 13:48:08,3.20,162,144,13,6,0,0,0,1,13.50,15.73
2022-05-08 13:49:56,2.17,164,144,13,6,0,0,0,1,11.00,13.65
2022-05-08 13:50:04,0.96,229,233,13,6,0,0,0,1,5.00,4.12
2022-05-08 13:51:36,1.14,170,234,13,6,0,0,0,1,6.00,5.58
2022-05-08 13:52:20,3.26,148,68,13,6,0,0,0,1,17.00,25.03
2022-05-08 13:53:12,12.09,70,132,13,6,1,0,0,1,37.00,34.00
2022-05-08 13:53:42,2.91,237,234,13,6,0,0,0,1,14.00,18.15
2022-05-08 13:54:15,3.20,114,142,13,6,0,0,0,1,13.00,15.10
2022-05-08 13:55:25,17.15,163,132,13,6,1,0,0,1,52.00,39.77
2022-05-08 13:56:45,1.00,79,144,13,6,0,0,0,1,5.00,10.27
2022-05-08 13:57:08,0.66,230,163,13,6,0,0,0,1,5.50,5.42
2022-05-08 13:58:21,1.94,107,186,13,6,0,0,0,1,10.00,12.22
2022-05-08 13:59:14,0.78,79,234,13,6,0,0,0,1,5.50,4.97
2022-05-08 14:04:54,1.10,107,164,14,6,0,0,0,1,6.00,6.17
2022-05-08 14:07:22,11.21,132,61,14,6,1,0,0,1,38.00,43.07
2022-05-08 14:08:00,0.90,164,137,14,6,0,0,0,1,7.00,8.38
2022-05-08 14:08:25,1.72,74,238,14,6,0,0,0,1,7.50,6.92
2022-05-08 14:09:13,1.88,239,230,14,6,0,0,0,1,9.50,11.70
2022-05-08 14:09:23,0.62,161,230,14,6,0,0,0,1,4.50,4.17
2022-05-08 14:09:54,1.51,186,43,14,6,0,0,0,1,10.50,14.60
2022-05-08 14:10:18,0.99,68,230,14,6,0,0,0,1,8.50,11.62
2022-05-08 14:10:30,6.38,79,74,14,6,0,0,0,1,21.00,19.57
2022-05-08 14:13:59,2.59,262,74,14,6,0,0,0,1,10.50,11.23
2022-05-08 14:15:20,1.60,48,68,14,6,0,0,0,1,6.50,5.02
2022-05-08 14:18:21,1.70,170,161,14,6,0,0,0,1,10.00,13.10
2022-05-08 14:18:28,0.90,163,142,14,6,0,0,0,1,6.00,6.13
2022-05-08 14:19:35,0.70,151,238,14,6,0,0,0,1,4.50,3.45
2022-05-08 14:20:57,0.78,48,163,14,6,0,0,0,1,6.50,7.63
2022-05-08 14:26:49,0.78,162,161,14,6,0,0,0,1,5.00,4.17
2022-05-08 14:28:38,0.58,239,239,14,6,0,0,0,1,5.00,5.25
2022-05-08 14:31:04,8.00,138,97,14,6,1,0,0,1,25.00,19.53
2022-05-08 14:32:54,3.63,68,142,14,6,0,0,0,1,16.00,19.68
2022-05-08 14:33:16,18.50,132,249,14,6,1,0,0,1,52.00,51.48
2022-05-08 14:34:28,6.57,231,161,14,6,0,0,0,1,22.00,18.33
2022-05-08 14:34:54,1.25,186,246,14,6,0,0,0,1,7.00,7.82
2022-05-08 14:36:18,0.91,166,166,14,6,0,0,0,1,5.50,4.38
2022-05-08 14:37:54,1.96,90,79,14,6,0,0,0,1,11.00,14.12
2022-05-08 14:40:02,2.86,211,230,14,6,0,0,0,1,11.50,12.63
2022-05-08 14:41:23,12.22,107,138,14,6,1,0,0,1,35.50,25.33
2022-05-08 14:41:55,1.76,249,68,14,6,0,0,0,1,9.00,10.60
2022-05-08 14:42:06,2.83,50,263,14,6,0,0,0,1,10.50,9.90
2022-05-08 14:42:10,2.07,137,148,14,6,0,0,0,1,10.00,11.58
2022-05-08 14:42:30,1.60,236,43,14,6,0,0,0,1,10.00,13.02
2022-05-08 14:42:42,0.33,161,162,14,6,0,0,0,1,4.00,3.47
2022-05-08 14:43:19,0.58,141,229,14,6,0,0,0,1,4.00,3.17
2022-05-08 14:44:58,2.05,230,158,14,6,0,0,0,1,10.00,12.45
2022-05-08 14:52:15,0.98,141,229,14,6,0,0,0,1,6.00,6.37
2022-05-08 14:52:55,1.43,238,236,14,6,0,0,0,1,8.00,8.92
2022-05-08 14:53:06,2.10,236,229,14,6,0,0,0,1,10.00,11.17
2022-05-08 14:53:55,3.09,211,161,14,6,0,0,0,1,14.50,19.08
2022-05-08 14:56:24,1.91,107,229,14,6,0,0,0,1,9.00,9.82
2022-05-08 14:59:51,4.08,79,236,14,6,0,0,0,1,15.00,17.68
2022-05-08 15:04:40,4.19,151,164,15,6,0,0,0,1,16.50,20.57
2022-05-08 15:13:23,2.20,163,151,15,6,0,0,0,1,10.00,10.73
2022-05-08 15:13:33,2.30,50,151,15,6,0,0,0,1,9.00,11.10
2022-05-08 15:17:32,0.52,90,249,15,6,0,0,0,1,4.50,4.15
2022-05-08 15:20:09,1.30,138,223,15,6,1,0,0,1,5.50,15.77
2022-05-08 15:20:30,5.53,158,65,15,6,0,0,0,1,20.50,24.67
2022-05-08 15:21:02,8.44,138,229,15,6,1,0,0,1,27.50,29.05
2022-05-08 15:21:19,2.33,43,234,15,6,0,0,0,1,12.00,15.87
2022-05-08 15:21:21,4.38,13,181,15,6,0,0,0,1,15.00,13.60
2022-05-08 15:24:24,11.60,70,231,15,6,0,0,0,1,36.50,40.23
2022-05-08 15:27:34,17.44,132,234,15,6,1,0,0,1,52.00,62.30
2022-05-08 15:28:22,21.17,132,181,15,6,1,0,0,1,60.00,49.18
2022-05-08 15:38:29,1.33,114,90,15,6,0,0,0,1,6.50,5.60
2022-05-08 15:41:46,3.32,50,113,15,6,0,0,0,1,12.50,14.20
2022-05-08 15:45:01,0.70,48,68,15,6,0,0,0,1,4.50,3.48
2022-05-08 15:45:04,10.01,238,138,15,6,1,0,0,1,32.50,29.13
2022-05-08 15:47:00,1.05,237,161,15,6,0,0,0,1,7.00,8.10
2022-05-08 15:50:06,1.87,24,143,15,6,0,0,0,1,9.00,9.27
2022-05-08 15:55:02,1.14,142,161,15,6,0,0,0,1,8.00,10.38
2022-05-08 16:03:06,2.30,162,238,16,6,0,0,0,1,12.00,14.35
2022-05-08 16:03:10,1.67,230,142,16,6,0,0,0,1,9.00,10.35
2022-05-08 16:08:09,0.85,116,152,16,6,0,0,0,1,6.00,6.43
2022-05-08 16:09:01,1.43,238,24,16,6,0,0,0,1,7.50,6.95
2022-05-08 16:15:22,1.24,50,237,16,6,0,0,0,1,7.00,7.57
2022-05-08 16:16:38,3.26,186,141,16,6,0,0,0,1,17.50,24.37
2022-05-08 16:22:18,10.85,25,138,16,6,1,0,0,1,31.00,20.83
2022-05-08 16:23:28,1.90,237,236,16,6,0,0,0,1,8.00,6.97
2022-05-08 16:23:59,1.43,239,142,16,6,0,0,0,1,7.50,7.25
2022-05-08 16:26:19,1.11,125,148,16,6,0,0,0,1,7.50,7.97
2022-05-08 16:26:45,0.82,161,163,16,6,0,0,0,1,5.50,5.88
2022-05-08 16:29:18,3.70,170,75,16,6,0,0,0,1,14.00,15.67
2022-05-08 16:35:54,18.85,132,79,16,6,1,0,0,1,52.00,67.17
2022-05-08 16:35:55,1.53,142,239,16,6,0,0,0,1,8.50,10.78
2022-05-08 16:40:15,1.61,234,48,16,6,0,0,0,1,10.50,14.47
2022-05-08 16:43:15,1.20,48,161,16,6,0,0,0,1,8.50,10.73
2022-05-08 16:43:29,3.20,237,249,16,6,0,0,0,1,13.00,19.63
2022-05-08 16:46:23,18.30,230,132,16,6,1,0,0,1,52.00,51.87
2022-05-08 16:47:03,1.40,68,107,16,6,0,0,0,1,10.00,14.27
2022-05-08 16:53:56,2.10,107,237,16,6,0,0,0,1,9.00,8.70
2022-05-08 16:54:46,3.40,161,146,16,6,0,0,0,1,13.50,14.50
2022-05-08 16:55:30,17.00,132,230,16,6,1,0,0,1,52.00,56.70
2022-05-08 16:58:00,1.42,142,141,16,6,0,0,0,1,9.21,9.00
2022-05-08 16:59:46,2.32,236,161,16,6,0,0,0,1,11.50,13.90
2022-05-08 17:00:11,16.50,48,132,17,6,1,0,0,1,52.00,52.10
2022-05-08 17:02:03,1.51,236,239,17,6,0,0,0,1,8.50,9.37
2022-05-08 17:02:55,6.14,249,263,17,6,0,0,0,1,23.50,30.02
2022-05-08 17:04:28,3.49,113,43,17,6,0,0,0,1,16.50,22.87
2022-05-08 17:10:48,2.48,263,74,17,6,0,0,0,1,9.50,8.63
2022-05-08 17:12:15,5.90,161,152,17,6,0,0,0,1,22.50,27.13
2022-05-08 17:12:57,5.50,12,164,17,6,0,0,0,1,21.00,23.13
2022-05-08 17:13:08,2.20,162,75,17,6,0,0,0,1,10.00,11.27
2022-05-08 17:15:57,8.14,138,137,17,6,1,0,0,1,26.50,27.48
2022-05-08 17:16:01,5.50,239,79,17,6,0,0,0,1,19.50,23.80
2022-05-08 17:25:34,6.70,132,28,17,6,1,0,0,1,23.50,26.10
2022-05-08 17:25:55,2.08,79,68,17,6,0,0,0,1,12.00,16.37
2022-05-08 17:27:49,1.41,163,143,17,6,0,0,0,1,8.00,9.87
2022-05-08 17:28:45,2.00,68,148,17,6,0,0,0,1,11.00,14.68
2022-05-08 17:30:20,1.50,237,107,17,6,0,0,0,1,6.50,6.38
2022-05-08 17:31:42,1.40,263,237,17,6,0,0,0,1,7.50,7.87
2022-05-08 17:32:54,1.72,79,68,17,6,0,0,0,1,9.50,12.28
2022-05-08 17:34:19,1.26,142,238,17,6,0,0,0,1,6.00,5.75
2022-05-08 17:36:46,0.88,237,237,17,6,0,0,0,1,5.50,4.62
2022-05-08 17:39:00,5.12,239,158,17,6,0,0,0,1,22.00,28.77
2022-05-08 17:41:37,1.83,144,234,17,6,0,0,0,1,11.95,10.78
2022-05-08 17:42:06,2.20,229,142,17,6,0,0,0,1,12.00,16.05
2022-05-08 17:43:07,1.66,90,114,17,6,0,0,0,1,8.00,9.57
2022-05-08 17:45:35,10.54,48,138,17,6,1,0,0,1,35.00,33.00
2022-05-08 17:49:13,0.99,75,41,17,6,0,0,0,1,5.00,3.25
2022-05-08 18:00:28,0.10,68,68,18,6,0,0,0,1,4.00,3.67
2022-05-08 18:00:38,1.06,234,144,18,6,0,0,0,1,6.50,7.30
2022-05-08 18:02:05,3.10,68,141,18,6,0,0,0,1,14.50,19.48
2022-05-08 18:02:27,4.72,249,255,18,6,0,0,0,1,24.00,35.13
2022-05-08 18:03:20,17.08,48,132,18,6,1,0,0,1,52.00,46.05
2022-05-08 18:03:46,1.78,236,162,18,6,0,0,0,1,7.50,6.13
2022-05-08 18:05:25,0.50,261,231,18,6,0,0,0,1,6.00,7.23
2022-05-08 18:09:05,3.47,140,68,18,6,0,0,0,1,14.00,16.52
2022-05-08 18:10:38,0.61,68,230,18,6,0,0,0,1,5.50,5.90
2022-05-08 18:10:46,0.80,211,114,18,6,0,0,0,1,5.00,4.57
2022-05-08 18:11:14,3.60,249,256,18,6,0,0,0,1,21.00,29.67
2022-05-08 18:16:19,6.90,162,231,18,6,0,0,0,1,23.00,22.12
2022-05-08 18:24:26,5.87,141,148,18,6,0,0,0,1,21.00,22.90
2022-05-08 18:24:43,4.39,141,166,18,6,0,0,0,1,17.50,23.83
2022-05-08 18:24:53,5.51,237,88,18,6,0,0,0,1,19.00,18.88
2022-05-08 18:28:27,1.06,163,162,18,6,0,0,0,1,8.00,9.63
2022-05-08 18:28:41,2.70,234,229,18,6,0,0,0,1,13.00,17.32
2022-05-08 18:35:18,5.96,234,255,18,6,0,0,0,1,23.00,28.05
2022-05-08 18:43:12,0.72,230,162,18,6,0,0,0,1,6.50,8.13
2022-05-08 18:43:36,5.80,137,37,18,6,0,0,0,1,25.00,33.40
2022-05-08 18:48:01,0.40,237,237,18,6,0,0,0,1,3.50,3.80
2022-05-08 18:49:35,4.20,100,151,18,6,0,0,0,1,18.00,25.12
2022-05-08 18:54:57,0.99,4,114,18,6,0,0,0,1,6.50,7.65
2022-05-08 18:55:00,2.00,158,107,18,6,0,0,0,1,13.36,14.00
2022-05-08 18:58:15,1.40,114,107,18,6,0,0,0,1,8.00,9.67
2022-05-08 18:58:18,1.06,249,90,18,6,0,0,0,1,5.50,4.42
2022-05-08 18:59:46,3.10,246,238,18,6,0,0,0,1,12.50,14.80
2022-05-08 19:02:15,2.50,163,68,19,6,0,0,0,1,12.00,16.60
2022-05-08 19:02:56,1.51,48,229,19,6,0,0,0,1,9.00,11.75
2022-05-08 19:05:35,1.52,140,163,19,6,0,0,0,1,9.00,12.78
2022-05-08 19:06:52,4.26,48,74,19,6,0,0,0,1,15.50,17.93
2022-05-08 19:07:17,0.77,140,236,19,6,0,0,0,1,5.00,4.58
2022-05-08 19:07:45,2.80,236,48,19,6,0,0,0,1,12.50,15.33
2022-05-08 19:08:46,11.82,138,107,19,6,1,0,0,1,38.50,42.08
2022-05-08 19:11:55,0.65,141,140,19,6,0,0,0,1,4.50,3.40
2022-05-08 19:14:23,6.16,230,223,19,6,0,0,0,1,24.50,30.82
2022-05-08 19:14:34,4.76,246,151,19,6,0,0,0,1,17.50,16.82
2022-05-08 19:14:45,2.87,142,43,19,6,0,0,0,1,11.00,11.25
2022-05-08 19:16:44,0.77,237,237,19,6,0,0,0,1,4.50,3.37
2022-05-08 19:18:18,4.75,231,225,19,6,0,0,0,1,20.00,26.37
2022-05-08 19:20:10,8.83,138,137,19,6,1,0,0,1,26.00,20.78
2022-05-08 19:20:11,3.54,148,246,19,6,0,0,0,1,17.00,24.82
2022-05-08 19:20:17,3.05,43,50,19,6,0,0,0,1,14.00,16.58
2022-05-08 19:22:14,2.47,141,161,19,6,0,0,0,1,15.50,22.33
2022-05-08 19:24:52,6.95,186,160,19,6,0,0,0,1,22.50,21.93
2022-05-08 19:26:15,1.52,137,229,19,6,0,0,0,1,6.50,4.88
2022-05-08 19:28:51,4.75,236,107,19,6,0,0,0,1,17.50,20.05
2022-05-08 19:29:50,1.47,239,43,19,6,0,0,0,1,7.50,6.83
2022-05-08 19:31:46,0.82,238,239,19,6,0,0,0,1,5.50,5.38
2022-05-08 19:32:34,2.17,142,236,19,6,0,0,0,1,9.00,8.00
2022-05-08 19:35:27,1.88,263,142,19,6,0,0,0,1,8.50,8.02
2022-05-08 19:41:16,1.08,164,113,19,6,0,0,0,1,5.50,4.60
2022-05-08 19:45:13,1.10,170,234,19,6,0,0,0,1,6.50,7.18
2022-05-08 19:46:48,23.40,132,78,19,6,1,0,0,1,64.00,45.67
2022-05-08 19:55:08,1.36,186,162,19,6,0,0,0,1,9.00,12.25
2022-05-08 19:55:47,3.30,143,152,19,6,0,0,0,1,12.00,12.28
2022-05-08 19:59:34,0.74,231,13,19,6,0,0,0,1,5.50,5.40
2022-05-08 20:08:40,20.80,132,163,20,6,1,0,0,0,52.00,48.63
2022-05-08 20:15:31,1.04,141,140,20,6,0,0,0,0,6.50,7.13
2022-05-08 20:15:57,8.72,138,233,20,6,1,0,0,0,25.50,20.92
2022-05-08 20:16:29,7.48,186,244,20,6,0,0,0,0,25.00,25.03
2022-05-08 20:16:54,2.52,114,13,20,6,0,0,0,0,11.50,13.77
2022-05-08 20:18:56,3.32,263,100,20,6,0,0,0,0,15.50,21.20
2022-05-08 20:21:02,18.40,132,263,20,6,1,0,0,0,52.00,41.87
2022-05-08 20:23:50,1.36,233,141,20,6,0,0,0,0,7.50,8.50
2022-05-08 20:24:28,8.70,137,244,20,6,0,0,0,0,28.50,27.18
2022-05-08 20:26:31,1.11,236,75,20,6,0,0,0,0,6.00,5.33
2022-05-08 20:26:45,6.20,162,13,20,6,0,0,0,0,21.50,23.33
2022-05-08 20:29:11,2.55,230,238,20,6,0,0,0,0,10.50,10.97
2022-05-08 20:30:52,8.46,138,237,20,6,1,0,0,0,25.50,22.08
2022-05-08 20:33:26,1.74,230,246,20,6,0,0,0,0,8.00,8.22
2022-05-08 20:42:37,2.21,170,142,20,6,0,0,0,0,9.00,8.58
2022-05-08 20:43:06,1.05,68,107,20,6,0,0,0,0,7.00,7.58
2022-05-08 20:45:55,1.19,114,4,20,6,0,0,0,0,6.50,7.10
2022-05-08 20:45:58,1.20,161,142,20,6,0,0,0,0,7.50,9.08
2022-05-08 20:48:04,5.07,48,42,20,6,0,0,0,0,18.50,22.65
2022-05-08 20:49:28,17.90,132,17,20,6,1,0,0,0,51.50,53.23
2022-05-08 20:50:34,5.54,158,145,20,6,0,0,0,0,23.00,31.70
2022-05-08 20:51:18,1.43,246,230,20,6,0,0,0,0,11.00,15.52
2022-05-08 20:52:32,1.98,143,68,20,6,0,0,0,0,7.00,5.55
2022-05-08 20:55:12,0.90,142,239,20,6,0,0,0,0,5.50,4.72
2022-05-08 21:00:00,4.10,113,143,21,6,0,0,0,0,16.86,24.00
2022-05-08 21:08:32,2.50,186,164,21,6,0,0,0,0,11.00,13.75
2022-05-08 21:09:49,1.33,238,239,21,6,0,0,0,0,6.50,6.42
2022-05-08 21:14:05,0.80,75,236,21,6,0,0,0,0,5.50,4.60
2022-05-08 21:15:29,1.95,162,236,21,6,0,0,0,0,7.50,6.00
2022-05-08 21:17:54,2.04,48,238,21,6,0,0,0,0,8.50,7.65
2022-05-08 21:19:00,0.90,170,233,21,6,0,0,0,0,6.50,7.12
2022-05-08 21:26:03,1.50,107,148,21,6,0,0,0,0,8.50,9.63
2022-05-08 21:30:35,4.60,140,179,21,6,0,0,0,0,16.50,17.92
2022-05-08 21:36:41,17.10,132,140,21,6,1,0,0,0,52.00,36.70
2022-05-08 21:44:59,6.02,79,74,21,6,0,0,0,0,19.00,15.83
2022-05-08 21:45:26,4.00,237,148,21,6,0,0,0,0,14.50,16.52
2022-05-08 21:46:25,2.20,170,211,21,6,0,0,0,0,11.00,13.50
2022-05-08 21:48:44,6.95,236,255,21,6,0,0,0,0,24.00,27.63
2022-05-08 21:59:59,4.68,234,88,21,6,0,0,0,0,16.00,14.88
2022-05-08 22:04:33,4.95,68,33,22,6,0,0,0,0,21.50,31.72
2022-05-08 22:06:00,12.59,116,261,22,6,0,0,0,0,41.23,26.00
2022-05-08 22:13:06,3.12,211,233,22,6,0,0,0,0,13.50,16.17
2022-05-08 22:24:55,19.38,132,68,22,6,1,0,0,0,52.00,40.02
2022-05-08 22:32:03,6.79,48,25,22,6,0,0,0,0,25.50,32.20
2022-05-08 22:40:49,18.16,132,79,22,6,1,0,0,0,52.00,34.48
2022-05-08 23:00:17,0.70,140,237,23,6,0,0,0,0,4.50,2.97
2022-05-08 23:03:44,2.67,24,50,23,6,0,0,0,0,11.50,12.27
2022-05-08 23:04:00,8.07,107,35,23,6,0,0,0,0,31.98,39.00
2022-05-08 23:13:26,4.63,249,145,23,6,0,0,0,0,17.00,19.45
2022-05-08 23:14:12,17.29,132,48,23,6,1,0,0,0,52.00,37.43
2022-05-08 23:15:08,3.60,230,144,23,6,0,0,0,0,13.50,15.48
2022-05-08 23:18:38,16.03,132,256,23,6,1,0,0,0,43.50,26.12
2022-05-08 23:27:02,3.81,163,74,23,6,0,0,0,0,12.00,10.93
2022-05-09 00:00:58,1.79,90,163,0,0,0,0,0,0,7.50,6.07
2022-05-09 00:08:48,10.84,138,33,0,0,1,0,0,0,29.50,15.58
2022-05-09 00:10:08,1.30,163,164,0,0,0,0,0,0,6.50,5.08
2022-05-09 00:15:24,7.50,100,244,0,0,0,0,0,0,23.00,17.43
2022-05-09 00:17:14,0.73,230,161,0,0,0,0,0,0,5.50,5.05
2022-05-09 00:22:18,1.24,74,168,0,0,0,0,0,0,7.50,7.93
2022-05-09 00:25:12,1.77,48,237,0,0,0,0,0,0,8.00,8.15
2022-05-09 01:06:48,6.88,79,238,1,0,0,0,0,0,21.00,14.52
2022-05-09 01:23:26,3.79,230,68,1,0,0,0,0,0,14.00,16.72
2022-05-09 01:31:31,3.24,234,141,1,0,0,0,0,0,12.68,8.97
2022-05-09 01:43:43,9.35,138,239,1,0,1,0,0,0,27.00,18.18
2022-05-09 01:48:13,0.81,170,164,1,0,0,0,0,0,4.50,3.08
2022-05-09 03:01:38,1.00,141,229,3,0,0,0,0,0,5.00,2.57
2022-05-09 03:18:33,2.26,90,4,3,0,0,0,0,0,10.00,10.58
2022-05-09 04:34:33,18.10,132,4,4,0,1,0,0,0,52.00,26.32
2022-05-09 05:01:09,17.30,164,1,5,0,1,0,0,0,65.00,25.80
2022-05-09 05:10:01,12.70,132,25,5,0,1,0,0,0,38.50,32.15
2022-05-09 05:12:41,4.18,100,231,5,0,0,0,0,0,16.50,18.13
2022-05-09 05:22:13,1.68,75,236,5,0,0,0,0,0,7.50,6.42
2022-05-09 05:23:44,1.50,50,68,5,0,0,0,0,0,8.00,8.45
2022-05-09 05:41:38,5.28,211,236,5,0,0,0,0,0,17.50,16.68
2022-05-09 06:03:58,1.90,186,233,6,0,0,0,0,0,8.00,8.27
2022-05-09 06:08:51,1.21,151,239,6,0,0,0,0,0,7.00,6.22
2022-05-09 06:19:59,17.48,79,132,6,0,1,0,0,0,52.00,32.83
2022-05-09 06:35:41,2.48,239,246,6,0,0,0,0,0,9.50,8.07
2022-05-09 06:37:28,3.41,161,231,6,0,0,0,0,0,13.00,14.07
2022-05-09 06:40:22,1.09,170,162,6,0,0,0,0,0,5.50,4.03
2022-05-09 06:41:39,19.50,132,142,6,0,1,0,0,0,52.00,66.40
2022-05-09 06:46:53,1.53,100,163,6,0,0,0,0,0,7.00,6.57
2022-05-09 06:48:45,1.70,229,237,6,0,0,0,0,0,7.50,6.57
2022-05-09 07:01:35,1.61,170,230,7,0,0,1,0,0,9.50,12.88
2022-05-09 07:04:46,1.03,186,161,7,0,0,1,0,0,5.00,3.83
2022-05-09 07:11:42,2.88,224,140,7,0,0,1,0,0,10.50,10.67
2022-05-09 07:13:20,1.10,262,140,7,0,0,1,0,0,6.50,6.33
2022-05-09 07:13:51,3.79,186,236,7,0,0,1,0,0,13.50,14.62
2022-05-09 07:15:24,2.04,236,161,7,0,0,1,0,0,8.00,6.12
2022-05-09 07:15:28,10.40,166,87,7,0,0,1,0,0,32.00,29.73
2022-05-09 07:18:05,3.30,158,229,7,0,0,1,0,0,13.00,15.77
2022-05-09 07:18:06,17.60,132,161,7,0,1,1,0,0,52.00,78.23
2022-05-09 07:30:11,1.96,140,163,7,0,0,1,0,0,9.50,11.15
2022-05-09 07:33:05,1.60,100,162,7,0,0,1,0,0,8.00,8.28
2022-05-09 07:35:06,0.82,262,236,7,0,0,1,0,0,4.50,3.62
2022-05-09 07:41:00,0.80,237,140,7,0,0,1,0,0,5.50,6.68
2022-05-09 07:48:30,0.63,100,186,7,0,0,1,0,0,6.50,7.55
2022-05-09 07:51:21,0.99,236,75,7,0,0,1,0,0,7.50,9.03
2022-05-09 07:53:20,8.40,262,138,7,0,1,1,0,0,24.50,17.45
2022-05-09 07:54:17,6.30,166,249,7,0,0,1,0,0,20.50,20.92
2022-05-09 07:54:56,2.40,236,230,7,0,0,1,0,0,13.50,17.70
2022-05-09 08:00:46,0.74,137,100,8,0,0,1,0,0,5.00,4.18
2022-05-09 08:05:19,1.60,68,162,8,0,0,1,0,0,9.50,12.28
2022-05-09 08:08:57,1.02,43,237,8,0,0,1,0,0,8.00,10.22
2022-05-09 08:11:53,1.71,186,163,8,0,0,1,0,0,10.50,14.30
2022-05-09 08:12:25,1.89,186,137,8,0,0,1,0,0,12.00,17.58
2022-05-09 08:13:03,6.83,162,13,8,0,0,1,0,0,27.80,31.05
2022-05-09 08:17:35,0.99,229,237,8,0,0,1,0,0,6.50,6.73
2022-05-09 08:24:51,2.10,142,236,8,0,0,1,0,0,14.41,12.03
2022-05-09 08:25:07,0.69,143,143,8,0,0,1,0,0,4.50,3.57
2022-05-09 08:25:17,0.58,170,186,8,0,0,1,0,0,5.00,4.28
2022-05-09 08:25:27,3.03,249,161,8,0,0,1,0,0,15.00,21.02
2022-05-09 08:25:58,2.38,238,163,8,0,0,1,0,0,13.34,15.07
2022-05-09 08:26:49,2.50,229,90,8,0,0,1,0,0,12.50,17.25
2022-05-09 08:31:35,17.30,142,132,8,0,1,1,0,0,52.00,65.85
2022-05-09 08:31:36,9.60,138,49,8,0,1,1,0,0,31.50,40.28
2022-05-09 08:32:07,2.10,68,162,8,0,0,1,0,0,11.50,16.10
2022-05-09 08:41:33,0.59,100,68,8,0,0,1,0,0,5.00,5.25
2022-05-09 08:41:56,2.10,239,161,8,0,0,1,0,0,11.00,16.42
2022-05-09 08:46:27,1.90,148,170,8,0,0,1,0,0,9.50,10.50
2022-05-09 08:47:45,1.72,233,79,8,0,0,1,0,0,8.00,7.27
2022-05-09 08:48:51,11.35,163,138,8,0,1,1,0,0,33.50,26.05
2022-05-09 08:51:39,1.56,75,141,8,0,0,1,0,0,8.00,9.07
2022-05-09 08:54:17,1.00,113,234,8,0,0,1,0,0,5.00,3.67
2022-05-09 08:56:54,3.33,68,231,8,0,0,1,0,0,16.00,24.45
2022-05-09 08:58:38,10.66,138,161,8,0,1,1,0,0,32.50,35.93
2022-05-09 09:01:54,3.34,236,186,9,0,0,1,0,0,18.00,27.20
2022-05-09 09:02:20,1.50,142,237,9,0,0,1,0,0,10.50,15.00
2022-05-09 09:04:06,1.82,24,239,9,0,0,1,0,0,9.00,9.78
2022-05-09 09:04:56,1.20,107,233,9,0,0,1,0,0,6.00,4.85
2022-05-09 09:11:06,2.75,234,246,9,0,0,1,0,0,11.50,18.95
2022-05-09 09:12:43,1.12,233,48,9,0,0,1,0,0,9.50,13.32
2022-05-09 09:15:02,0.96,162,161,9,0,0,1,0,0,7.00,8.83
2022-05-09 09:16:16,2.60,262,74,9,0,0,1,0,0,11.00,12.50
2022-05-09 09:20:27,1.71,233,234,9,0,0,1,0,0,9.50,12.85
2022-05-09 09:20:39,2.65,50,158,9,0,0,1,0,0,12.00,14.98
2022-05-09 09:21:26,2.00,236,142,9,0,0,1,0,0,8.50,8.98
2022-05-09 09:22:03,12.01,138,170,9,0,1,1,0,0,37.50,36.83
2022-05-09 09:27:22,1.70,142,236,9,0,0,1,0,0,9.00,9.78
2022-05-09 09:28:10,5.63,161,41,9,0,0,1,0,0,20.00,19.30
2022-05-09 09:28:37,2.42,138,179,9,0,1,1,0,0,9.50,8.42
2022-05-09 09:28:38,23.60,239,132,9,0,1,1,0,0,52.00,46.55
2022-05-09 09:34:00,1.50,170,170,9,0,0,1,0,0,9.00,12.15
2022-05-09 09:39:01,1.51,140,161,9,0,0,1,0,0,9.00,11.97
2022-05-09 09:39:46,10.00,138,163,9,0,1,1,0,0,33.50,35.35
2022-05-09 09:41:35,1.90,151,41,9,0,0,1,0,0,10.00,11.28
2022-05-09 09:46:55,0.50,186,186,9,0,0,1,0,0,6.00,7.53
2022-05-09 09:49:31,2.30,143,236,9,0,0,1,0,0,11.50,14.62
2022-05-09 09:50:15,3.50,263,234,9,0,0,1,0,0,17.00,23.73
2022-05-09 09:50:49,1.60,140,75,9,0,0,1,0,0,7.00,7.12
2022-05-09 09:50:54,1.30,166,238,9,0,0,1,0,0,6.50,4.97
2022-05-09 09:52:03,0.60,100,48,9,0,0,1,0,0,4.50,4.30
2022-05-09 09:55:05,0.80,229,140,9,0,0,1,0,0,5.50,5.05
2022-05-09 09:56:09,0.71,262,140,9,0,0,1,0,0,5.50,5.92
2022-05-09 10:03:47,1.82,161,164,10,0,0,0,0,0,10.00,13.37
2022-05-09 10:03:55,1.10,229,162,10,0,0,0,0,0,9.00,11.93
2022-05-09 10:04:09,0.84,230,161,10,0,0,0,0,0,6.50,7.70
2022-05-09 10:05:18,14.50,236,35,10,0,0,0,0,0,47.50,49.33
2022-05-09 10:05:22,3.13,186,236,10,0,0,0,0,0,16.50,24.47
2022-05-09 10:06:22,3.06,140,137,10,0,0,0,0,0,10.50,7.28
2022-05-09 10:07:59,0.55,170,162,10,0,0,0,0,0,7.50,10.22
2022-05-09 10:08:33,1.40,236,161,10,0,0,0,0,0,8.00,9.87
2022-05-09 10:15:57,0.30,238,238,10,0,0,0,0,0,3.00,1.00
2022-05-09 10:20:47,0.89,230,142,10,0,0,0,0,0,5.00,3.43
2022-05-09 10:22:39,17.38,132,186,10,0,1,0,0,0,52.00,52.23
2022-05-09 10:28:08,1.10,43,163,10,0,0,0,0,0,7.50,9.35
2022-05-09 10:34:44,3.59,186,236,10,0,0,0,0,0,19.50,29.92
2022-05-09 10:36:24,1.19,140,141,10,0,0,0,0,0,7.00,8.07
2022-05-09 10:37:07,8.89,262,138,10,0,1,0,0,0,25.00,15.68
2022-05-09 10:39:41,1.92,239,230,10,0,0,0,0,0,9.50,11.60
2022-05-09 10:41:45,3.05,236,186,10,0,0,0,0,0,14.00,18.48
2022-05-09 10:42:03,1.23,230,68,10,0,0,0,0,0,13.50,21.77
2022-05-09 10:46:46,1.00,249,231,10,0,0,0,0,0,6.50,7.12
2022-05-09 10:48:32,3.09,239,68,10,0,0,0,0,0,18.50,27.02
2022-05-09 10:52:45,1.69,186,162,10,0,0,0,0,0,12.00,18.82
2022-05-09 10:58:46,2.40,161,161,10,0,0,0,0,0,21.00,37.15
2022-05-09 11:00:07,2.30,163,239,11,0,0,0,0,0,12.50,17.12
2022-05-09 11:14:57,1.93,161,140,11,0,0,0,0,0,12.00,18.00
2022-05-09 11:15:53,1.75,161,246,11,0,0,0,0,0,9.00,10.85
2022-05-09 11:16:24,1.20,238,142,11,0,0,0,0,0,7.00,7.20
2022-05-09 11:16:28,1.13,90,170,11,0,0,0,0,0,7.00,7.85
2022-05-09 11:16:55,1.90,68,137,11,0,0,0,0,0,10.00,13.13
2022-05-09 11:17:46,2.80,238,161,11,0,0,0,0,0,16.50,23.82
2022-05-09 11:19:52,1.30,142,237,11,0,0,0,0,0,10.50,16.48
2022-05-09 11:21:24,2.13,43,246,11,0,0,0,0,0,9.00,8.98
2022-05-09 11:23:58,7.14,141,13,11,0,0,0,0,0,23.00,18.83
2022-05-09 11:24:37,1.00,230,162,11,0,0,0,0,0,9.00,12.92
2022-05-09 11:25:29,1.14,100,234,11,0,0,0,0,0,8.00,9.85
2022-05-09 11:26:38,0.35,238,239,11,0,0,0,0,0,3.50,2.18
2022-05-09 11:27:29,1.20,234,186,11,0,0,0,0,0,7.50,8.92
2022-05-09 11:27:52,0.69,236,262,11,0,0,0,0,0,7.00,8.90
2022-05-09 11:28:53,3.37,236,229,11,0,0,0,0,0,12.50,13.55
2022-05-09 11:29:00,3.48,143,170,11,0,0,0,0,0,16.74,21.00
2022-05-09 11:30:31,18.68,132,148,11,0,1,0,0,0,52.00,56.02
2022-05-09 11:32:04,3.70,237,113,11,0,0,0,0,0,20.50,32.07
2022-05-09 11:32:29,11.18,48,138,11,0,1,0,0,0,38.00,39.65
2022-05-09 11:34:45,2.09,140,238,11,0,0,0,0,0,13.00,24.55
2022-05-09 11:35:07,1.08,164,233,11,0,0,0,0,0,6.50,7.60
2022-05-09 11:37:00,3.60,170,232,11,0,0,0,0,0,16.00,17.58
2022-05-09 11:37:40,2.09,263,161,11,0,0,0,0,0,11.00,14.77
2022-05-09 11:38:23,20.90,132,209,11,0,1,0,0,0,52.00,52.62
2022-05-09 11:38:40,11.88,48,138,11,0,1,0,0,0,36.50,32.37
2022-05-09 11:40:37,1.64,231,232,11,0,0,0,0,0,10.00,14.42
2022-05-09 11:42:00,1.48,239,151,11,0,0,0,0,0,7.50,7.50
2022-05-09 11:43:06,1.24,158,113,11,0,0,0,0,0,7.50,8.67
2022-05-09 11:43:10,16.70,132,230,11,0,1,0,0,0,52.00,57.53
2022-05-09 11:46:24,1.57,48,100,11,0,0,0,0,0,7.50,8.28
2022-05-09 11:46:49,0.90,186,170,11,0,0,0,0,0,7.00,10.17
2022-05-09 11:47:42,0.80,45,114,11,0,0,0,0,0,7.50,9.60
2022-05-09 11:48:05,0.85,48,161,11,0,0,0,0,0,6.50,8.05
2022-05-09 11:54:42,1.10,234,246,11,0,0,0,0,0,6.50,9.72
2022-05-09 11:58:15,2.78,161,114,11,0,0,0,0,0,12.50,17.03
2022-05-09 11:58:54,2.41,239,262,11,0,0,0,0,0,11.50,14.80
2022-05-09 11:59:16,0.30,140,141,11,0,0,0,0,0,4.00,3.17
2022-05-09 12:04:42,1.06,164,161,12,0,0,0,0,0,8.00,10.75
2022-05-09 12:06:31,0.60,142,163,12,0,0,0,0,0,5.00,4.27
2022-05-09 12:07:01,1.23,43,263,12,0,0,0,0,0,6.50,7.43
2022-05-09 12:08:22,4.37,48,13,12,0,0,0,0,0,17.00,19.52
2022-05-09 12:13:18,1.85,236,162,12,0,0,0,0,0,11.00,14.35
2022-05-09 12:13:22,13.80,230,131,12,0,0,0,0,0,43.50,40.83
2022-05-09 12:20:33,6.89,43,211,12,0,0,0,0,0,26.50,34.17
2022-05-09 12:21:13,2.06,186,229,12,0,0,0,0,0,13.50,21.00
2022-05-09 12:26:05,0.55,113,79,12,0,0,0,0,0,4.00,3.20
2022-05-09 12:26:17,0.63,100,100,12,0,0,0,0,0,5.00,4.68
2022-05-09 12:31:07,1.74,43,239,12,0,0,0,0,0,8.50,9.12
2022-05-09 12:31:52,18.82,219,26,12,0,0,0,0,0,57.50,56.07
2022-05-09 12:32:32,3.65,234,236,12,0,0,0,0,0,17.50,25.23
2022-05-09 12:33:39,1.10,229,170,12,0,0,0,0,0,7.50,9.08
2022-05-09 12:36:16,0.68,230,186,12,0,0,0,0,0,4.50,4.15
2022-05-09 12:36:50,5.89,142,244,12,0,0,0,0,0,20.50,18.27
2022-05-09 12:38:37,16.66,48,1,12,0,1,0,0,0,62.00,24.40
2022-05-09 12:39:11,1.76,161,236,12,0,0,0,0,0,9.50,12.92
2022-05-09 12:44:00,1.17,142,238,12,0,0,0,0,0,5.50,4.75
2022-05-09 12:44:32,0.93,236,262,12,0,0,0,0,0,7.00,8.50
2022-05-09 12:47:48,0.50,142,163,12,0,0,0,0,0,4.50,5.77
2022-05-09 12:48:20,2.55,143,75,12,0,0,0,0,0,12.00,15.33
2022-05-09 12:51:10,11.21,170,89,12,0,0,0,0,0,33.50,29.78
2022-05-09 12:54:06,1.02,238,143,12,0,0,0,0,0,6.50,6.38
2022-05-09 12:54:33,1.20,48,162,12,0,0,0,0,0,9.50,14.28
2022-05-09 12:56:27,1.30,141,161,12,0,0,0,0,0,10.00,14.02
2022-05-09 12:57:48,1.60,79,233,12,0,0,0,0,0,9.50,11.25
2022-05-09 13:07:47,0.69,162,163,13,0,0,0,0,0,5.50,5.85
2022-05-09 13:09:15,1.26,142,230,13,0,0,0,0,0,7.00,6.82
2022-05-09 13:10:57,0.78,140,237,13,0,0,0,0,0,7.50,9.27
2022-05-09 13:16:43,4.71,68,75,13,0,0,0,0,0,22.00,32.77
2022-05-09 13:21:00,1.30,237,161,13,0,0,0,0,0,8.50,10.13
2022-05-09 13:22:01,5.09,234,52,13,0,0,0,0,0,23.50,32.85
2022-05-09 13:23:15,1.10,162,170,13,0,0,0,0,0,6.50,6.72
2022-05-09 13:24:25,1.86,161,236,13,0,0,0,0,0,11.00,14.92
2022-05-09 13:25:04,1.40,163,100,13,0,0,0,0,0,9.00,12.23
2022-05-09 13:27:12,1.70,163,170,13,0,0,0,0,0,10.00,12.02
2022-05-09 13:27:37,2.24,186,43,13,0,0,0,0,0,11.50,15.30
2022-05-09 13:30:29,1.19,230,186,13,0,0,0,0,0,7.50,9.55
2022-05-09 13:32:33,3.27,161,211,13,0,0,0,0,0,15.00,19.42
2022-05-09 13:34:06,15.80,161,132,13,0,1,0,0,0,52.00,46.72
2022-05-09 13:35:57,1.00,75,74,13,0,0,0,0,0,5.50,4.87
2022-05-09 13:36:51,1.86,263,239,13,0,0,0,0,0,11.50,15.88
2022-05-09 13:38:20,1.99,163,236,13,0,0,0,0,0,9.00,9.67
2022-05-09 13:42:45,0.80,68,246,13,0,0,0,0,0,5.00,3.57
2022-05-09 13:46:24,16.70,234,1,13,0,1,0,0,0,64.00,38.43
2022-05-09 13:46:34,1.58,237,229,13,0,0,0,0,0,9.50,11.45
2022-05-09 13:52:42,6.85,164,13,13,0,0,0,0,0,23.00,22.02
2022-05-09 13:56:10,8.57,138,170,13,0,1,0,0,0,28.50,27.45
2022-05-09 13:57:47,1.70,163,140,13,0,0,0,0,0,11.00,15.82
2022-05-09 13:58:20,1.78,68,230,13,0,0,0,0,0,10.00,13.20
2022-05-09 14:01:24,1.30,140,262,14,0,0,0,0,0,8.50,10.42
2022-05-09 14:02:39,0.70,237,237,14,0,0,0,0,0,5.50,5.25
2022-05-09 14:04:12,1.29,114,68,14,0,0,0,0,0,6.00,5.70
2022-05-09 14:04:33,1.10,170,229,14,0,0,0,0,0,5.50,5.68
2022-05-09 14:04:43,0.50,113,249,14,0,0,0,0,0,5.50,5.95
2022-05-09 14:05:59,11.68,138,230,14,0,1,0,0,0,40.00,49.37
2022-05-09 14:07:15,1.64,48,68,14,0,0,0,0,0,8.00,9.40
2022-05-09 14:08:45,1.52,239,163,14,0,0,0,0,0,8.50,10.65
2022-05-09 14:09:06,0.94,237,142,14,0,0,0,0,0,6.00,6.03
2022-05-09 14:12:27,0.86,140,237,14,0,0,0,0,0,6.00,6.95
2022-05-09 14:12:40,4.67,230,231,14,0,0,0,0,0,19.00,24.57
2022-05-09 14:14:14,3.36,230,211,14,0,0,0,0,0,17.50,26.23
2022-05-09 14:21:47,0.94,164,234,14,0,0,0,0,0,5.50,5.00
2022-05-09 14:23:26,16.58,162,132,14,0,1,0,0,0,52.00,46.27
2022-05-09 14:27:07,4.68,113,236,14,0,0,0,0,0,24.50,37.35
2022-05-09 14:31:45,2.27,161,236,14,0,0,0,0,0,14.00,21.00
2022-05-09 14:34:33,2.60,230,238,14,0,0,0,0,0,12.00,14.73
2022-05-09 14:35:03,7.76,231,163,14,0,0,0,0,0,29.50,33.57
2022-05-09 14:41:02,9.40,138,230,14,0,1,0,0,0,33.00,40.72
2022-05-09 14:41:28,2.52,140,162,14,0,0,0,0,0,12.00,14.97
2022-05-09 14:41:38,1.35,238,142,14,0,0,0,0,0,8.00,8.47
2022-05-09 14:43:17,2.20,142,75,14,0,0,0,0,0,11.50,13.73
2022-05-09 14:45:45,10.55,79,138,14,0,1,0,0,0,32.00,30.80
2022-05-09 14:46:18,4.90,79,238,14,0,0,0,0,0,24.00,36.48
2022-05-09 14:46:29,0.69,68,48,14,0,0,0,0,0,6.50,7.95
2022-05-09 14:46:50,3.66,230,151,14,0,0,0,0,0,14.50,17.23
2022-05-09 14:49:16,9.07,138,238,14,0,1,0,0,0,31.50,35.13
2022-05-09 14:51:51,1.12,263,237,14,0,0,0,0,0,7.50,9.23
2022-05-09 14:52:55,0.28,90,186,14,0,0,0,0,0,4.00,3.30
2022-05-09 14:54:12,0.94,43,238,14,0,0,0,0,0,5.50,4.43
2022-05-09 14:55:03,0.92,164,234,14,0,0,0,0,0,6.50,7.07
2022-05-09 15:04:47,1.03,107,170,15,0,0,0,0,0,6.50,6.50
2022-05-09 15:05:19,2.82,170,263,15,0,0,0,0,0,15.00,21.20
2022-05-09 15:06:47,0.75,238,143,15,0,0,0,0,0,6.00,7.32
2022-05-09 15:09:20,0.67,161,237,15,0,0,0,0,0,8.50,12.03
2022-05-09 15:10:07,1.20,236,163,15,0,0,0,0,0,8.50,10.90
2022-05-09 15:10:51,1.53,249,231,15,0,0,0,0,0,9.50,12.20
2022-05-09 15:12:31,1.62,233,68,15,0,0,0,0,0,12.50,19.10
2022-05-09 15:15:18,0.70,170,107,15,0,0,0,0,0,5.00,4.00
2022-05-09 15:18:27,1.87,236,229,15,0,0,0,0,0,19.00,30.52
2022-05-09 15:22:28,4.40,138,56,15,0,1,0,0,0,24.50,39.10
2022-05-09 15:24:18,0.65,43,161,15,0,0,0,0,0,5.50,6.12
2022-05-09 15:28:53,0.80,239,142,15,0,0,0,0,0,5.00,4.82
2022-05-09 15:33:01,3.70,43,246,15,0,0,0,0,0,16.00,21.58
2022-05-09 15:33:30,0.96,236,262,15,0,0,0,0,0,7.00,8.77
2022-05-09 15:34:10,1.10,144,114,15,0,0,0,0,0,8.00,11.68
2022-05-09 15:36:56,1.17,230,164,15,0,0,0,0,0,6.50,6.93
2022-05-09 15:39:10,3.00,166,142,15,0,0,0,0,0,14.00,17.67
2022-05-09 15:42:18,15.41,138,79,15,0,1,0,0,0,27.50,27.15
2022-05-09 15:43:43,1.40,262,237,15,0,0,0,0,0,7.50,8.70
2022-05-09 15:43:53,1.23,163,186,15,0,0,0,0,0,8.00,9.72
2022-05-09 15:45:39,4.79,229,239,15,0,0,0,0,0,17.00,25.25
2022-05-09 15:46:13,1.60,237,170,15,0,0,0,0,0,9.00,11.72
2022-05-09 15:49:24,2.66,163,229,15,0,0,0,0,0,10.00,13.73
2022-05-09 15:49:42,18.33,132,237,15,0,1,0,0,0,52.00,60.83
2022-05-09 15:51:04,1.82,163,237,15,0,0,0,0,0,8.00,10.53
2022-05-09 15:52:32,3.80,68,141,15,0,0,0,0,0,18.50,27.55
2022-05-09 15:53:48,0.40,142,142,15,0,0,0,0,0,4.50,4.00
2022-05-09 15:54:42,3.35,261,164,15,0,0,0,0,0,14.50,18.62
2022-05-09 15:56:56,1.60,75,74,15,0,0,0,0,0,8.00,8.77
2022-05-09 15:56:59,1.34,100,246,15,0,0,0,0,0,6.00,6.80
2022-05-09 15:58:27,3.80,48,144,15,0,0,0,0,0,17.00,22.57
2022-05-09 15:59:43,9.30,138,148,15,0,1,0,0,0,34.50,43.62
2022-05-09 16:05:43,1.44,114,68,16,0,0,0,1,0,7.00,9.33
2022-05-09 16:06:51,3.23,229,239,16,0,0,0,1,0,21.00,33.75
2022-05-09 16:08:01,8.99,236,138,16,0,1,0,1,0,29.50,32.48
2022-05-09 16:08:24,1.60,237,236,16,0,0,0,1,0,8.50,9.38
2022-05-09 16:10:45,1.90,164,211,16,0,0,0,1,0,9.50,13.30
2022-05-09 16:15:44,0.86,161,237,16,0,0,0,1,0,7.50,10.45
2022-05-09 16:15:52,0.55,231,211,16,0,0,0,1,0,5.50,5.48
2022-05-09 16:21:28,3.23,246,237,16,0,0,0,1,0,15.00,19.98
2022-05-09 16:21:42,2.45,236,143,16,0,0,0,1,0,13.00,17.83
2022-05-09 16:23:30,1.90,237,239,16,0,0,0,1,0,10.00,14.60
2022-05-09 16:24:59,22.55,132,239,16,0,1,0,1,0,52.00,79.17
2022-05-09 16:33:22,1.40,142,246,16,0,0,0,1,0,7.00,9.38
2022-05-09 16:34:11,1.28,211,158,16,0,0,0,1,0,7.00,6.97
2022-05-09 16:34:17,1.84,162,140,16,0,0,0,1,0,10.00,13.35
2022-05-09 16:35:57,3.90,43,249,16,0,0,0,1,0,19.50,29.02
2022-05-09 16:39:38,2.32,239,41,16,0,0,0,1,0,11.50,16.90
2022-05-09 16:44:43,2.90,236,233,16,0,0,0,1,0,13.00,15.18
2022-05-09 16:45:08,8.74,138,262,16,0,1,0,1,0,30.00,35.55
2022-05-09 16:47:12,0.51,90,100,16,0,0,0,1,0,3.50,1.63
2022-05-09 16:48:23,1.67,239,166,16,0,0,0,1,0,8.00,8.43
2022-05-09 16:53:17,1.20,142,246,16,0,0,0,1,0,8.00,9.33
2022-05-09 16:56:29,1.90,186,211,16,0,0,0,1,0,10.50,13.58
2022-05-09 16:58:30,3.80,246,232,16,0,0,0,1,0,18.50,25.90
2022-05-09 17:00:10,3.22,142,234,17,0,0,0,1,0,16.50,23.98
2022-05-09 17:02:12,2.27,144,170,17,0,0,0,1,0,10.50,13.28
2022-05-09 17:04:58,2.74,141,238,17,0,0,0,1,0,13.50,18.47
2022-05-09 17:05:38,1.91,114,231,17,0,0,0,1,0,12.00,17.07
2022-05-09 17:06:15,1.30,161,234,17,0,0,0,1,0,7.50,8.87
2022-05-09 17:07:31,1.00,162,230,17,0,0,0,1,0,6.00,6.95
2022-05-09 17:08:39,2.92,231,100,17,0,0,0,1,0,12.00,13.55
2022-05-09 17:13:08,6.80,13,140,17,0,0,0,1,0,21.00,14.73
2022-05-09 17:13:21,0.94,141,237,17,0,0,0,1,0,6.00,5.90
2022-05-09 17:14:22,1.03,50,246,17,0,0,0,1,0,6.50,6.82
2022-05-09 17:15:42,2.00,238,166,17,0,0,0,1,0,11.00,14.28
2022-05-09 17:21:33,1.50,186,163,17,0,0,0,1,0,7.00,7.07
2022-05-09 17:22:09,9.57,132,192,17,0,1,0,1,0,30.00,31.58
2022-05-09 17:27:10,3.20,231,234,17,0,0,0,1,0,13.00,14.47
2022-05-09 17:28:58,1.50,107,249,17,0,0,0,1,0,9.00,11.47
2022-05-09 17:32:00,11.16,239,241,17,0,0,0,1,0,35.50,40.90
2022-05-09 17:32:33,2.34,90,163,17,0,0,0,1,0,13.00,18.78
2022-05-09 17:33:53,2.00,75,141,17,0,0,0,1,0,8.00,7.65
2022-05-09 17:36:12,4.90,132,215,17,0,1,0,1,0,19.50,24.20
2022-05-09 17:39:16,1.40,161,186,17,0,0,0,1,0,10.00,13.97
2022-05-09 17:41:44,3.52,140,107,17,0,0,0,1,0,13.50,13.47
2022-05-09 17:44:51,7.77,162,66,17,0,0,0,1,0,32.50,47.13
2022-05-09 17:46:54,1.28,164,233,17,0,0,0,1,0,8.00,9.80
2022-05-09 17:50:08,5.52,234,237,17,0,0,0,1,0,26.50,38.28
2022-05-09 17:50:33,1.41,162,100,17,0,0,0,1,0,9.00,12.05
2022-05-09 17:51:34,1.01,239,142,17,0,0,0,1,0,5.50,4.32
2022-05-09 17:51:43,0.81,161,237,17,0,0,0,1,0,6.50,7.30
2022-05-09 17:52:48,1.94,262,239,17,0,0,0,1,0,11.00,14.88
2022-05-09 17:52:58,0.24,237,162,17,0,0,0,1,0,3.00,1.45
2022-05-09 17:52:59,2.45,140,48,17,0,0,0,1,0,12.50,16.32
2022-05-09 17:53:29,0.90,142,230,17,0,0,0,1,0,6.00,5.40
2022-05-09 17:55:38,5.18,140,114,17,0,0,0,1,0,18.50,18.43
2022-05-09 17:56:32,0.39,107,234,17,0,0,0,1,0,4.50,3.80
2022-05-09 17:57:42,2.04,164,141,17,0,0,0,1,0,10.00,11.60
2022-05-09 17:58:06,1.22,249,125,17,0,0,0,1,0,6.50,7.30
2022-05-09 18:00:43,0.82,262,236,18,0,0,0,1,0,6.50,6.97
2022-05-09 18:02:47,1.60,162,237,18,0,0,0,1,0,9.50,12.82
2022-05-09 18:04:18,1.51,163,236,18,0,0,0,1,0,9.00,10.73
2022-05-09 18:05:34,1.03,229,141,18,0,0,0,1,0,6.50,6.40
2022-05-09 18:08:01,4.58,48,7,18,0,0,0,1,0,18.50,22.92
2022-05-09 18:09:26,1.23,236,140,18,0,0,0,1,0,7.00,8.12
2022-05-09 18:13:24,1.67,137,90,18,0,0,0,1,0,10.00,13.92
2022-05-09 18:15:25,11.12,161,138,18,0,1,0,1,0,33.50,28.40
2022-05-09 18:19:06,1.43,234,162,18,0,0,0,1,0,8.50,10.43
2022-05-09 18:21:11,1.34,236,239,18,0,0,0,1,0,7.50,8.98
2022-05-09 18:24:19,1.17,43,237,18,0,0,0,1,0,7.50,8.38
2022-05-09 18:26:34,0.79,161,237,18,0,0,0,1,0,5.00,3.85
2022-05-09 18:27:47,2.87,161,262,18,0,0,0,1,0,13.00,16.13
2022-05-09 18:29:59,0.79,113,79,18,0,0,0,1,0,5.00,4.48
2022-05-09 18:30:11,1.05,141,237,18,0,0,0,1,0,7.50,8.87
2022-05-09 18:31:47,2.50,161,238,18,0,0,0,1,0,11.50,12.62
2022-05-09 18:33:07,1.30,113,234,18,0,0,0,1,0,8.00,10.22
2022-05-09 18:33:29,5.40,50,13,18,0,0,0,1,0,20.00,22.28
2022-05-09 18:34:12,1.38,234,224,18,0,0,0,1,0,7.00,7.50
2022-05-09 18:37:34,7.53,138,262,18,0,1,0,1,0,23.00,20.58
2022-05-09 18:37:42,1.40,162,141,18,0,0,0,1,0,7.50,8.68
2022-05-09 18:38:37,0.72,90,107,18,0,0,0,1,0,5.00,5.00
2022-05-09 18:38:57,1.00,50,142,18,0,0,0,1,0,6.50,6.82
2022-05-09 18:39:03,0.90,186,90,18,0,0,0,1,0,5.00,3.65
2022-05-09 18:39:51,1.45,164,161,18,0,0,0,1,0,9.00,12.33
2022-05-09 18:40:15,3.80,43,249,18,0,0,0,1,0,17.00,21.22
2022-05-09 18:40:18,1.97,48,238,18,0,0,0,1,0,8.50,8.63
2022-05-09 18:40:51,1.51,238,236,18,0,0,0,1,0,7.50,7.10
2022-05-09 18:41:36,8.60,163,243,18,0,0,0,1,0,26.00,23.67
2022-05-09 18:42:19,1.76,239,161,18,0,0,0,1,0,9.00,9.45
2022-05-09 18:44:10,1.00,142,162,18,0,0,0,1,0,5.50,5.07
2022-05-09 18:44:44,2.03,48,140,18,0,0,0,1,0,10.00,11.87
2022-05-09 18:45:53,1.56,162,107,18,0,0,0,1,0,8.00,9.67
2022-05-09 18:46:46,1.56,236,163,18,0,0,0,1,0,8.50,9.28
2022-05-09 18:46:48,17.60,132,162,18,0,1,0,1,0,52.00,36.83
2022-05-09 18:50:03,0.89,107,164,18,0,0,0,1,0,6.50,7.30
2022-05-09 18:50:10,1.36,237,142,18,0,0,0,1,0,8.50,11.00
2022-05-09 18:53:05,1.40,170,229,18,0,0,0,1,0,7.50,8.45
2022-05-09 18:55:50,2.89,237,79,18,0,0,0,1,0,13.50,18.05
2022-05-09 18:57:05,2.70,88,158,18,0,0,0,1,0,11.50,12.55
2022-05-09 18:57:22,0.80,234,113,18,0,0,0,1,0,5.00,3.93
2022-05-09 18:59:41,1.85,239,230,18,0,0,0,1,0,13.37,13.12
2022-05-09 18:59:43,2.02,162,186,18,0,0,0,1,0,10.00,12.17
2022-05-09 18:59:48,4.74,263,79,18,0,0,0,1,0,16.50,15.52
2022-05-09 19:01:49,1.15,79,144,19,0,0,0,1,0,7.00,8.18
2022-05-09 19:02:35,2.60,75,43,19,0,0,0,1,0,12.50,15.17
2022-05-09 19:02:44,0.43,263,263,19,0,0,0,1,0,5.50,5.60
2022-05-09 19:03:35,0.90,48,163,19,0,0,0,1,0,5.50,5.50
2022-05-09 19:05:20,1.72,186,114,19,0,0,0,1,0,8.50,10.53
2022-05-09 19:07:13,1.80,163,234,19,0,0,0,1,0,9.00,12.08
2022-05-09 19:09:03,1.64,239,236,19,0,0,0,1,0,7.50,6.92
2022-05-09 19:09:25,0.83,170,107,19,0,0,0,1,0,5.00,4.42
2022-05-09 19:11:00,7.40,138,69,19,0,1,0,1,0,21.50,15.17
2022-05-09 19:11:55,1.10,161,141,19,0,0,0,1,0,6.00,5.18
2022-05-09 19:12:39,4.96,236,226,19,0,0,0,1,0,20.50,25.82
2022-05-09 19:12:45,2.15,142,238,19,0,0,0,1,0,10.00,11.72
2022-05-09 19:14:25,1.84,231,148,19,0,0,0,1,0,12.50,17.98
2022-05-09 19:21:02,2.60,100,231,19,0,0,0,1,0,12.00,15.25
2022-05-09 19:22:37,1.90,114,170,19,0,0,0,1,0,9.00,9.53
2022-05-09 19:22:41,1.27,107,68,19,0,0,0,1,0,8.00,9.58
2022-05-09 19:23:25,1.14,263,43,19,0,0,0,1,0,9.00,11.98
2022-05-09 19:24:28,1.13,229,163,19,0,0,0,1,0,6.50,6.37
2022-05-09 19:26:42,2.40,186,143,19,0,0,0,1,0,9.50,10.22
2022-05-09 19:28:47,1.00,239,142,19,0,0,0,1,0,5.50,3.90
2022-05-09 19:30:20,1.01,140,263,19,0,0,0,1,0,6.00,5.83
2022-05-09 19:31:20,1.30,140,236,19,0,0,0,1,0,7.00,6.82
2022-05-09 19:32:58,21.15,132,181,19,0,1,0,1,0,58.50,42.28
2022-05-09 19:33:34,10.83,138,40,19,0,1,0,1,0,33.00,28.65
2022-05-09 19:34:38,2.60,161,239,19,0,0,0,1,0,11.00,12.55
2022-05-09 19:37:09,0.91,90,249,19,0,0,0,1,0,5.50,5.30
2022-05-09 19:37:50,4.34,144,80,19,0,0,0,1,0,16.50,16.92
2022-05-09 19:38:49,0.91,43,43,19,0,0,0,1,0,5.50,5.30
2022-05-09 19:38:56,4.00,170,74,19,0,0,0,1,0,13.50,13.67
2022-05-09 19:39:22,1.10,140,263,19,0,0,0,1,0,6.00,5.52
2022-05-09 19:44:05,3.58,246,238,19,0,0,0,1,0,14.00,16.47
2022-05-09 19:44:55,5.00,233,88,19,0,0,0,1,0,16.50,11.77
2022-05-09 19:45:50,1.71,239,236,19,0,0,0,1,0,8.50,9.05
2022-05-09 19:46:17,2.40,236,230,19,0,0,0,1,0,12.50,16.15
2022-05-09 19:48:43,3.94,239,249,19,0,0,0,1,0,14.50,16.35
2022-05-09 19:52:09,1.90,233,79,19,0,0,0,1,0,7.50,6.92
2022-05-09 19:59:04,1.56,162,48,19,0,0,0,1,0,8.00,9.45
2022-05-09 19:59:45,19.24,132,263,19,0,1,0,1,0,52.00,35.15
2022-05-09 19:59:46,6.44,163,13,19,0,0,0,1,0,22.00,23.73
2022-05-09 19:59:53,3.50,158,142,19,0,0,0,1,0,13.50,15.23
2022-05-09 20:00:57,8.96,138,107,20,0,1,0,0,0,26.00,17.68
2022-05-09 20:05:45,3.40,231,234,20,0,0,0,0,0,14.50,17.97
2022-05-09 20:12:32,0.65,236,262,20,0,0,0,0,0,5.00,4.20
2022-05-09 20:22:19,8.40,138,151,20,0,1,0,0,0,26.50,23.78
2022-05-09 20:23:37,1.95,186,224,20,0,0,0,0,0,9.50,11.93
2022-05-09 20:26:04,1.64,151,41,20,0,0,0,0,0,8.50,8.93
2022-05-09 20:26:13,9.80,237,40,20,0,0,0,0,0,34.50,38.43
2022-05-09 20:27:04,2.48,158,13,20,0,0,0,0,0,10.00,9.43
2022-05-09 20:29:27,3.95,163,148,20,0,0,0,0,0,17.00,21.48
2022-05-09 20:29:50,1.91,107,249,20,0,0,0,0,0,9.00,10.38
2022-05-09 20:32:39,2.52,233,263,20,0,0,0,0,0,9.50,9.17
2022-05-09 20:33:20,8.51,138,164,20,0,1,0,0,0,24.50,15.08
2022-05-09 20:35:01,2.00,43,142,20,0,0,0,0,0,8.50,8.37
2022-05-09 20:36:06,0.90,237,141,20,0,0,0,0,0,5.00,3.83
2022-05-09 20:39:13,11.08,138,230,20,0,1,0,0,0,32.50,24.52
2022-05-09 20:39:39,2.05,263,238,20,0,0,0,0,0,9.00,8.45
2022-05-09 20:43:16,2.20,161,68,20,0,0,0,0,0,10.00,10.68
2022-05-09 20:48:08,1.30,162,137,20,0,0,0,0,0,6.00,4.98
2022-05-09 20:48:39,3.39,236,107,20,0,0,0,0,0,13.00,14.72
2022-05-09 20:49:13,10.27,70,143,20,0,0,0,0,0,32.00,28.12
2022-05-09 20:51:07,2.96,239,164,20,0,0,0,0,0,11.50,12.10
2022-05-09 20:54:28,1.10,142,48,20,0,0,0,0,0,6.50,6.22
2022-05-09 21:02:40,1.78,237,233,21,0,0,0,0,0,8.50,10.32
2022-05-09 21:02:45,1.02,239,238,21,0,0,0,0,0,6.50,6.32
2022-05-09 21:08:18,3.34,142,107,21,0,0,0,0,0,13.00,14.98
2022-05-09 21:10:42,4.42,194,140,21,0,0,0,0,0,52.00,9.12
2022-05-09 21:16:08,0.86,237,236,21,0,0,0,0,0,4.50,2.58
2022-05-09 21:16:08,3.70,237,144,21,0,0,0,0,0,15.00,17.98
2022-05-09 21:18:08,18.21,132,161,21,0,1,0,0,0,52.00,28.20
2022-05-09 21:18:14,3.30,140,145,21,0,0,0,0,0,13.50,16.75
2022-05-09 21:22:29,0.60,43,163,21,0,0,0,0,0,4.50,3.27
2022-05-09 21:24:06,5.90,144,188,21,0,0,0,0,0,22.50,27.95
2022-05-09 21:24:15,1.50,186,233,21,0,0,0,0,0,8.00,9.83
2022-05-09 21:25:54,2.47,161,236,21,0,0,0,0,0,11.00,11.75
2022-05-09 21:26:22,1.24,161,164,21,0,0,0,0,0,6.00,5.12
2022-05-09 21:29:30,1.90,263,141,21,0,0,0,0,0,9.50,10.97
2022-05-09 21:30:39,2.55,162,43,21,0,0,0,0,0,9.50,8.75
2022-05-09 21:36:32,1.30,239,75,21,0,0,0,0,0,6.50,5.53
2022-05-09 21:36:49,1.40,236,142,21,0,0,0,0,0,6.50,5.40
2022-05-09 21:38:16,3.24,161,239,21,0,0,0,0,0,12.00,11.60
2022-05-09 21:44:20,1.60,239,236,21,0,0,0,0,0,7.50,7.27
2022-05-09 21:46:27,2.55,164,141,21,0,0,0,0,0,10.00,10.22
2022-05-09 21:50:53,1.10,162,141,21,0,0,0,0,0,5.50,3.73
2022-05-09 21:51:08,21.10,132,66,21,0,1,0,0,0,55.50,30.22
2022-05-09 21:51:54,0.90,234,68,21,0,0,0,0,0,5.50,5.45
2022-05-09 21:53:47,1.30,48,229,21,0,0,0,0,0,7.00,8.00
2022-05-09 21:58:24,1.88,237,170,21,0,0,0,0,0,8.00,8.17
2022-05-09 22:01:11,17.60,132,100,22,0,1,0,0,0,52.00,32.13
2022-05-09 22:01:31,0.61,79,107,22,0,0,0,0,0,4.00,2.43
2022-05-09 22:01:50,17.85,132,74,22,0,1,0,0,0,52.00,29.62
2022-05-09 22:03:01,2.45,230,238,22,0,0,0,0,0,9.50,8.80
2022-05-09 22:06:41,1.53,170,237,22,0,0,0,0,0,6.50,5.62
2022-05-09 22:15:13,2.00,48,141,22,0,0,0,0,0,8.00,7.53
2022-05-09 22:18:38,1.50,163,48,22,0,0,0,0,0,7.50,7.48
2022-05-09 22:21:15,2.19,230,239,22,0,0,0,0,0,9.50,9.98
2022-05-09 22:38:04,2.21,151,42,22,0,0,0,0,0,10.50,11.93
2022-05-09 22:40:59,9.90,132,82,22,0,1,0,0,0,27.50,15.98
2022-05-09 22:45:11,1.42,237,143,22,0,0,0,0,0,7.00,6.58
2022-05-09 22:48:39,1.52,231,113,22,0,0,0,0,0,7.00,6.52
2022-05-09 22:57:12,3.48,141,234,22,0,0,0,0,0,13.50,15.53
2022-05-09 22:59:46,1.10,113,79,22,0,0,0,0,0,6.50,6.70
2022-05-09 23:01:19,2.70,79,229,23,0,0,0,0,0,9.50,7.42
2022-05-09 23:02:06,6.60,48,244,23,0,0,0,0,0,20.00,13.50
2022-05-09 23:04:13,1.30,161,143,23,0,0,0,0,0,6.50,6.35
2022-05-09 23:10:37,3.88,234,263,23,0,0,0,0,0,12.50,10.73
2022-05-09 23:12:08,0.50,162,229,23,0,0,0,0,0,6.00,6.28
2022-05-09 23:14:33,14.81,132,112,23,0,1,0,0,0,42.00,27.98
2022-05-09 23:15:19,18.17,132,232,23,0,1,0,0,0,52.00,29.48
2022-05-09 23:18:37,1.00,186,170,23,0,0,0,0,0,6.50,6.50
2022-05-09 23:20:08,10.11,138,97,23,0,1,0,0,0,34.50,34.20
2022-05-09 23:23:36,9.21,138,107,23,0,1,0,0,0,28.00,20.93
2022-05-09 23:25:23,5.25,249,75,23,0,0,0,0,0,15.50,14.07
2022-05-09 23:31:58,3.15,48,79,23,0,0,0,0,0,12.50,14.62
2022-05-09 23:33:23,2.80,246,231,23,0,0,0,0,0,12.00,12.42
2022-05-09 23:45:02,0.58,237,237,23,0,0,0,0,0,3.50,1.43
2022-05-09 23:46:28,15.90,132,36,23,0,1,0,0,0,52.50,48.68
2022-05-09 23:56:05,4.02,230,262,23,0,0,0,0,0,15.00,15.85
2022-05-09 23:58:04,0.64,90,68,23,0,0,0,0,0,4.50,3.55
2022-05-10 00:00:49,3.68,132,216,0,1,1,0,0,0,12.50,8.77
2022-05-10 00:03:30,1.20,233,164,0,1,0,0,0,0,6.50,6.03
2022-05-10 00:10:42,2.85,100,239,0,1,0,0,0,0,10.50,10.05
2022-05-10 00:15:54,19.32,132,142,0,1,1,0,0,0,52.00,37.27
2022-05-10 00:22:45,1.48,141,233,0,1,0,0,0,0,6.50,4.83
2022-05-10 00:24:37,17.93,132,256,0,1,1,0,0,0,49.00,27.42
2022-05-10 00:39:29,1.73,4,170,0,1,0,0,0,0,8.00,7.30
2022-05-10 00:44:16,5.13,230,13,0,1,0,0,0,0,17.50,18.50
2022-05-10 01:01:59,2.04,186,50,1,1,0,0,0,0,8.50,7.93
2022-05-10 01:03:32,0.40,79,79,1,1,0,0,0,0,4.00,2.47
2022-05-10 01:51:23,5.67,164,181,1,1,0,0,0,0,20.50,22.72
2022-05-10 01:58:43,3.81,249,80,1,1,0,0,0,0,14.50,15.43
2022-05-10 02:54:43,1.19,246,158,2,1,0,0,0,0,6.00,4.77
2022-05-10 03:19:21,2.56,166,116,3,1,0,0,0,0,12.19,15.42
2022-05-10 03:28:05,7.89,148,249,3,1,0,0,0,0,28.73,28.23
2022-05-10 04:56:37,2.20,79,186,4,1,0,0,0,0,10.00,10.40
2022-05-10 05:50:40,0.83,162,137,5,1,0,0,0,0,4.50,2.37
2022-05-10 06:03:21,1.00,237,170,6,1,0,0,0,0,5.50,4.70
2022-05-10 06:04:01,1.20,263,141,6,1,0,0,0,0,6.00,4.47
2022-05-10 06:09:22,2.04,170,236,6,1,0,0,0,0,8.00,6.58
2022-05-10 06:17:08,2.02,186,229,6,1,0,0,0,0,8.50,7.93
2022-05-10 06:27:08,1.42,263,163,6,1,0,0,0,0,6.00,4.53
2022-05-10 06:27:18,0.50,162,161,6,1,0,0,0,0,3.50,2.10
2022-05-10 06:31:02,0.90,186,234,6,1,0,0,0,0,5.50,4.73
2022-05-10 06:36:06,18.00,263,132,6,1,1,0,0,0,52.00,29.68
2022-05-10 06:50:25,1.89,249,164,6,1,0,0,0,0,8.50,9.38
2022-05-10 06:50:44,1.00,164,161,6,1,0,0,0,0,6.00,5.78
2022-05-10 06:55:01,1.05,43,142,6,1,0,0,0,0,6.00,4.78
2022-05-10 06:57:04,0.60,68,246,6,1,0,0,0,0,4.50,4.27
2022-05-10 06:58:58,1.70,48,229,6,1,0,0,0,0,9.50,12.02
2022-05-10 07:00:30,0.99,249,68,7,1,0,1,0,0,4.50,1.95
2022-05-10 07:00:50,19.44,238,1,7,1,1,1,0,0,71.00,36.08
2022-05-10 07:07:06,0.20,137,170,7,1,0,1,0,0,3.50,2.37
2022-05-10 07:07:12,3.04,143,151,7,1,0,1,0,0,10.50,8.13
2022-05-10 07:07:22,1.54,229,140,7,1,0,1,0,0,7.00,6.28
2022-05-10 07:07:49,16.80,132,161,7,1,1,1,0,0,52.00,82.50
2022-05-10 07:13:34,5.27,263,4,7,1,0,1,0,0,21.00,25.18
2022-05-10 07:13:38,19.94,132,143,7,1,1,1,0,0,52.00,77.13
2022-05-10 07:28:21,0.90,237,263,7,1,0,1,0,0,5.00,4.17
2022-05-10 07:29:55,1.86,246,50,7,1,0,1,0,0,9.00,9.92
2022-05-10 07:31:01,3.61,87,107,7,1,0,1,0,0,16.50,22.65
2022-05-10 07:31:27,1.57,263,238,7,1,0,1,0,0,7.00,7.02
2022-05-10 07:32:07,1.72,141,161,7,1,0,1,0,0,8.50,8.83
2022-05-10 07:37:39,2.03,186,233,7,1,0,1,0,0,12.00,17.15
2022-05-10 07:41:37,9.65,263,183,7,1,0,1,0,0,34.00,34.52
2022-05-10 07:47:02,0.70,236,141,7,1,0,1,0,0,5.50,6.43
2022-05-10 07:47:29,0.93,100,161,7,1,0,1,0,0,6.00,7.03
2022-05-10 07:47:50,5.89,43,161,7,1,0,1,0,0,27.00,39.17
2022-05-10 07:51:04,2.40,148,186,7,1,0,1,0,0,11.00,12.22
2022-05-10 07:55:40,0.69,100,230,7,1,0,1,0,0,5.00,5.37
2022-05-10 07:57:17,11.13,163,138,7,1,1,1,0,0,34.00,30.78
2022-05-10 08:00:57,0.72,143,143,8,1,0,1,0,0,5.00,5.57
2022-05-10 08:01:14,2.81,141,41,8,1,0,1,0,0,15.00,20.02
2022-05-10 08:11:15,1.70,107,161,8,1,0,1,0,0,8.00,8.25
2022-05-10 08:13:38,2.41,246,231,8,1,0,1,0,0,12.00,15.80
2022-05-10 08:15:15,0.80,233,141,8,1,0,1,0,0,5.00,4.48
2022-05-10 08:16:13,2.40,162,158,8,1,0,1,0,0,12.00,16.73
2022-05-10 08:19:12,1.58,186,161,8,1,0,1,0,0,9.00,11.27
2022-05-10 08:20:48,4.89,87,161,8,1,0,1,0,0,23.50,35.17
2022-05-10 08:23:45,1.10,140,237,8,1,0,1,0,0,8.50,11.12
2022-05-10 08:23:45,1.10,246,186,8,1,0,1,0,0,7.00,7.95
2022-05-10 08:24:34,18.61,132,4,8,1,1,1,0,0,52.00,93.45
2022-05-10 08:27:14,0.80,186,234,8,1,0,1,0,0,5.00,4.55
2022-05-10 08:29:37,6.62,48,244,8,1,0,1,0,0,21.00,15.68
2022-05-10 08:32:47,1.78,13,87,8,1,0,1,0,0,8.50,8.67
2022-05-10 08:33:56,1.29,90,90,8,1,0,1,0,0,9.00,12.52
2022-05-10 08:38:33,2.02,43,234,8,1,0,1,0,0,10.50,14.03
2022-05-10 08:41:46,1.59,211,90,8,1,0,1,0,0,7.50,7.97
2022-05-10 08:48:20,0.80,186,170,8,1,0,1,0,0,7.00,8.73
2022-05-10 08:50:35,1.04,100,170,8,1,0,1,0,0,9.00,13.23
2022-05-10 08:53:12,1.10,75,75,8,1,0,1,0,0,7.00,7.98
2022-05-10 08:56:43,1.20,239,151,8,1,0,1,0,0,7.00,7.65
2022-05-10 09:01:35,4.17,229,231,9,1,0,1,0,0,22.00,34.57
2022-05-10 09:06:23,1.71,75,166,9,1,0,1,0,0,8.50,9.55
2022-05-10 09:06:46,1.40,141,162,9,1,0,1,0,0,8.50,10.42
2022-05-10 09:10:08,0.90,170,234,9,1,0,1,0,0,6.00,7.97
2022-05-10 09:15:03,2.30,237,75,9,1,0,1,0,0,12.50,15.62
2022-05-10 09:16:58,1.60,236,140,9,1,0,1,0,0,10.50,14.30
2022-05-10 09:22:50,3.00,143,140,9,1,0,1,0,0,21.50,35.43
2022-05-10 09:24:44,7.60,138,75,9,1,1,1,0,0,23.50,23.65
2022-05-10 09:26:08,3.45,113,140,9,1,0,1,0,0,17.00,22.82
2022-05-10 09:35:53,1.38,186,233,9,1,0,1,0,0,10.00,14.87
2022-05-10 09:36:54,4.00,237,107,9,1,0,1,0,0,24.50,42.45
2022-05-10 09:37:30,0.60,163,163,9,1,0,1,0,0,4.50,3.40
2022-05-10 09:38:41,1.68,107,100,9,1,0,1,0,0,11.00,15.58
2022-05-10 09:43:47,2.20,186,143,9,1,0,1,0,0,12.00,16.75
2022-05-10 09:48:15,12.01,138,100,9,1,1,1,0,0,39.00,43.15
2022-05-10 09:52:13,0.94,236,237,9,1,0,1,0,0,8.00,10.72
2022-05-10 09:52:46,4.90,141,45,9,1,0,1,0,0,23.00,33.98
2022-05-10 09:53:36,1.10,163,237,9,1,0,1,0,0,9.50,13.47
2022-05-10 09:55:07,10.60,70,142,9,1,0,1,0,0,41.00,56.92
2022-05-10 09:55:49,5.29,163,13,9,1,0,1,0,0,25.00,37.87
2022-05-10 09:56:12,3.16,137,148,9,1,0,1,0,0,18.00,26.57
2022-05-10 09:56:31,3.00,237,246,9,1,0,1,0,0,19.00,29.62
2022-05-10 09:59:06,1.20,142,229,9,1,0,1,0,0,8.00,9.72
2022-05-10 10:00:29,4.30,140,113,10,1,0,0,0,0,19.50,26.62
2022-05-10 10:01:22,0.93,164,234,10,1,0,0,0,0,9.00,12.97
2022-05-10 10:02:59,1.81,163,236,10,1,0,0,0,0,14.50,22.55
2022-05-10 10:09:59,1.20,231,211,10,1,0,0,0,0,7.50,9.35
2022-05-10 10:10:10,0.80,114,232,10,1,0,0,0,0,6.00,6.40
2022-05-10 10:12:02,1.50,170,161,10,1,0,0,0,0,10.50,15.12
2022-05-10 10:13:25,1.23,141,140,10,1,0,0,0,0,6.50,6.77
2022-05-10 10:15:05,1.00,186,68,10,1,0,0,0,0,7.00,8.37
2022-05-10 10:16:50,2.81,238,140,10,1,0,0,0,0,17.00,25.50
2022-05-10 10:19:49,1.14,140,236,10,1,0,0,0,0,7.50,9.30
2022-05-10 10:24:40,1.14,262,236,10,1,0,0,0,0,8.50,11.18
2022-05-10 10:27:04,8.56,181,170,10,1,0,0,0,0,27.85,39.20
2022-05-10 10:28:42,7.77,262,13,10,1,0,0,0,0,23.00,15.60
2022-05-10 10:32:08,2.53,246,163,10,1,0,0,0,0,13.00,17.33
2022-05-10 10:33:29,10.33,132,135,10,1,1,0,0,0,33.00,32.45
2022-05-10 10:34:25,1.43,229,163,10,1,0,0,0,0,10.50,16.60
2022-05-10 10:35:56,2.04,162,262,10,1,0,0,0,0,12.00,16.85
2022-05-10 10:36:21,2.63,141,68,10,1,0,0,0,0,17.00,26.82
2022-05-10 10:40:26,0.91,90,68,10,1,0,0,0,0,6.00,5.92
2022-05-10 10:41:36,1.58,43,143,10,1,0,0,0,0,8.00,7.83
2022-05-10 10:45:23,4.10,168,47,10,1,0,0,0,0,15.50,18.48
2022-05-10 10:51:01,0.67,186,48,10,1,0,0,0,0,8.00,11.45
2022-05-10 10:58:18,0.60,170,162,10,1,0,0,0,0,5.00,4.32
2022-05-10 10:59:07,0.30,233,229,10,1,0,0,0,0,3.50,2.65
2022-05-10 11:01:23,0.90,107,137,11,1,0,0,0,0,5.00,4.37
2022-05-10 11:02:05,1.61,161,140,11,1,0,0,0,0,9.00,10.70
2022-05-10 11:02:10,10.50,138,230,11,1,1,0,0,0,36.50,47.27
2022-05-10 11:03:05,2.10,236,238,11,1,0,0,0,0,12.00,15.72
2022-05-10 11:03:42,1.52,236,239,11,1,0,0,0,0,7.00,6.63
2022-05-10 11:05:32,1.50,163,100,11,1,0,0,0,0,10.50,15.72
2022-05-10 11:07:22,1.54,100,142,11,1,0,0,0,0,10.50,14.43
2022-05-10 11:07:31,12.70,138,87,11,1,1,0,0,0,42.50,47.05
2022-05-10 11:07:33,6.40,263,114,11,1,0,0,0,0,23.00,22.53
2022-05-10 11:13:31,1.33,143,48,11,1,0,0,0,0,9.00,11.70
2022-05-10 11:21:38,3.06,68,237,11,1,0,0,0,0,20.00,32.02
2022-05-10 11:23:53,1.68,186,234,11,1,0,0,0,0,10.00,14.25
2022-05-10 11:24:15,3.38,164,232,11,1,0,0,0,0,12.50,10.83
2022-05-10 11:27:07,1.10,170,229,11,1,0,0,0,0,5.50,4.45
2022-05-10 11:33:35,2.33,107,237,11,1,0,0,0,0,14.15,17.98
2022-05-10 11:34:40,0.97,140,141,11,1,0,0,0,0,6.00,6.45
2022-05-10 11:39:11,1.60,170,229,11,1,0,0,0,0,9.00,11.93
2022-05-10 11:41:43,1.10,162,43,11,1,0,0,0,0,8.00,11.05
2022-05-10 11:41:53,1.98,246,163,11,1,0,0,0,0,12.50,17.10
2022-05-10 11:42:12,1.00,236,141,11,1,0,0,0,0,7.50,9.38
2022-05-10 11:44:47,2.87,262,161,11,1,0,0,0,0,20.50,33.42
2022-05-10 11:45:54,2.30,75,162,11,1,0,0,0,0,16.00,24.85
2022-05-10 11:46:06,0.85,161,237,11,1,0,0,0,0,6.00,7.02
2022-05-10 11:47:03,1.30,68,246,11,1,0,0,0,0,7.00,7.60
2022-05-10 11:48:41,1.30,140,236,11,1,0,0,0,0,7.50,8.73
2022-05-10 11:49:29,0.49,233,170,11,1,0,0,0,0,4.50,4.60
2022-05-10 11:50:35,0.90,140,140,11,1,0,0,0,0,7.50,10.42
2022-05-10 11:50:39,1.80,239,48,11,1,0,0,0,0,10.00,12.82
2022-05-10 11:52:51,2.00,170,107,11,1,0,0,0,0,15.50,24.98
2022-05-10 11:54:11,0.55,237,236,11,1,0,0,0,0,6.50,8.37
2022-05-10 11:54:39,0.50,43,43,11,1,0,0,0,0,8.00,10.93
2022-05-10 11:55:40,1.38,114,234,11,1,0,0,0,0,7.50,9.28
2022-05-10 12:01:57,1.90,234,125,12,1,0,0,0,0,9.00,10.08
2022-05-10 12:03:37,0.67,263,236,12,1,0,0,0,0,6.00,6.47
2022-05-10 12:07:24,1.00,141,237,12,1,0,0,0,0,9.00,12.20
2022-05-10 12:07:34,1.22,237,162,12,1,0,0,0,0,9.50,13.35
2022-05-10 12:08:40,11.99,138,107,12,1,1,0,0,0,36.50,34.03
2022-05-10 12:09:05,20.00,88,132,12,1,1,0,0,0,52.00,47.60
2022-05-10 12:13:49,2.14,170,68,12,1,0,0,0,0,12.50,18.67
2022-05-10 12:16:33,1.73,234,114,12,1,0,0,0,0,10.00,13.30
2022-05-10 12:17:18,1.84,114,170,12,1,0,0,0,0,10.00,12.68
2022-05-10 12:23:00,2.68,142,170,12,1,0,0,0,0,12.86,26.00
2022-05-10 12:23:42,1.40,186,163,12,1,0,0,0,0,9.00,13.10
2022-05-10 12:26:30,2.24,50,137,12,1,0,0,0,0,14.50,21.97
2022-05-10 12:30:34,1.70,236,229,12,1,0,0,0,0,13.50,20.65
2022-05-10 12:31:07,1.55,237,236,12,1,0,0,0,0,7.50,9.02
2022-05-10 12:35:01,0.81,170,107,12,1,0,0,0,0,5.50,4.95
2022-05-10 12:41:02,0.82,229,162,12,1,0,0,0,0,6.00,7.10
2022-05-10 12:41:55,2.20,186,79,12,1,0,0,0,0,14.00,19.85
2022-05-10 12:44:01,0.88,107,137,12,1,0,0,0,0,7.00,9.27
2022-05-10 12:45:55,1.11,142,100,12,1,0,0,0,0,8.50,11.90
2022-05-10 12:46:15,0.75,164,170,12,1,0,0,0,0,7.50,9.43
2022-05-10 12:52:58,1.08,163,162,12,1,0,0,0,0,10.50,16.15
2022-05-10 12:53:27,0.90,239,151,12,1,0,0,0,0,6.00,5.85
2022-05-10 12:54:04,17.36,163,132,12,1,1,0,0,0,52.00,48.98
2022-05-10 12:55:10,0.88,162,230,12,1,0,0,0,0,8.00,10.53
2022-05-10 12:56:27,0.99,236,237,12,1,0,0,0,0,8.00,10.43
2022-05-10 12:59:35,1.92,236,163,12,1,0,0,0,0,12.00,17.12
2022-05-10 13:00:57,1.26,233,141,13,1,0,0,0,0,7.50,8.87
2022-05-10 13:07:12,8.39,87,24,13,1,0,0,0,0,33.00,40.68
2022-05-10 13:07:27,0.64,161,164,13,1,0,0,0,0,5.00,4.88
2022-05-10 13:07:43,1.10,233,140,13,1,0,0,0,0,7.50,8.87
2022-05-10 13:07:47,2.67,211,170,13,1,0,0,0,0,13.00,17.95
2022-05-10 13:09:15,1.50,186,107,13,1,0,0,0,0,9.00,11.85
2022-05-10 13:14:13,5.45,107,25,13,1,0,0,0,0,18.00,15.82
2022-05-10 13:15:02,3.70,48,232,13,1,0,0,0,0,21.00,33.57
2022-05-10 13:21:26,0.98,161,234,13,1,0,0,0,0,7.00,8.28
2022-05-10 13:24:12,0.60,234,234,13,1,0,0,0,0,5.00,4.18
2022-05-10 13:30:37,6.96,132,76,13,1,1,0,0,0,21.50,17.10
2022-05-10 13:32:25,0.85,100,234,13,1,0,0,0,0,7.00,8.68
2022-05-10 13:41:16,0.50,162,237,13,1,0,0,0,0,6.00,6.52
2022-05-10 13:43:20,2.01,237,100,13,1,0,0,0,0,14.50,22.98
2022-05-10 13:46:55,0.60,234,186,13,1,0,0,0,0,5.50,5.60
2022-05-10 13:47:52,18.30,132,158,13,1,1,0,0,0,52.00,62.50
2022-05-10 13:51:05,2.10,68,79,13,1,0,0,0,0,12.00,16.93
2022-05-10 14:02:39,16.60,68,132,14,1,1,0,0,0,52.00,57.60
2022-05-10 14:03:05,2.00,239,161,14,1,0,0,0,0,12.50,18.97
2022-05-10 14:07:09,1.80,234,230,14,1,0,0,0,0,14.00,21.37
2022-05-10 14:12:32,0.59,161,230,14,1,0,0,0,0,7.50,10.10
2022-05-10 14:17:41,18.23,132,68,14,1,1,0,0,0,52.00,50.05
2022-05-10 14:20:41,0.91,164,43,14,1,0,0,0,0,7.00,8.05
2022-05-10 14:21:48,3.47,137,43,14,1,0,0,0,0,17.50,26.33
2022-05-10 14:26:56,7.82,246,244,14,1,0,0,0,0,28.00,29.22
2022-05-10 14:32:52,3.50,230,24,14,1,0,0,0,0,18.00,26.03
2022-05-10 14:33:54,1.00,162,141,14,1,0,0,0,0,6.50,8.97
2022-05-10 14:36:16,1.38,186,137,14,1,0,0,0,0,10.50,15.13
2022-05-10 14:39:08,3.10,237,113,14,1,0,0,0,0,16.00,22.28
2022-05-10 14:40:30,7.55,70,119,14,1,0,0,0,0,32.50,42.48
2022-05-10 14:41:43,1.10,43,151,14,1,0,0,0,0,6.50,7.18
2022-05-10 14:43:18,2.80,100,125,14,1,0,0,0,0,15.00,20.53
2022-05-10 14:48:03,1.20,230,164,14,1,0,0,0,0,10.50,15.33
2022-05-10 14:52:06,2.01,100,239,14,1,0,0,0,0,10.00,12.35
2022-05-10 14:57:12,0.90,50,246,14,1,0,0,0,0,4.50,2.05
2022-05-10 14:57:24,1.16,48,170,14,1,0,0,0,0,10.50,14.98
2022-05-10 14:57:53,2.90,87,211,14,1,0,0,0,0,15.00,21.33
2022-05-10 15:00:02,4.10,238,246,15,1,0,0,0,0,16.50,18.65
2022-05-10 15:00:15,1.70,141,239,15,1,0,0,0,0,12.00,16.77
2022-05-10 15:02:33,1.47,163,246,15,1,0,0,0,0,8.50,10.37
2022-05-10 15:03:11,15.85,163,132,15,1,1,0,0,0,52.00,71.37
2022-05-10 15:03:59,0.30,142,239,15,1,0,0,0,0,3.50,2.07
2022-05-10 15:04:55,1.80,170,237,15,1,0,0,0,0,11.00,15.28
2022-05-10 15:07:10,1.05,239,143,15,1,0,0,0,0,7.50,8.98
2022-05-10 15:07:28,6.34,163,88,15,1,0,0,0,0,25.50,31.13
2022-05-10 15:10:46,1.02,262,236,15,1,0,0,0,0,6.50,6.75
2022-05-10 15:10:55,1.60,237,48,15,1,0,0,0,0,13.50,20.27
2022-05-10 15:14:34,3.90,141,113,15,1,0,0,0,0,19.00,29.95
2022-05-10 15:16:54,4.80,113,255,15,1,0,0,0,0,24.00,33.10
2022-05-10 15:19:30,0.70,237,237,15,1,0,0,0,0,7.00,8.65
2022-05-10 15:20:44,9.41,132,122,15,1,1,0,0,0,32.00,35.07
2022-05-10 15:23:35,3.60,246,87,15,1,0,0,0,0,17.50,24.07
2022-05-10 15:26:12,1.04,231,211,15,1,0,0,0,0,6.50,6.77
2022-05-10 15:26:30,2.90,79,230,15,1,0,0,0,0,14.50,19.60
2022-05-10 15:31:42,6.19,13,170,15,1,0,0,0,0,21.50,19.93
2022-05-10 15:31:52,1.12,239,236,15,1,0,0,0,0,7.00,7.95
2022-05-10 15:36:18,2.70,263,194,15,1,0,0,0,0,10.50,10.38
2022-05-10 15:38:45,2.14,237,75,15,1,0,0,0,0,14.00,20.75
2022-05-10 15:39:16,1.55,170,237,15,1,0,0,0,0,8.50,10.38
2022-05-10 15:40:31,20.00,132,141,15,1,1,0,0,0,52.00,53.95
2022-05-10 15:40:57,1.89,162,107,15,1,0,0,0,0,9.50,11.40
2022-05-10 15:41:03,4.20,233,179,15,1,0,0,0,0,15.00,17.92
2022-05-10 15:44:52,10.30,132,82,15,1,1,0,0,0,52.00,29.50
2022-05-10 15:50:54,17.67,132,162,15,1,1,0,0,0,52.00,55.05
2022-05-10 15:51:08,2.49,137,186,15,1,0,0,0,0,10.00,13.77
2022-05-10 15:52:15,3.87,186,140,15,1,0,0,0,0,23.50,39.63
2022-05-10 15:53:45,12.73,132,56,15,1,1,0,0,0,30.00,30.73
2022-05-10 15:59:54,2.30,24,236,15,1,0,0,0,0,12.00,16.42
2022-05-10 16:02:15,1.50,236,162,16,1,0,0,1,0,11.00,15.40
2022-05-10 16:02:26,4.59,13,33,16,1,0,0,1,0,17.00,21.28
2022-05-10 16:03:43,1.59,249,231,16,1,0,0,1,0,10.00,13.20
2022-05-10 16:05:20,1.41,186,43,16,1,0,0,1,0,10.00,14.15
2022-05-10 16:05:53,1.12,170,237,16,1,0,0,1,0,7.00,8.73
2022-05-10 16:06:30,2.56,43,50,16,1,0,0,1,0,15.00,21.55
2022-05-10 16:09:48,1.48,246,90,16,1,0,0,1,0,8.00,8.90
2022-05-10 16:11:18,1.52,236,239,16,1,0,0,1,0,9.00,11.48
2022-05-10 16:11:49,1.69,239,237,16,1,0,0,1,0,9.00,10.37
2022-05-10 16:13:16,5.20,170,13,16,1,0,0,1,0,22.50,30.13
2022-05-10 16:15:17,2.02,234,148,16,1,0,0,1,0,12.00,16.65
2022-05-10 16:20:14,1.64,164,162,16,1,0,0,1,0,11.00,15.82
2022-05-10 16:20:34,17.50,132,233,16,1,1,0,1,0,52.00,53.52
2022-05-10 16:20:52,3.10,43,158,16,1,0,0,1,0,15.00,20.60
2022-05-10 16:22:47,2.55,162,75,16,1,0,0,1,0,12.00,15.73
2022-05-10 16:28:16,6.20,87,230,16,1,0,0,1,0,24.50,29.00
2022-05-10 16:28:25,1.15,236,140,16,1,0,0,1,0,8.50,10.65
2022-05-10 16:29:42,4.09,237,79,16,1,0,0,1,0,20.50,29.35
2022-05-10 16:36:01,1.53,142,238,16,1,0,0,1,0,7.00,7.48
2022-05-10 16:37:03,2.00,234,229,16,1,0,0,1,0,11.00,15.30
2022-05-10 16:38:21,0.95,186,137,16,1,0,0,1,0,7.50,9.57
2022-05-10 16:41:31,0.99,170,233,16,1,0,0,1,0,5.50,5.35
2022-05-10 16:42:09,2.48,163,107,16,1,0,0,1,0,14.21,19.00
2022-05-10 16:45:55,1.70,163,236,16,1,0,0,1,0,9.50,12.58
2022-05-10 16:46:02,0.76,161,163,16,1,0,0,1,0,6.50,7.58
2022-05-10 16:52:31,0.80,100,163,16,1,0,0,1,0,7.50,9.40
2022-05-10 17:02:39,1.69,246,230,17,1,0,0,1,0,15.00,23.53
2022-05-10 17:03:36,2.31,236,229,17,1,0,0,1,0,12.00,15.63
2022-05-10 17:03:52,10.52,138,161,17,1,1,0,1,0,36.50,38.45
2022-05-10 17:08:03,2.24,114,170,17,1,0,0,1,0,10.50,14.27
2022-05-10 17:10:04,1.30,141,262,17,1,0,0,1,0,8.00,10.17
2022-05-10 17:10:38,1.30,237,161,17,1,0,0,1,0,10.00,15.22
2022-05-10 17:11:33,1.60,163,170,17,1,0,0,1,0,9.50,12.65
2022-05-10 17:12:37,1.10,237,142,17,1,0,0,1,0,8.50,12.65
2022-05-10 17:19:31,0.65,239,239,17,1,0,0,1,0,6.00,6.43
2022-05-10 17:21:14,3.36,164,143,17,1,0,0,1,0,17.50,24.67
2022-05-10 17:21:38,3.92,13,164,17,1,0,0,1,0,15.00,16.70
2022-05-10 17:22:34,1.00,161,48,17,1,0,0,1,0,10.00,14.52
2022-05-10 17:29:54,9.60,138,230,17,1,1,0,1,0,32.00,32.22
2022-05-10 17:30:26,4.89,170,87,17,1,0,0,1,0,18.00,20.73
2022-05-10 17:31:42,0.88,238,239,17,1,0,0,1,0,6.00,6.25
2022-05-10 17:32:08,19.36,132,231,17,1,1,0,1,0,52.00,63.58
2022-05-10 17:35:39,0.60,236,262,17,1,0,0,1,0,5.00,4.83
2022-05-10 17:36:07,0.70,48,48,17,1,0,0,1,0,5.00,3.50
2022-05-10 17:37:00,4.96,146,138,17,1,1,0,1,0,20.45,19.00
2022-05-10 17:38:55,2.86,107,140,17,1,0,0,1,0,11.00,11.95
2022-05-10 17:38:58,2.20,100,141,17,1,0,0,1,0,13.50,20.05
2022-05-10 17:39:17,1.22,114,249,17,1,0,0,1,0,7.50,8.45
2022-05-10 17:41:04,1.30,237,43,17,1,0,0,1,0,9.00,11.77
2022-05-10 17:41:48,1.73,163,246,17,1,0,0,1,0,8.50,10.20
2022-05-10 17:43:17,3.12,263,107,17,1,0,0,1,0,14.00,18.63
2022-05-10 17:43:52,20.44,132,236,17,1,1,0,1,0,52.00,52.15
2022-05-10 17:45:24,0.63,236,263,17,1,0,0,1,0,5.00,4.47
2022-05-10 17:45:52,2.31,100,237,17,1,0,0,1,0,12.50,18.62
2022-05-10 17:47:52,2.07,113,161,17,1,0,0,1,0,10.50,13.47
2022-05-10 17:52:51,1.24,48,143,17,1,0,0,1,0,8.00,9.17
2022-05-10 17:53:04,2.30,75,141,17,1,0,0,1,0,13.00,18.23
2022-05-10 17:54:13,1.46,140,236,17,1,0,0,1,0,8.00,9.00
2022-05-10 17:55:30,2.44,114,230,17,1,0,0,1,0,10.50,11.28
2022-05-10 17:55:31,1.03,164,170,17,1,0,0,1,0,8.00,10.23
2022-05-10 17:55:38,3.31,246,140,17,1,0,0,1,0,16.50,23.77
2022-05-10 17:55:51,1.77,249,234,17,1,0,0,1,0,10.00,13.53
2022-05-10 17:57:53,4.42,140,249,17,1,0,0,1,0,20.56,26.53
2022-05-10 17:58:34,1.20,79,234,17,1,0,0,1,0,8.00,9.07
2022-05-10 17:59:26,2.56,239,161,17,1,0,0,1,0,15.00,22.17
2022-05-10 18:00:57,1.31,43,238,18,1,0,0,1,0,7.00,7.67
2022-05-10 18:01:06,2.47,186,229,18,1,0,0,1,0,15.50,23.67
2022-05-10 18:05:29,1.98,141,163,18,1,0,0,1,0,11.50,15.92
2022-05-10 18:11:14,1.87,162,234,18,1,0,0,1,0,11.50,15.12
2022-05-10 18:13:37,2.85,238,48,18,1,0,0,1,0,20.00,31.28
2022-05-10 18:14:48,1.20,68,113,18,1,0,0,1,0,8.00,9.72
2022-05-10 18:14:48,2.88,170,143,18,1,0,0,1,0,13.50,17.63
2022-05-10 18:16:09,0.98,236,140,18,1,0,0,1,0,7.00,8.05
2022-05-10 18:19:18,2.67,163,262,18,1,0,0,1,0,13.50,18.65
2022-05-10 18:23:01,0.92,48,143,18,1,0,0,1,0,6.50,6.60
2022-05-10 18:23:29,2.85,79,161,18,1,0,0,1,0,16.50,25.08
2022-05-10 18:25:57,3.85,161,41,18,1,0,0,1,0,14.50,18.25
2022-05-10 18:30:56,0.90,230,143,18,1,0,0,1,0,5.50,5.57
2022-05-10 18:34:37,1.56,163,142,18,1,0,0,1,0,8.50,10.67
2022-05-10 18:36:41,18.30,132,232,18,1,1,0,1,0,52.00,42.35
2022-05-10 18:36:59,1.30,161,142,18,1,0,0,1,0,7.50,8.50
2022-05-10 18:37:07,2.20,233,246,18,1,0,0,1,0,17.00,27.02
2022-05-10 18:37:12,2.35,170,246,18,1,0,0,1,0,13.50,19.55
2022-05-10 18:37:48,2.20,143,161,18,1,0,0,1,0,13.50,20.48
2022-05-10 18:41:12,1.14,68,230,18,1,0,0,1,0,10.00,13.88
2022-05-10 18:42:46,1.43,162,68,18,1,0,0,1,0,10.50,14.98
2022-05-10 18:44:43,0.98,43,161,18,1,0,0,1,0,10.50,15.90
2022-05-10 18:49:51,0.80,163,142,18,1,0,0,1,0,5.50,4.95
2022-05-10 18:53:57,0.67,263,236,18,1,0,0,1,0,4.50,3.47
2022-05-10 19:00:06,2.20,164,48,19,1,0,0,1,0,10.00,12.15
2022-05-10 19:00:32,2.48,238,50,19,1,0,0,1,0,11.00,11.83
2022-05-10 19:02:34,0.51,161,162,19,1,0,0,1,0,7.50,10.15
2022-05-10 19:04:26,1.29,163,50,19,1,0,0,1,0,10.00,13.57
2022-05-10 19:04:45,8.01,138,131,19,1,1,0,1,0,25.50,29.60
2022-05-10 19:07:52,0.87,137,234,19,1,0,0,1,0,7.00,7.98
2022-05-10 19:10:06,0.40,239,238,19,1,0,0,1,0,4.00,2.83
2022-05-10 19:10:14,2.70,144,48,19,1,0,0,1,0,13.00,19.63
2022-05-10 19:13:02,1.27,186,50,19,1,0,0,1,0,8.50,11.37
2022-05-10 19:13:34,0.60,162,141,19,1,0,0,1,0,4.00,2.82
2022-05-10 19:19:38,2.47,140,143,19,1,0,0,1,0,12.50,17.73
2022-05-10 19:20:46,19.40,132,125,19,1,1,0,1,0,52.00,42.40
2022-05-10 19:21:14,4.10,48,231,19,1,0,0,1,0,16.00,20.20
2022-05-10 19:23:05,17.67,186,132,19,1,1,0,1,0,52.00,60.72
2022-05-10 19:31:43,2.33,237,234,19,1,0,0,1,0,11.00,13.47
2022-05-10 19:31:59,2.30,163,238,19,1,0,0,1,0,10.50,11.30
2022-05-10 19:36:47,1.90,151,142,19,1,0,0,1,0,8.00,7.33
2022-05-10 19:39:03,2.13,151,152,19,1,0,0,1,0,10.00,11.83
2022-05-10 19:40:44,4.53,236,148,19,1,0,0,1,0,20.00,26.82
2022-05-10 19:41:46,1.50,249,68,19,1,0,0,1,0,8.00,8.28
2022-05-10 19:43:57,2.01,162,263,19,1,0,0,1,0,8.00,7.45
2022-05-10 19:48:56,2.08,170,79,19,1,0,0,1,0,9.00,10.03
2022-05-10 19:49:48,0.85,100,164,19,1,0,0,1,0,6.50,8.77
2022-05-10 19:52:10,0.74,249,113,19,1,0,0,1,0,5.00,4.65
2022-05-10 19:56:47,6.90,125,166,19,1,0,0,1,0,24.00,24.17
2022-05-10 19:59:20,1.50,237,170,19,1,0,0,1,0,7.00,7.43
2022-05-10 20:00:55,0.66,239,238,20,1,0,0,0,0,4.50,2.85
2022-05-10 20:01:26,2.87,68,237,20,1,0,0,0,0,12.50,16.15
2022-05-10 20:02:06,1.76,234,90,20,1,0,0,0,0,8.50,9.77
2022-05-10 20:05:18,3.04,161,262,20,1,0,0,0,0,12.00,15.02
2022-05-10 20:13:48,2.95,164,236,20,1,0,0,0,0,11.00,11.13
2022-05-10 20:15:08,1.70,48,90,20,1,0,0,0,0,7.50,7.23
2022-05-10 20:15:48,1.10,107,170,20,1,0,0,0,0,6.50,7.02
2022-05-10 20:18:41,1.10,137,79,20,1,0,0,0,0,6.50,6.40
2022-05-10 20:21:01,1.89,163,246,20,1,0,0,0,0,9.50,11.47
2022-05-10 20:22:32,1.55,263,141,20,1,0,0,0,0,7.50,7.25
2022-05-10 20:23:00,3.60,164,239,20,1,0,0,0,0,14.50,16.63
2022-05-10 20:23:15,1.71,186,107,20,1,0,0,0,0,9.50,11.95
2022-05-10 20:27:48,5.13,88,170,20,1,0,0,0,0,17.50,14.53
2022-05-10 20:28:06,0.95,162,141,20,1,0,0,0,0,5.00,2.95
2022-05-10 20:28:49,4.71,151,233,20,1,0,0,0,0,17.00,20.95
2022-05-10 20:32:29,1.16,161,237,20,1,0,0,0,0,7.00,7.13
2022-05-10 20:34:05,0.51,161,162,20,1,0,0,0,0,4.50,4.72
2022-05-10 20:36:07,1.90,68,231,20,1,0,0,0,0,8.50,9.18
2022-05-10 20:39:02,1.80,162,107,20,1,0,0,0,0,7.50,7.03
2022-05-10 20:39:33,0.90,237,237,20,1,0,0,0,0,5.00,3.47
2022-05-10 20:39:53,3.05,170,211,20,1,0,0,0,0,13.00,16.87
2022-05-10 20:42:03,2.00,234,48,20,1,0,0,0,0,11.50,14.73
2022-05-10 20:45:28,19.80,151,132,20,1,1,0,0,0,52.00,34.90
2022-05-10 20:47:16,2.00,229,236,20,1,0,0,0,0,8.00,7.10
2022-05-10 20:49:48,1.50,246,113,20,1,0,0,0,0,8.00,8.77
2022-05-10 20:50:24,1.10,48,142,20,1,0,0,0,0,6.50,6.60
2022-05-10 20:50:56,2.69,137,48,20,1,0,0,0,0,12.00,14.52
2022-05-10 20:51:05,0.84,90,68,20,1,0,0,0,0,5.50,4.88
2022-05-10 20:51:34,5.56,170,255,20,1,0,0,0,0,16.50,10.32
2022-05-10 20:55:01,2.10,113,186,20,1,0,0,0,0,9.50,11.72
2022-05-10 20:57:47,0.77,162,229,20,1,0,0,0,0,5.00,4.23
2022-05-10 20:58:42,5.55,246,256,20,1,0,0,0,0,21.00,24.97
2022-05-10 21:02:12,1.53,237,143,21,1,0,0,0,0,7.50,7.57
2022-05-10 21:03:01,1.79,236,239,21,1,0,0,0,0,7.00,6.08
2022-05-10 21:07:54,2.60,230,141,21,1,0,0,0,0,11.00,12.85
2022-05-10 21:09:34,3.60,142,107,21,1,0,0,0,0,16.00,21.65
2022-05-10 21:12:45,17.38,132,163,21,1,1,0,0,0,52.00,38.93
2022-05-10 21:13:46,2.61,229,79,21,1,0,0,0,0,9.50,8.73
2022-05-10 21:14:24,0.73,107,79,21,1,0,0,0,0,4.50,3.72
2022-05-10 21:15:17,0.68,236,262,21,1,0,0,0,0,4.50,3.05
2022-05-10 21:16:43,2.77,261,234,21,1,0,0,0,0,10.50,10.88
2022-05-10 21:17:02,0.97,48,68,21,1,0,0,0,0,6.00,6.58
2022-05-10 21:18:38,3.20,163,24,21,1,0,0,0,0,12.50,14.25
2022-05-10 21:23:07,0.35,164,186,21,1,0,0,0,0,4.50,3.73
2022-05-10 21:23:20,12.39,166,40,21,1,0,0,0,0,42.00,47.40
2022-05-10 21:27:38,17.98,132,186,21,1,1,0,0,0,52.00,30.10
2022-05-10 21:29:05,2.10,239,75,21,1,0,0,0,0,9.00,8.95
2022-05-10 21:33:26,0.26,148,4,21,1,0,0,0,0,3.50,1.95
2022-05-10 21:35:02,4.44,170,238,21,1,0,0,0,0,16.00,17.03
2022-05-10 21:36:24,2.40,249,233,21,1,0,0,0,0,11.00,16.22
2022-05-10 21:38:31,3.24,87,79,21,1,0,0,0,0,11.50,10.57
2022-05-10 21:40:52,1.70,237,239,21,1,0,0,0,0,8.00,8.88
2022-05-10 21:42:59,1.43,237,262,21,1,0,0,0,0,7.00,7.47
2022-05-10 21:43:15,2.13,107,229,21,1,0,0,0,0,8.50,8.55
2022-05-10 21:44:01,3.05,161,239,21,1,0,0,0,0,12.50,14.85
2022-05-10 21:45:21,7.29,161,33,21,1,0,0,0,0,23.50,20.22
2022-05-10 21:46:07,2.70,107,141,21,1,0,0,0,0,10.50,10.02
2022-05-10 21:46:39,3.18,142,146,21,1,0,0,0,0,14.00,17.63
2022-05-10 21:47:59,9.95,138,113,21,1,1,0,0,0,29.50,22.38
2022-05-10 21:50:16,3.29,79,261,21,1,0,0,0,0,13.00,13.70
2022-05-10 21:50:22,2.06,239,41,21,1,0,0,0,0,9.50,10.37
2022-05-10 21:52:06,17.40,132,162,21,1,1,0,0,0,52.00,32.42
2022-05-10 21:54:15,1.83,148,231,21,1,0,0,0,0,9.50,11.87
2022-05-10 21:55:00,1.51,163,236,21,1,0,0,0,0,7.00,6.97
2022-05-10 21:55:48,2.42,33,106,21,1,0,0,0,0,10.00,9.65
2022-05-10 21:56:22,1.74,231,68,21,1,0,0,0,0,8.00,8.52
2022-05-10 21:56:45,1.12,234,230,21,1,0,0,0,0,7.00,7.88
2022-05-10 22:01:48,0.60,107,170,22,1,0,0,0,0,4.50,4.05
2022-05-10 22:02:36,1.06,230,170,22,1,0,0,0,0,8.75,10.17
2022-05-10 22:03:43,1.36,249,164,22,1,0,0,0,0,7.00,6.60
2022-05-10 22:04:05,3.84,263,79,22,1,0,0,0,0,13.50,13.45
2022-05-10 22:06:31,1.90,162,50,22,1,0,0,0,0,10.00,15.10
2022-05-10 22:07:01,1.65,229,262,22,1,0,0,0,0,7.00,6.28
2022-05-10 22:08:51,2.93,186,148,22,1,0,0,0,0,12.50,16.00
2022-05-10 22:10:13,1.60,239,143,22,1,0,0,0,0,7.50,7.12
2022-05-10 22:10:49,8.36,70,164,22,1,0,0,0,0,24.50,15.97
2022-05-10 22:13:33,3.92,142,74,22,1,0,0,0,0,15.00,17.18
2022-05-10 22:14:23,3.10,144,230,22,1,0,0,0,0,17.00,24.45
2022-05-10 22:16:53,3.48,144,255,22,1,0,0,0,0,13.00,13.85
2022-05-10 22:21:31,0.83,163,141,22,1,0,0,0,0,6.50,7.72
2022-05-10 22:22:27,1.84,142,140,22,1,0,0,0,0,9.50,10.90
2022-05-10 22:22:48,3.50,164,263,22,1,0,0,0,0,12.50,13.42
2022-05-10 22:23:40,0.64,239,238,22,1,0,0,0,0,4.00,2.48
2022-05-10 22:24:01,0.95,237,141,22,1,0,0,0,0,6.00,6.53
2022-05-10 22:25:15,2.40,161,143,22,1,0,0,0,0,10.00,10.50
2022-05-10 22:33:26,2.20,229,143,22,1,0,0,0,0,10.00,12.18
2022-05-10 22:33:59,1.30,229,137,22,1,0,0,0,0,7.00,7.37
2022-05-10 22:38:10,2.74,234,141,22,1,0,0,0,0,12.00,14.32
2022-05-10 22:41:52,1.00,249,164,22,1,0,0,0,0,5.50,4.05
2022-05-10 22:43:26,2.31,249,87,22,1,0,0,0,0,13.92,10.95
2022-05-10 22:43:58,7.63,138,255,22,1,1,0,0,0,22.50,14.03
2022-05-10 22:47:26,4.47,230,223,22,1,0,0,0,0,17.00,20.97
2022-05-10 22:50:55,2.50,163,113,22,1,0,0,0,0,11.00,12.68
2022-05-10 22:51:09,1.00,163,143,22,1,0,0,0,0,6.00,6.00
2022-05-10 22:56:03,1.30,161,100,22,1,0,0,0,0,7.00,7.65
2022-05-10 22:58:27,1.57,142,162,22,1,0,0,0,0,8.50,8.48
2022-05-10 22:58:36,1.77,142,236,22,1,0,0,0,0,8.50,8.02
2022-05-10 22:59:42,2.50,162,249,22,1,0,0,0,0,10.50,12.18
2022-05-10 23:04:39,4.17,48,45,23,1,0,0,0,0,18.00,23.45
2022-05-10 23:04:49,4.47,263,7,23,1,0,0,0,0,16.00,17.08
2022-05-10 23:06:41,0.78,137,107,23,1,0,0,0,0,5.00,4.58
2022-05-10 23:15:17,1.19,231,249,23,1,0,0,0,0,5.50,4.27
2022-05-10 23:17:15,4.86,144,229,23,1,0,0,0,0,17.00,15.77
2022-05-10 23:17:17,2.00,43,141,23,1,0,0,0,0,9.00,8.57
2022-05-10 23:21:24,1.60,236,142,23,1,0,0,0,0,8.50,8.70
2022-05-10 23:37:53,1.61,163,170,23,1,0,0,0,0,7.50,7.75
2022-05-10 23:41:09,4.38,161,166,23,1,0,0,0,0,22.10,17.22
2022-05-10 23:46:54,1.22,48,68,23,1,0,0,0,0,5.50,4.22
2022-05-10 23:51:32,3.12,237,226,23,1,0,0,0,0,12.50,14.12
2022-05-10 23:51:40,3.10,37,49,23,1,0,0,0,0,12.50,13.85
2022-05-10 23:55:45,1.30,161,48,23,1,0,0,0,0,7.50,8.48
2022-05-11 00:07:32,1.21,233,100,0,2,0,0,0,0,7.50,8.45
2022-05-11 00:10:04,1.26,239,238,0,2,0,0,0,0,7.00,6.03
2022-05-11 00:15:52,1.00,211,144,0,2,0,0,0,0,6.50,7.00
2022-05-11 00:16:31,2.60,161,249,0,2,0,0,0,0,11.50,11.73
2022-05-11 00:23:12,1.97,152,238,0,2,0,0,0,0,9.00,8.97
2022-05-11 00:27:40,1.22,161,229,0,2,0,0,0,0,6.00,4.68
2022-05-11 00:33:58,5.16,230,261,0,2,0,0,0,0,17.50,17.12
2022-05-11 00:37:21,9.77,132,95,0,2,1,0,0,0,27.50,14.58
2022-05-11 00:48:09,1.50,141,161,0,2,0,0,0,0,6.00,3.62
2022-05-11 00:48:45,5.39,100,223,0,2,0,0,0,0,18.50,19.78
2022-05-11 00:58:06,4.94,148,112,0,2,0,0,0,0,16.50,14.18
2022-05-11 01:09:13,2.48,141,141,1,2,0,0,0,0,10.50,10.83
2022-05-11 01:15:27,4.25,79,181,1,2,0,0,0,0,15.50,16.82
2022-05-11 01:27:53,3.30,230,151,1,2,0,0,0,0,13.00,13.07
2022-05-11 04:06:46,1.57,231,234,4,2,0,0,0,0,7.00,5.10
2022-05-11 05:21:24,1.10,186,161,5,2,0,0,0,0,5.00,3.07
2022-05-11 05:46:21,9.66,164,138,5,2,1,0,0,0,27.00,15.75
2022-05-11 06:08:47,0.44,239,43,6,2,0,0,0,0,3.50,1.57
2022-05-11 06:24:58,2.37,48,238,6,2,0,0,0,0,9.50,9.13
2022-05-11 06:34:35,1.40,236,141,6,2,0,0,0,0,6.50,5.13
2022-05-11 06:37:05,1.89,142,236,6,2,0,0,0,0,8.50,7.40
2022-05-11 06:43:16,2.53,107,140,6,2,0,0,0,0,9.00,7.72
2022-05-11 06:43:27,8.34,262,138,6,2,1,0,0,0,24.00,16.17
2022-05-11 06:46:44,2.76,231,68,6,2,0,0,0,0,11.00,11.83
2022-05-11 06:48:46,3.39,41,161,6,2,0,0,0,0,13.00,13.03
2022-05-11 06:51:36,1.40,239,262,6,2,0,0,0,0,6.50,5.58
2022-05-11 07:07:09,0.50,161,233,7,2,0,1,0,0,4.00,3.00
2022-05-11 07:08:50,2.37,238,230,7,2,0,1,0,0,10.50,11.52
2022-05-11 07:10:29,0.56,162,161,7,2,0,1,0,0,5.00,5.07
2022-05-11 07:13:04,1.21,237,230,7,2,0,1,0,0,6.50,6.95
2022-05-11 07:18:00,2.37,236,161,7,2,0,1,0,0,10.00,11.20
2022-05-11 07:29:00,1.08,43,161,7,2,0,1,0,0,9.95,5.00
2022-05-11 07:29:13,0.54,141,237,7,2,0,1,0,0,4.50,4.02
2022-05-11 07:29:51,9.13,170,138,7,2,1,1,0,0,27.50,21.95
2022-05-11 07:29:58,1.28,107,161,7,2,0,1,0,0,6.50,6.63
2022-05-11 07:34:15,1.90,24,75,7,2,0,1,0,0,10.00,12.68
2022-05-11 07:37:29,1.89,161,246,7,2,0,1,0,0,9.00,9.52
2022-05-11 07:39:44,1.59,100,237,7,2,0,1,0,0,8.00,9.85
2022-05-11 07:41:09,2.42,186,142,7,2,0,1,0,0,13.50,18.97
2022-05-11 07:43:27,1.49,48,161,7,2,0,1,0,0,7.50,8.85
2022-05-11 07:46:59,0.72,230,100,7,2,0,1,0,0,5.00,4.57
2022-05-11 07:57:46,1.79,236,237,7,2,0,1,0,0,8.50,9.78
2022-05-11 07:58:56,1.39,234,246,7,2,0,1,0,0,9.00,11.95
2022-05-11 08:00:58,1.50,100,162,8,2,0,1,0,0,9.50,12.87
2022-05-11 08:02:09,1.37,163,161,8,2,0,1,0,0,8.00,9.38
2022-05-11 08:03:12,0.87,238,239,8,2,0,1,0,0,6.50,7.33
2022-05-11 08:07:45,8.19,132,95,8,2,1,1,0,0,27.00,29.65
2022-05-11 08:08:07,1.97,140,161,8,2,0,1,0,0,12.00,16.95
2022-05-11 08:13:00,2.53,42,238,8,2,0,1,0,0,11.00,13.20
2022-05-11 08:13:56,1.09,48,68,8,2,0,1,0,0,5.50,4.03
2022-05-11 08:15:23,1.30,186,161,8,2,0,1,0,0,10.00,14.57
2022-05-11 08:18:02,18.16,132,186,8,2,1,1,0,0,52.00,70.88
2022-05-11 08:22:31,2.07,262,162,8,2,0,1,0,0,8.50,8.38
2022-05-11 08:23:10,0.87,113,158,8,2,0,1,0,0,6.00,5.92
2022-05-11 08:30:01,2.91,162,113,8,2,0,1,0,0,14.00,19.25
2022-05-11 08:41:15,0.92,164,161,8,2,0,1,0,0,7.50,9.10
2022-05-11 08:41:23,7.03,52,164,8,2,0,1,0,0,25.50,25.80
2022-05-11 08:45:05,2.87,238,140,8,2,0,1,0,0,15.50,22.93
2022-05-11 08:46:45,0.50,142,142,8,2,0,1,0,0,4.50,4.12
2022-05-11 08:47:09,13.70,170,175,8,2,0,1,0,0,42.50,40.52
2022-05-11 08:55:00,5.74,239,211,8,2,0,1,0,0,26.13,29.00
2022-05-11 08:55:03,1.25,249,68,8,2,0,1,0,0,8.00,9.35
2022-05-11 08:58:00,6.65,148,75,8,2,0,1,0,0,25.87,21.00
2022-05-11 08:59:10,1.96,239,163,8,2,0,1,0,0,12.00,17.95
2022-05-11 09:00:04,4.22,13,230,9,2,0,1,0,0,23.00,33.05
2022-05-11 09:02:12,0.83,141,162,9,2,0,1,0,0,9.00,12.65
2022-05-11 09:03:04,1.57,238,41,9,2,0,1,0,0,8.50,9.73
2022-05-11 09:05:25,1.10,48,100,9,2,0,1,0,0,8.50,12.57
2022-05-11 09:05:52,3.33,164,236,9,2,0,1,0,0,17.50,25.07
2022-05-11 09:09:38,0.70,162,161,9,2,0,1,0,0,7.00,8.52
2022-05-11 09:18:31,1.30,186,233,9,2,0,1,0,0,13.00,20.22
2022-05-11 09:18:37,0.89,237,236,9,2,0,1,0,0,5.50,4.97
2022-05-11 09:19:57,2.90,186,236,9,2,0,1,0,0,23.00,40.67
2022-05-11 09:21:22,0.99,249,113,9,2,0,1,0,0,6.00,6.28
2022-05-11 09:22:30,2.03,48,164,9,2,0,1,0,0,12.50,18.60
2022-05-11 09:33:22,2.60,234,237,9,2,0,1,0,0,17.00,25.95
2022-05-11 09:36:46,1.51,140,162,9,2,0,1,0,0,11.00,15.63
2022-05-11 09:37:43,1.20,186,161,9,2,0,1,0,0,12.00,19.58
2022-05-11 09:42:17,2.45,100,141,9,2,0,1,0,0,15.00,23.10
2022-05-11 09:44:28,1.14,234,114,9,2,0,1,0,0,7.00,8.62
2022-05-11 09:45:36,2.04,142,229,9,2,0,1,0,0,13.50,20.13
2022-05-11 09:45:39,10.88,138,230,9,2,1,1,0,0,34.50,36.55
2022-05-11 09:49:40,19.44,132,263,9,2,1,1,0,0,52.00,46.22
2022-05-11 09:53:04,2.28,140,233,9,2,0,1,0,0,9.00,7.95
2022-05-11 09:55:55,1.30,263,75,9,2,0,1,0,0,6.00,4.58
2022-05-11 09:57:38,1.51,236,237,9,2,0,1,0,0,8.50,9.98
2022-05-11 09:57:57,2.30,141,230,9,2,0,1,0,0,11.50,15.57
2022-05-11 09:58:07,1.13,237,263,9,2,0,1,0,0,8.00,9.92
2022-05-11 09:58:16,3.90,211,237,9,2,0,1,0,0,20.50,31.50
2022-05-11 09:58:47,1.70,186,229,9,2,0,1,0,0,13.50,22.10
2022-05-11 09:58:54,2.05,142,186,9,2,0,1,0,0,11.00,14.50
2022-05-11 10:04:11,1.76,239,262,10,2,0,0,0,0,9.50,10.98
2022-05-11 10:04:35,4.60,239,137,10,2,0,0,0,0,16.50,16.17
2022-05-11 10:09:49,1.04,237,161,10,2,0,0,0,0,6.50,7.48
2022-05-11 10:09:58,2.56,161,249,10,2,0,0,0,0,14.00,20.57
2022-05-11 10:12:57,0.72,233,162,10,2,0,0,0,0,4.50,3.63
2022-05-11 10:14:26,2.05,239,166,10,2,0,0,0,0,11.00,12.72
2022-05-11 10:17:53,0.90,162,107,10,2,0,0,0,0,6.50,9.00
2022-05-11 10:20:10,1.70,141,161,10,2,0,0,0,0,11.00,15.03
2022-05-11 10:23:05,1.20,68,90,10,2,0,0,0,0,7.50,8.55
2022-05-11 10:24:00,1.37,163,141,10,2,0,0,0,0,9.00,12.28
2022-05-11 10:31:10,2.40,138,223,10,2,1,0,0,0,9.50,9.55
2022-05-11 10:31:51,1.28,161,234,10,2,0,0,0,0,7.00,8.48
2022-05-11 10:33:27,8.35,138,170,10,2,1,0,0,0,27.50,27.72
2022-05-11 10:36:32,1.27,43,236,10,2,0,0,0,0,6.50,5.82
2022-05-11 10:39:47,2.01,143,236,10,2,0,0,0,0,10.00,12.25
2022-05-11 10:48:15,5.91,161,88,10,2,0,0,0,0,20.00,18.42
2022-05-11 10:48:43,0.50,237,236,10,2,0,0,0,0,5.00,4.98
2022-05-11 10:49:49,1.30,170,237,10,2,0,0,0,0,9.50,12.30
2022-05-11 10:51:00,0.80,186,161,10,2,0,0,0,0,11.00,18.38
2022-05-11 10:51:52,1.30,161,68,10,2,0,0,0,0,10.50,14.85
2022-05-11 10:53:28,1.00,113,211,10,2,0,0,0,0,6.50,7.02
2022-05-11 10:53:32,0.90,170,161,10,2,0,0,0,0,8.50,11.62
2022-05-11 10:56:51,1.30,249,234,10,2,0,0,0,0,8.00,9.77
2022-05-11 10:58:01,2.58,24,143,10,2,0,0,0,0,13.00,17.07
2022-05-11 10:58:04,5.44,229,41,10,2,0,0,0,0,20.50,22.22
2022-05-11 11:02:32,2.78,229,239,11,2,0,0,0,0,14.00,19.98
2022-05-11 11:03:53,2.50,79,162,11,2,0,0,0,0,13.00,16.90
2022-05-11 11:04:03,2.87,107,261,11,2,0,0,0,0,17.00,27.35
2022-05-11 11:04:39,3.33,186,140,11,2,0,0,0,0,31.00,55.40
2022-05-11 11:05:18,7.30,138,112,11,2,1,0,0,0,23.00,21.08
2022-05-11 11:07:17,1.63,107,229,11,2,0,0,0,0,9.00,11.03
2022-05-11 11:08:51,1.69,48,246,11,2,0,0,0,0,7.50,6.70
2022-05-11 11:12:24,1.70,43,237,11,2,0,0,0,0,8.50,8.93
2022-05-11 11:15:49,0.99,162,230,11,2,0,0,0,0,9.00,12.05
2022-05-11 11:20:22,0.40,236,263,11,2,0,0,0,0,5.00,5.03
2022-05-11 11:23:25,0.67,162,137,11,2,0,0,0,0,5.00,4.70
2022-05-11 11:23:39,0.71,246,246,11,2,0,0,0,0,6.00,5.97
2022-05-11 11:24:40,5.20,263,90,11,2,0,0,0,0,25.00,36.63
2022-05-11 11:26:11,1.06,262,140,11,2,0,0,0,0,7.00,9.03
2022-05-11 11:27:16,2.40,170,211,11,2,0,0,0,0,11.00,13.43
2022-05-11 11:27:19,15.10,87,138,11,2,1,0,0,0,42.50,27.77
2022-05-11 11:29:36,2.54,230,113,11,2,0,0,0,0,13.00,17.98
2022-05-11 11:30:08,0.65,141,140,11,2,0,0,0,0,6.50,7.95
2022-05-11 11:34:23,2.07,237,234,11,2,0,0,0,0,14.00,21.73
2022-05-11 11:35:59,1.07,161,234,11,2,0,0,0,0,6.50,7.65
2022-05-11 11:36:59,1.80,90,142,11,2,0,0,0,0,13.00,21.00
2022-05-11 11:38:58,0.70,162,170,11,2,0,0,0,0,5.50,5.47
2022-05-11 11:40:11,1.20,158,234,11,2,0,0,0,0,7.50,9.42
2022-05-11 11:43:17,1.10,234,246,11,2,0,0,0,0,7.00,7.90
2022-05-11 11:44:37,19.91,132,244,11,2,1,0,0,0,52.00,42.40
2022-05-11 11:45:18,1.96,234,162,11,2,0,0,0,0,12.50,18.12
2022-05-11 11:46:20,1.81,116,166,11,2,0,0,0,0,9.00,10.28
2022-05-11 11:46:31,0.87,164,230,11,2,0,0,0,0,10.00,15.15
2022-05-11 11:48:45,1.00,234,170,11,2,0,0,0,0,7.00,8.53
2022-05-11 11:49:46,0.45,170,170,11,2,0,0,0,0,5.50,6.70
2022-05-11 11:50:39,0.58,107,170,11,2,0,0,0,0,5.00,4.60
2022-05-11 11:51:27,1.60,142,263,11,2,0,0,0,0,8.50,12.02
2022-05-11 11:51:46,1.46,234,68,11,2,0,0,0,0,10.00,14.42
2022-05-11 11:53:05,2.57,142,151,11,2,0,0,0,0,10.50,11.97
2022-05-11 11:53:24,1.22,186,249,11,2,0,0,0,0,6.50,6.88
2022-05-11 11:54:24,1.40,186,161,11,2,0,0,0,0,13.00,21.05
2022-05-11 11:55:07,1.28,230,143,11,2,0,0,0,0,9.50,13.00
2022-05-11 11:58:48,0.60,230,43,11,2,0,0,0,0,5.50,5.70
2022-05-11 11:59:12,2.67,142,234,11,2,0,0,0,0,16.50,26.55
2022-05-11 12:01:14,19.32,132,142,12,2,1,0,0,0,52.00,68.50
2022-05-11 12:04:47,1.30,186,163,12,2,0,0,0,0,11.50,17.40
2022-05-11 12:06:12,1.35,151,236,12,2,0,0,0,0,7.00,7.07
2022-05-11 12:06:49,3.60,237,166,12,2,0,0,0,0,15.00,19.22
2022-05-11 12:08:28,1.74,246,230,12,2,0,0,0,0,10.00,14.18
2022-05-11 12:09:04,1.60,43,239,12,2,0,0,0,0,9.00,11.43
2022-05-11 12:10:22,0.57,162,237,12,2,0,0,0,0,8.00,11.37
2022-05-11 12:10:59,2.46,162,90,12,2,0,0,0,0,16.50,25.32
2022-05-11 12:12:13,2.05,162,236,12,2,0,0,0,0,15.00,23.68
2022-05-11 12:12:32,0.75,237,236,12,2,0,0,0,0,6.00,7.38
2022-05-11 12:16:28,2.89,238,140,12,2,0,0,0,0,14.50,20.62
2022-05-11 12:16:29,1.13,262,141,12,2,0,0,0,0,7.00,8.73
2022-05-11 12:20:41,1.18,163,48,12,2,0,0,0,0,9.50,13.12
2022-05-11 12:25:23,2.45,141,164,12,2,0,0,0,0,14.00,19.77
2022-05-11 12:25:46,1.49,161,234,12,2,0,0,0,0,8.00,10.10
2022-05-11 12:32:58,3.98,163,211,12,2,0,0,0,0,19.00,28.17
2022-05-11 12:33:51,0.30,142,142,12,2,0,0,0,0,4.00,3.42
2022-05-11 12:34:43,8.88,138,239,12,2,1,0,0,0,30.00,31.17
2022-05-11 12:37:11,12.00,138,97,12,2,1,0,0,0,36.50,37.50
2022-05-11 12:37:27,1.20,113,107,12,2,0,0,0,0,9.50,13.60
2022-05-11 12:40:32,16.00,230,132,12,2,1,0,0,0,52.00,48.30
2022-05-11 12:42:16,2.01,24,75,12,2,0,0,0,0,11.50,16.00
2022-05-11 12:47:07,0.80,236,141,12,2,0,0,0,0,7.00,8.82
2022-05-11 12:51:59,18.70,151,132,12,2,1,0,0,0,52.00,49.43
2022-05-11 12:53:57,1.80,236,142,12,2,0,0,0,0,9.50,11.87
2022-05-11 12:59:53,1.95,142,238,12,2,0,0,0,0,9.00,10.45
2022-05-11 13:04:59,1.40,4,211,13,2,0,0,0,0,8.50,10.13
2022-05-11 13:05:42,7.97,151,78,13,2,0,0,0,0,32.00,50.62
2022-05-11 13:06:25,1.19,152,41,13,2,0,0,0,0,7.00,8.27
2022-05-11 13:07:02,0.70,68,100,13,2,0,0,0,0,11.50,18.47
2022-05-11 13:08:55,2.23,48,137,13,2,0,0,0,0,13.00,20.23
2022-05-11 13:09:25,0.90,74,263,13,2,0,0,0,0,5.50,4.77
2022-05-11 13:10:52,2.09,142,24,13,2,0,0,0,0,11.00,13.87
2022-05-11 13:12:03,1.40,263,140,13,2,0,0,0,0,7.50,9.23
2022-05-11 13:12:06,8.80,263,138,13,2,1,0,0,0,26.00,18.73
2022-05-11 13:12:41,1.71,50,170,13,2,0,0,0,0,10.50,14.35
2022-05-11 13:13:47,0.80,43,236,13,2,0,0,0,0,5.50,4.10
2022-05-11 13:15:17,1.77,68,234,13,2,0,0,0,0,10.50,14.37
2022-05-11 13:21:49,0.83,229,162,13,2,0,0,0,0,8.50,12.40
2022-05-11 13:21:50,1.50,162,237,13,2,0,0,0,0,11.50,16.82
2022-05-11 13:26:06,2.32,142,43,13,2,0,0,0,0,11.50,14.13
2022-05-11 13:28:02,12.00,132,49,13,2,1,0,0,0,40.00,42.15
2022-05-11 13:28:11,5.60,161,209,13,2,0,0,0,0,21.50,22.88
2022-05-11 13:33:05,0.50,170,170,13,2,0,0,0,0,6.00,7.37
2022-05-11 13:34:07,1.60,236,229,13,2,0,0,0,0,11.00,15.78
2022-05-11 13:36:42,2.13,170,158,13,2,0,0,0,0,11.50,15.48
2022-05-11 13:37:07,0.48,263,263,13,2,0,0,0,0,3.50,1.40
2022-05-11 13:37:59,1.41,237,163,13,2,0,0,0,0,9.50,12.48
2022-05-11 13:40:05,1.56,142,246,13,2,0,0,0,0,8.50,10.22
2022-05-11 13:40:30,3.60,79,25,13,2,0,0,0,0,16.50,21.68
2022-05-11 13:41:37,1.20,48,143,13,2,0,0,0,0,6.50,5.93
2022-05-11 13:44:19,1.10,230,100,13,2,0,0,0,0,9.50,13.43
2022-05-11 13:46:44,1.11,140,162,13,2,0,0,0,0,8.00,10.18
2022-05-11 13:49:20,19.64,132,236,13,2,1,0,0,0,52.00,54.47
2022-05-11 13:52:10,1.70,186,142,13,2,0,0,0,0,10.50,13.72
2022-05-11 13:52:39,3.70,211,217,13,2,0,0,0,0,20.00,27.23
2022-05-11 13:53:34,1.53,113,79,13,2,0,0,0,0,9.00,12.13
2022-05-11 13:55:24,1.00,186,230,13,2,0,0,0,0,9.00,13.37
2022-05-11 14:01:45,2.63,170,143,14,2,0,0,0,0,15.50,22.82
2022-05-11 14:01:53,18.28,113,132,14,2,1,0,0,0,52.00,70.48
2022-05-11 14:03:45,2.41,234,261,14,2,0,0,0,0,13.00,19.07
2022-05-11 14:06:48,0.90,161,170,14,2,0,0,0,0,6.00,6.52
2022-05-11 14:11:37,2.90,236,143,14,2,0,0,0,0,14.50,19.38
2022-05-11 14:18:47,0.30,164,230,14,2,0,0,0,0,4.50,4.55
2022-05-11 14:20:35,3.58,166,143,14,2,0,0,0,0,15.88,18.02
2022-05-11 14:22:32,5.86,87,140,14,2,0,0,0,0,20.00,20.52
2022-05-11 14:25:03,0.46,237,141,14,2,0,0,0,0,4.50,4.80
2022-05-11 14:29:03,0.88,161,48,14,2,0,0,0,0,8.50,12.10
2022-05-11 14:30:43,3.15,261,246,14,2,0,0,0,0,13.50,16.45
2022-05-11 14:31:22,1.35,142,237,14,2,0,0,0,0,9.50,12.47
2022-05-11 14:31:57,0.82,238,238,14,2,0,0,0,0,6.50,8.17
2022-05-11 14:33:58,1.14,169,94,14,2,0,0,0,0,11.50,17.72
2022-05-11 14:35:03,1.20,164,161,14,2,0,0,0,0,8.50,11.37
2022-05-11 14:38:34,10.20,138,161,14,2,1,0,0,0,31.00,31.02
2022-05-11 14:39:16,1.00,236,237,14,2,0,0,0,0,6.00,5.57
2022-05-11 14:42:43,0.83,142,142,14,2,0,0,0,0,6.00,6.22
2022-05-11 14:42:58,1.90,237,170,14,2,0,0,0,0,10.50,13.87
2022-05-11 14:43:10,0.95,229,170,14,2,0,0,0,0,6.00,6.77
2022-05-11 14:45:08,6.15,132,139,14,2,1,0,0,0,21.00,21.33
2022-05-11 14:46:02,2.32,239,161,14,2,0,0,0,0,13.00,17.85
2022-05-11 14:46:53,0.70,249,68,14,2,0,0,0,0,7.00,9.10
2022-05-11 14:47:42,8.60,138,162,14,2,1,0,0,0,26.50,23.18
2022-05-11 14:48:10,0.90,161,237,14,2,0,0,0,0,7.50,9.37
2022-05-11 14:48:18,1.50,229,263,14,2,0,0,0,0,9.00,13.58
2022-05-11 14:51:42,0.90,239,142,14,2,0,0,0,0,6.50,9.57
2022-05-11 14:52:09,1.30,90,246,14,2,0,0,0,0,8.50,10.90
2022-05-11 14:54:12,7.09,13,161,14,2,0,0,0,0,25.50,27.07
2022-05-11 14:56:24,2.38,161,236,14,2,0,0,0,0,15.50,23.43
2022-05-11 14:56:34,4.16,132,219,14,2,1,0,0,0,52.00,14.85
2022-05-11 14:57:56,21.83,132,48,14,2,1,0,0,0,52.00,80.82
2022-05-11 14:58:36,2.40,236,142,14,2,0,0,0,0,13.00,18.07
2022-05-11 15:04:36,7.20,142,97,15,2,0,0,0,0,34.50,53.10
2022-05-11 15:08:13,3.06,68,237,15,2,0,0,0,0,16.50,25.17
2022-05-11 15:11:01,10.13,138,237,15,2,1,0,0,0,34.50,40.15
2022-05-11 15:11:19,10.93,138,127,15,2,1,0,0,0,37.50,41.80
2022-05-11 15:12:11,0.60,164,170,15,2,0,0,0,0,5.00,5.02
2022-05-11 15:14:28,17.70,132,161,15,2,1,0,0,0,52.00,62.75
2022-05-11 15:18:03,1.50,48,186,15,2,0,0,0,0,7.50,9.05
2022-05-11 15:18:41,0.95,164,161,15,2,0,0,0,0,6.50,7.27
2022-05-11 15:20:23,1.92,238,75,15,2,0,0,0,0,11.50,15.08
2022-05-11 15:23:48,1.00,239,142,15,2,0,0,0,0,7.00,9.92
2022-05-11 15:25:53,1.04,125,13,15,2,0,0,0,0,7.50,9.83
2022-05-11 15:28:25,0.74,237,236,15,2,0,0,0,0,7.00,8.58
2022-05-11 15:28:37,0.73,249,113,15,2,0,0,0,0,5.50,5.73
2022-05-11 15:30:18,0.86,229,237,15,2,0,0,0,0,5.00,4.18
2022-05-11 15:31:12,1.20,238,166,15,2,0,0,0,0,8.50,10.27
2022-05-11 15:32:20,1.66,237,164,15,2,0,0,0,0,10.00,14.25
2022-05-11 15:34:51,3.12,246,237,15,2,0,0,0,0,14.00,19.35
2022-05-11 15:35:13,2.54,164,140,15,2,0,0,0,0,14.00,20.15
2022-05-11 15:36:39,1.11,163,236,15,2,0,0,0,0,6.00,5.70
2022-05-11 15:38:04,1.76,186,161,15,2,0,0,0,0,12.00,17.98
2022-05-11 15:38:06,1.23,238,239,15,2,0,0,0,0,7.00,7.75
2022-05-11 15:38:56,12.88,88,141,15,2,0,0,0,0,24.50,28.73
2022-05-11 15:41:36,5.72,236,246,15,2,0,0,0,0,20.00,26.58
2022-05-11 15:41:45,2.30,50,90,15,2,0,0,0,0,11.00,14.10
2022-05-11 15:42:16,2.07,151,237,15,2,0,0,0,0,10.50,12.93
2022-05-11 15:43:24,2.00,186,79,15,2,0,0,0,0,11.50,15.57
2022-05-11 15:43:52,1.47,230,163,15,2,0,0,0,0,10.00,13.92
2022-05-11 15:45:39,0.85,141,262,15,2,0,0,0,0,8.00,10.72
2022-05-11 15:47:21,1.01,234,137,15,2,0,0,0,0,6.50,7.43
2022-05-11 15:47:41,1.60,151,143,15,2,0,0,0,0,10.50,14.43
2022-05-11 15:50:38,2.30,236,166,15,2,0,0,0,0,10.50,11.95
2022-05-11 15:53:09,1.41,230,239,15,2,0,0,0,0,9.50,12.67
2022-05-11 15:53:46,2.54,170,140,15,2,0,0,0,0,11.00,13.53
2022-05-11 15:54:58,3.74,170,232,15,2,0,0,0,0,15.50,18.00
2022-05-11 15:54:59,0.82,237,237,15,2,0,0,0,0,6.50,6.95
2022-05-11 15:58:04,11.45,230,200,15,2,0,0,0,0,39.50,51.30
2022-05-11 15:58:18,2.75,79,230,15,2,0,0,0,0,15.21,24.27
2022-05-11 16:03:29,2.57,246,231,16,2,0,0,1,0,15.00,22.47
2022-05-11 16:03:58,2.50,246,144,16,2,0,0,1,0,14.00,20.93
2022-05-11 16:04:25,1.69,142,238,16,2,0,0,1,0,10.00,13.30
2022-05-11 16:04:32,1.50,236,239,16,2,0,0,1,0,9.00,11.48
2022-05-11 16:06:27,1.46,161,233,16,2,0,0,1,0,8.00,10.33
2022-05-11 16:08:02,15.60,10,75,16,2,0,0,1,0,52.00,34.50
2022-05-11 16:09:03,2.25,230,246,16,2,0,0,1,0,11.00,13.25
2022-05-11 16:11:00,19.03,141,132,16,2,1,0,1,0,52.00,80.13
2022-05-11 16:11:52,12.51,132,49,16,2,1,0,1,0,43.00,48.52
2022-05-11 16:11:55,1.30,107,186,16,2,0,0,1,0,7.50,9.22
2022-05-11 16:32:03,2.50,237,238,16,2,0,0,1,0,15.00,21.98
2022-05-11 16:39:57,4.20,100,145,16,2,0,0,1,0,21.00,32.35
2022-05-11 16:40:00,4.39,239,186,16,2,0,0,1,0,19.25,22.00
2022-05-11 16:47:37,1.59,211,90,16,2,0,0,1,0,8.00,8.63
2022-05-11 16:47:40,1.28,75,263,16,2,0,0,1,0,7.00,8.10
2022-05-11 16:48:43,1.38,234,144,16,2,0,0,1,0,8.00,10.33
2022-05-11 16:51:18,6.57,231,233,16,2,0,0,1,0,21.50,17.88
2022-05-11 16:52:16,1.04,237,140,16,2,0,0,1,0,10.50,15.85
2022-05-11 16:54:35,2.02,113,231,16,2,0,0,1,0,12.00,18.02
2022-05-11 16:56:04,3.38,263,142,16,2,0,0,1,0,17.50,24.43
2022-05-11 16:58:33,1.11,236,140,16,2,0,0,1,0,7.50,8.90
2022-05-11 16:59:34,1.96,50,186,16,2,0,0,1,0,9.50,12.37
2022-05-11 17:02:00,17.37,132,233,17,2,1,0,1,0,52.00,50.25
2022-05-11 17:02:38,2.27,114,87,17,2,0,0,1,0,13.00,18.80
2022-05-11 17:05:23,1.39,170,114,17,2,0,0,1,0,7.00,7.35
2022-05-11 17:05:43,2.58,140,74,17,2,0,0,1,0,12.50,17.32
2022-05-11 17:06:19,2.33,43,230,17,2,0,0,1,0,20.50,33.98
2022-05-11 17:10:48,0.79,161,230,17,2,0,0,1,0,15.00,25.42
2022-05-11 17:15:36,1.70,234,137,17,2,0,0,1,0,10.50,14.03
2022-05-11 17:15:51,14.38,132,7,17,2,1,0,1,0,40.50,33.43
2022-05-11 17:18:05,1.51,43,236,17,2,0,0,1,0,8.00,8.93
2022-05-11 17:18:40,1.49,79,164,17,2,0,0,1,0,8.50,10.45
2022-05-11 17:22:06,3.00,236,233,17,2,0,0,1,0,11.50,11.72
2022-05-11 17:22:08,0.46,161,161,17,2,0,0,1,0,6.50,8.13
2022-05-11 17:23:06,1.26,229,141,17,2,0,0,1,0,6.50,7.10
2022-05-11 17:23:26,1.94,246,249,17,2,0,0,1,0,9.00,10.27
2022-05-11 17:24:05,2.46,143,141,17,2,0,0,1,0,13.50,19.20
2022-05-11 17:25:21,2.60,161,114,17,2,0,0,1,0,14.50,20.83
2022-05-11 17:25:51,2.00,239,48,17,2,0,0,1,0,11.50,16.05
2022-05-11 17:29:21,2.46,239,162,17,2,0,0,1,0,13.50,18.43
2022-05-11 17:29:38,1.05,90,107,17,2,0,0,1,0,6.00,6.50
2022-05-11 17:32:37,1.09,163,170,17,2,0,0,1,0,9.50,13.37
2022-05-11 17:33:05,0.90,249,68,17,2,0,0,1,0,5.50,4.85
2022-05-11 17:34:02,9.42,164,138,17,2,1,0,1,0,30.00,36.67
2022-05-11 17:36:05,1.00,79,148,17,2,0,0,1,0,8.00,9.63
2022-05-11 17:40:52,0.70,151,238,17,2,0,0,1,0,5.00,4.02
2022-05-11 17:41:00,5.00,186,209,17,2,0,0,1,0,21.50,28.48
2022-05-11 17:42:33,0.90,239,142,17,2,0,0,1,0,6.00,5.37
2022-05-11 17:43:09,3.40,163,114,17,2,0,0,1,0,21.00,34.92
2022-05-11 17:44:09,0.80,237,233,17,2,0,0,1,0,7.00,8.87
2022-05-11 17:44:55,9.10,164,138,17,2,1,0,1,0,30.00,40.00
2022-05-11 17:47:29,0.80,163,230,17,2,0,0,1,0,8.00,11.43
2022-05-11 17:47:43,0.90,163,233,17,2,0,0,1,0,7.50,11.23
2022-05-11 17:50:31,1.30,186,163,17,2,0,0,1,0,9.00,12.25
2022-05-11 17:53:44,3.70,237,246,17,2,0,0,1,0,19.50,29.08
2022-05-11 17:53:50,0.90,48,143,17,2,0,0,1,0,7.00,8.55
2022-05-11 17:54:53,1.94,238,238,17,2,0,0,1,0,11.00,13.35
2022-05-11 17:55:32,18.51,132,125,17,2,1,0,1,0,52.00,60.13
2022-05-11 17:56:22,2.50,43,24,17,2,0,0,1,0,14.50,19.62
2022-05-11 17:57:12,1.90,170,246,17,2,0,0,1,0,15.00,22.72
2022-05-11 17:57:51,12.32,70,48,17,2,0,0,1,0,43.00,47.67
2022-05-11 17:59:43,2.61,237,137,17,2,0,0,1,0,14.50,20.37
2022-05-11 18:00:09,1.39,229,141,18,2,0,0,1,0,7.50,8.37
2022-05-11 18:00:53,1.50,237,263,18,2,0,0,1,0,11.50,16.32
2022-05-11 18:02:02,2.77,143,236,18,2,0,0,1,0,11.50,13.05
2022-05-11 18:02:25,0.70,236,237,18,2,0,0,1,0,5.00,5.32
2022-05-11 18:05:29,0.99,158,234,18,2,0,0,1,0,7.00,8.05
2022-05-11 18:06:11,0.97,186,48,18,2,0,0,1,0,6.50,7.15
2022-05-11 18:06:34,1.93,161,237,18,2,0,0,1,0,11.50,16.13
2022-05-11 18:07:31,1.21,237,263,18,2,0,0,1,0,7.50,8.55
2022-05-11 18:10:21,2.29,233,113,18,2,0,0,1,0,16.50,26.67
2022-05-11 18:11:47,0.70,237,43,18,2,0,0,1,0,6.00,6.52
2022-05-11 18:12:44,2.27,141,107,18,2,0,0,1,0,10.50,13.15
2022-05-11 18:13:09,1.60,230,239,18,2,0,0,1,0,10.00,13.20
2022-05-11 18:13:58,3.40,233,79,18,2,0,0,1,0,14.00,16.37
2022-05-11 18:13:59,2.00,143,238,18,2,0,0,1,0,10.00,12.60
2022-05-11 18:15:05,2.20,233,262,18,2,0,0,1,0,8.50,8.75
2022-05-11 18:17:22,1.35,141,262,18,2,0,0,1,0,6.50,5.62
2022-05-11 18:17:39,1.45,140,161,18,2,0,0,1,0,8.50,10.92
2022-05-11 18:20:55,2.36,142,229,18,2,0,0,1,0,12.00,15.40
2022-05-11 18:21:30,3.89,68,239,18,2,0,0,1,0,17.50,22.95
2022-05-11 18:22:51,1.10,141,229,18,2,0,0,1,0,5.50,4.42
2022-05-11 18:25:05,0.67,142,143,18,2,0,0,1,0,6.00,6.37
2022-05-11 18:26:44,2.50,262,142,18,2,0,0,1,0,11.50,14.12
2022-05-11 18:28:43,3.61,170,13,18,2,0,0,1,0,16.50,22.75
2022-05-11 18:34:07,1.59,107,229,18,2,0,0,1,0,9.00,11.03
2022-05-11 18:34:12,1.14,43,162,18,2,0,0,1,0,8.00,9.62
2022-05-11 18:38:56,10.31,237,76,18,2,0,0,1,0,37.50,49.98
2022-05-11 18:39:08,2.45,263,166,18,2,0,0,1,0,12.00,15.18
2022-05-11 18:40:10,3.00,236,164,18,2,0,0,1,0,17.00,25.45
2022-05-11 18:41:14,0.40,163,230,18,2,0,0,1,0,6.00,7.03
2022-05-11 18:41:57,5.33,141,148,18,2,0,0,1,0,22.35,23.13
2022-05-11 18:43:53,16.22,132,255,18,2,1,0,1,0,47.00,35.33
2022-05-11 18:44:04,15.93,132,145,18,2,1,0,1,0,44.00,29.12
2022-05-11 18:44:11,2.73,13,68,18,2,0,0,1,0,13.67,11.78
2022-05-11 18:45:36,1.03,186,249,18,2,0,0,1,0,6.00,5.57
2022-05-11 18:48:00,9.75,138,151,18,2,1,0,1,0,32.00,34.03
2022-05-11 18:49:00,0.50,163,230,18,2,0,0,1,0,6.50,8.60
2022-05-11 18:52:07,1.53,230,90,18,2,0,0,1,0,13.00,20.47
2022-05-11 18:54:20,1.10,237,236,18,2,0,0,1,0,6.00,5.53
2022-05-11 18:56:24,1.64,234,148,18,2,0,0,1,0,10.50,14.88
2022-05-11 18:56:27,1.22,246,158,18,2,0,0,1,0,7.00,7.75
2022-05-11 18:57:43,0.87,140,233,18,2,0,0,1,0,5.00,3.72
2022-05-11 18:59:38,5.68,162,87,18,2,0,0,1,0,19.50,19.47
2022-05-11 19:00:39,1.74,161,237,19,2,0,0,1,0,9.50,12.00
2022-05-11 19:01:50,0.86,75,74,19,2,0,0,1,0,5.00,3.35
2022-05-11 19:03:33,1.22,161,48,19,2,0,0,1,0,9.00,12.37
2022-05-11 19:03:40,3.45,88,79,19,2,0,0,1,0,13.50,11.95
2022-05-11 19:07:16,1.73,238,142,19,2,0,0,1,0,9.00,10.27
2022-05-11 19:10:07,2.43,161,262,19,2,0,0,1,0,11.00,14.42
2022-05-11 19:16:31,0.65,68,48,19,2,0,0,1,0,4.00,2.25
2022-05-11 19:18:44,4.81,74,230,19,2,0,0,1,0,18.50,24.72
2022-05-11 19:18:56,2.19,140,238,19,2,0,0,1,0,10.50,12.28
2022-05-11 19:22:56,1.37,163,164,19,2,0,0,1,0,8.50,11.72
2022-05-11 19:25:12,1.54,113,144,19,2,0,0,1,0,9.00,11.55
2022-05-11 19:25:30,1.68,164,113,19,2,0,0,1,0,8.50,10.25
2022-05-11 19:26:09,0.80,141,263,19,2,0,0,1,0,5.00,3.92
2022-05-11 19:30:25,1.00,137,186,19,2,0,0,1,0,8.00,10.18
2022-05-11 19:35:43,1.60,43,161,19,2,0,0,1,0,8.50,9.83
2022-05-11 19:45:50,0.90,68,230,19,2,0,0,1,0,6.50,7.38
2022-05-11 19:46:18,18.10,148,132,19,2,1,0,1,0,52.00,35.37
2022-05-11 19:50:33,0.62,48,48,19,2,0,0,1,0,6.50,8.38
2022-05-11 19:51:27,3.51,164,263,19,2,0,0,1,0,14.00,16.47
2022-05-11 19:51:59,9.95,138,249,19,2,1,0,1,0,30.00,23.85
2022-05-11 19:52:41,2.23,230,113,19,2,0,0,1,0,10.50,12.67
2022-05-11 19:56:57,1.78,170,107,19,2,0,0,1,0,6.50,6.80
2022-05-11 20:00:25,2.95,79,161,20,2,0,0,0,0,12.00,14.72
2022-05-11 20:03:10,1.40,107,249,20,2,0,0,0,0,10.50,16.53
2022-05-11 20:08:25,15.96,132,255,20,2,1,0,0,0,43.00,28.12
2022-05-11 20:11:10,1.20,48,142,20,2,0,0,0,0,7.00,7.35
2022-05-11 20:13:22,0.50,141,141,20,2,0,0,0,0,4.00,2.83
2022-05-11 20:14:16,0.64,237,140,20,2,0,0,0,0,6.00,6.90
2022-05-11 20:16:09,1.43,163,239,20,2,0,0,0,0,7.50,8.13
2022-05-11 20:17:53,0.80,230,163,20,2,0,0,0,0,5.50,5.23
2022-05-11 20:18:17,19.70,132,262,20,2,1,0,0,0,52.00,33.00
2022-05-11 20:19:01,1.91,163,161,20,2,0,0,0,0,10.00,14.25
2022-05-11 20:19:48,0.90,48,143,20,2,0,0,0,0,5.50,4.67
2022-05-11 20:22:59,1.37,164,162,20,2,0,0,0,0,8.00,9.85
2022-05-11 20:24:49,3.27,162,4,20,2,0,0,0,0,12.50,12.55
2022-05-11 20:25:58,1.77,164,229,20,2,0,0,0,0,10.00,12.62
2022-05-11 20:27:44,1.81,125,68,20,2,0,0,0,0,9.00,10.22
2022-05-11 20:30:08,0.44,263,141,20,2,0,0,0,0,3.50,1.77
2022-05-11 20:31:36,1.74,75,74,20,2,0,0,0,0,8.00,8.43
2022-05-11 20:32:17,2.80,170,75,20,2,0,0,0,0,11.00,12.27
2022-05-11 20:34:09,0.79,170,186,20,2,0,0,0,0,6.00,6.93
2022-05-11 20:35:20,1.79,234,161,20,2,0,0,0,0,9.50,11.78
2022-05-11 20:36:29,1.77,166,41,20,2,0,0,0,0,9.00,10.92
2022-05-11 20:37:30,10.18,142,255,20,2,0,0,0,0,33.50,33.83
2022-05-11 20:46:40,0.81,229,170,20,2,0,0,0,0,5.00,3.78
2022-05-11 20:48:10,1.52,246,137,20,2,0,0,0,0,9.00,11.13
2022-05-11 20:50:40,0.84,211,144,20,2,0,0,0,0,5.50,6.13
2022-05-11 20:50:42,6.82,163,97,20,2,0,0,0,0,28.19,32.55
2022-05-11 20:50:44,1.00,162,140,20,2,0,0,0,0,5.50,7.00
2022-05-11 20:53:22,1.43,142,161,20,2,0,0,0,0,7.50,8.57
2022-05-11 20:54:04,1.36,79,211,20,2,0,0,0,0,7.00,7.43
2022-05-11 20:54:14,0.63,249,113,20,2,0,0,0,0,5.50,6.12
2022-05-11 20:57:22,2.35,48,236,20,2,0,0,0,0,10.50,11.28
2022-05-11 20:58:00,25.30,87,117,20,2,0,0,0,0,64.76,46.00
2022-05-11 21:01:11,11.85,132,17,21,2,1,0,0,0,36.00,32.90
2022-05-11 21:01:25,3.50,113,237,21,2,0,0,0,0,15.00,19.20
2022-05-11 21:02:59,2.13,170,237,21,2,0,0,0,0,10.00,11.72
2022-05-11 21:03:47,2.40,50,238,21,2,0,0,0,0,9.50,8.83
2022-05-11 21:06:53,2.28,229,263,21,2,0,0,0,0,8.50,7.93
2022-05-11 21:07:45,0.60,236,236,21,2,0,0,0,0,4.00,2.32
2022-05-11 21:15:09,20.30,132,144,21,2,1,0,0,0,52.00,40.80
2022-05-11 21:15:40,1.00,142,239,21,2,0,0,0,0,5.00,3.25
2022-05-11 21:17:43,1.20,90,137,21,2,0,0,0,0,7.50,9.27
2022-05-11 21:17:43,9.26,137,62,21,2,0,0,0,0,30.00,33.67
2022-05-11 21:19:24,1.20,79,125,21,2,0,0,0,0,7.00,7.20
2022-05-11 21:21:52,1.32,161,141,21,2,0,0,0,0,8.00,8.63
2022-05-11 21:34:28,6.86,158,263,21,2,0,0,0,0,25.50,28.03
2022-05-11 21:35:36,16.89,132,164,21,2,1,0,0,0,52.00,34.77
2022-05-11 21:36:33,1.60,249,170,21,2,0,0,0,0,8.00,9.12
2022-05-11 21:37:03,9.80,263,255,21,2,0,0,0,0,30.50,25.13
2022-05-11 21:39:16,2.76,236,170,21,2,0,0,0,0,11.00,11.78
2022-05-11 21:39:35,5.75,142,261,21,2,0,0,0,0,21.50,24.32
2022-05-11 21:43:41,3.03,100,140,21,2,0,0,0,0,12.00,13.90
2022-05-11 21:48:51,1.16,234,186,21,2,0,0,0,0,7.50,8.35
2022-05-11 21:52:16,1.16,141,163,21,2,0,0,0,0,7.00,8.23
2022-05-11 21:54:05,2.60,141,48,21,2,0,0,0,0,13.00,17.00
2022-05-11 21:55:04,5.40,179,48,21,2,0,0,0,0,22.00,29.32
2022-05-11 21:57:28,0.80,141,262,21,2,0,0,0,0,4.00,2.12
2022-05-11 21:57:57,1.02,144,79,21,2,0,0,0,0,6.50,7.07
2022-05-11 22:00:15,16.14,132,170,22,2,1,0,0,0,52.00,23.85
2022-05-11 22:00:40,2.20,164,141,22,2,0,0,0,0,9.50,10.20
2022-05-11 22:01:02,4.41,148,261,22,2,0,0,0,0,16.50,17.18
2022-05-11 22:05:00,7.97,231,74,22,2,0,0,0,0,30.49,28.00
2022-05-11 22:06:03,2.51,137,140,22,2,0,0,0,0,9.00,7.25
2022-05-11 22:08:08,4.55,79,230,22,2,0,0,0,0,17.00,17.95
2022-05-11 22:08:25,2.81,236,186,22,2,0,0,0,0,13.00,16.28
2022-05-11 22:09:05,1.50,162,186,22,2,0,0,0,0,8.50,10.43
2022-05-11 22:12:37,3.24,162,145,22,2,0,0,0,0,13.50,16.87
2022-05-11 22:13:06,5.95,163,13,22,2,0,0,0,0,23.50,28.37
2022-05-11 22:13:56,0.99,162,230,22,2,0,0,0,0,6.50,7.02
2022-05-11 22:21:00,7.01,229,52,22,2,0,0,0,0,21.50,17.37
2022-05-11 22:22:43,0.20,261,88,22,2,0,0,0,0,3.00,2.65
2022-05-11 22:22:55,0.90,170,107,22,2,0,0,0,0,5.50,4.43
2022-05-11 22:24:02,1.78,48,164,22,2,0,0,0,0,8.50,9.72
2022-05-11 22:25:02,8.22,151,45,22,2,0,0,0,0,26.50,24.52
2022-05-11 22:26:11,1.16,161,100,22,2,0,0,0,0,7.00,7.47
2022-05-11 22:26:41,1.60,234,48,22,2,0,0,0,0,8.50,10.55
2022-05-11 22:29:19,2.10,142,141,22,2,0,0,0,0,9.00,9.13
2022-05-11 22:29:30,1.60,229,48,22,2,0,0,0,0,9.00,11.48
2022-05-11 22:30:51,2.81,48,114,22,2,0,0,0,0,13.00,17.32
2022-05-11 22:32:41,2.84,113,163,22,2,0,0,0,0,13.00,17.05
2022-05-11 22:34:56,5.40,164,49,22,2,0,0,0,0,20.00,23.65
2022-05-11 22:37:12,3.60,186,13,22,2,0,0,0,0,15.50,19.07
2022-05-11 22:42:07,3.93,42,163,22,2,0,0,0,0,15.00,15.67
2022-05-11 22:52:08,8.90,162,25,22,2,0,0,0,0,31.00,33.17
2022-05-11 22:53:10,1.76,107,233,22,2,0,0,0,0,7.50,6.98
2022-05-11 22:53:19,11.60,138,48,22,2,1,0,0,0,34.00,23.78
2022-05-11 22:54:11,2.50,48,141,22,2,0,0,0,0,11.00,13.00
2022-05-11 22:54:50,0.41,230,230,22,2,0,0,0,0,4.00,2.70
2022-05-11 22:57:13,1.90,48,229,22,2,0,0,0,0,11.50,16.08
2022-05-11 22:58:28,2.21,114,87,22,2,0,0,0,0,12.00,16.42
2022-05-11 23:00:58,1.00,113,68,23,2,0,0,0,0,7.00,7.53
2022-05-11 23:01:44,1.57,170,113,23,2,0,0,0,0,9.00,10.28
2022-05-11 23:02:23,1.29,170,48,23,2,0,0,0,0,8.00,9.53
2022-05-11 23:06:30,18.40,132,48,23,2,1,0,0,0,52.00,39.48
2022-05-11 23:07:29,1.48,158,114,23,2,0,0,0,0,8.50,11.00
2022-05-11 23:15:00,4.96,36,188,23,2,0,0,0,0,21.52,20.00
2022-05-11 23:16:34,0.92,234,107,23,2,0,0,0,0,6.00,6.55
2022-05-11 23:19:17,0.60,79,107,23,2,0,0,0,0,4.50,5.33
2022-05-11 23:24:33,2.10,114,186,23,2,0,0,0,0,10.00,12.22
2022-05-11 23:26:57,2.49,186,144,23,2,0,0,0,0,10.50,10.48
2022-05-11 23:27:36,5.13,229,256,23,2,0,0,0,0,19.00,22.47
2022-05-11 23:30:28,1.10,113,164,23,2,0,0,0,0,6.50,6.37
2022-05-11 23:31:45,5.79,48,223,23,2,0,0,0,0,21.00,25.38
2022-05-11 23:33:18,4.01,233,255,23,2,0,0,0,0,16.50,20.78
2022-05-11 23:39:01,3.54,48,263,23,2,0,0,0,0,13.50,14.25
2022-05-11 23:41:59,4.60,132,215,23,2,1,0,0,0,14.50,7.18
2022-05-11 23:43:58,1.01,186,161,23,2,0,0,0,0,5.50,5.13
2022-05-11 23:44:08,2.10,158,90,23,2,0,0,0,0,9.50,10.30
2022-05-11 23:44:38,8.91,138,217,23,2,1,0,0,0,25.00,12.28
2022-05-11 23:51:02,3.97,107,255,23,2,0,0,0,0,15.00,17.10
2022-05-11 23:53:22,1.16,144,113,23,2,0,0,0,0,7.00,7.95
2022-05-11 23:53:52,6.90,48,244,23,2,0,0,0,0,20.50,11.68
2022-05-11 23:55:17,18.97,132,229,23,2,1,0,0,0,52.00,25.50
2022-05-11 23:59:53,1.80,79,231,23,2,0,0,0,0,9.50,10.65
2022-05-12 00:00:37,1.57,234,4,0,3,0,0,0,0,9.00,10.80
2022-05-12 00:09:09,3.70,100,144,0,3,0,0,0,0,16.00,21.30
2022-05-12 00:17:20,1.86,48,239,0,3,0,0,0,0,8.50,8.93
2022-05-12 00:21:13,3.21,148,68,0,3,0,0,0,0,14.00,17.38
2022-05-12 00:21:22,1.20,43,238,0,3,0,0,0,0,6.00,4.73
2022-05-12 00:37:52,3.20,142,114,0,3,0,0,0,0,14.00,18.40
2022-05-12 00:40:56,1.86,107,232,0,3,0,0,0,0,9.50,11.23
2022-05-12 00:49:38,0.93,249,79,0,3,0,0,0,0,7.00,7.67
2022-05-12 01:09:24,1.34,224,107,1,3,0,0,0,0,7.00,7.68
2022-05-12 01:24:30,6.60,246,75,1,3,0,0,0,0,23.00,26.37
2022-05-12 01:26:25,1.30,48,246,1,3,0,0,0,0,6.00,4.13
2022-05-12 01:31:01,1.00,68,158,1,3,0,0,0,0,5.00,3.82
2022-05-12 01:32:03,2.60,125,87,1,3,0,0,0,0,11.00,11.97
2022-05-12 01:37:10,3.11,158,261,1,3,0,0,0,0,12.00,12.73
2022-05-12 02:01:40,1.39,164,249,2,3,0,0,0,0,6.50,4.70
2022-05-12 02:15:19,6.29,48,42,2,3,0,0,0,0,20.00,16.13
2022-05-12 02:48:52,0.73,230,48,2,3,0,0,0,0,5.00,4.03
2022-05-12 02:58:37,3.02,164,143,2,3,0,0,0,0,12.00,13.17
2022-05-12 02:59:58,1.35,186,230,2,3,0,0,0,0,6.00,4.35
2022-05-12 03:04:50,7.82,48,61,3,3,0,0,0,0,25.50,25.80
2022-05-12 03:07:01,1.40,4,249,3,3,0,0,0,0,7.00,6.88
2022-05-12 03:35:08,0.99,246,68,3,3,0,0,0,0,5.50,4.00
2022-05-12 03:58:13,4.08,125,48,3,3,0,0,0,0,16.00,18.52
2022-05-12 05:50:10,0.70,170,233,5,3,0,0,0,0,4.50,3.43
2022-05-12 05:52:01,1.05,161,48,5,3,0,0,0,0,6.50,6.95
2022-05-12 05:52:32,4.00,140,79,5,3,0,0,0,0,13.50,8.65
2022-05-12 06:04:51,9.59,107,228,6,3,0,0,0,0,34.26,23.03
2022-05-12 06:09:26,0.90,162,107,6,3,0,0,0,0,5.00,3.32
2022-05-12 06:16:18,0.96,162,100,6,3,0,0,0,0,5.50,4.68
2022-05-12 06:20:16,1.88,162,186,6,3,0,0,0,0,8.50,9.80
2022-05-12 06:21:32,2.50,186,140,6,3,0,0,0,0,10.50,11.67
2022-05-12 06:27:51,1.63,90,170,6,3,0,0,0,0,8.00,8.25
2022-05-12 06:41:35,2.60,142,234,6,3,0,0,0,0,10.50,9.95
2022-05-12 06:48:23,2.60,249,186,6,3,0,0,0,0,10.00,10.48
2022-05-12 06:53:51,3.72,263,68,6,3,0,0,0,0,13.50,14.40
2022-05-12 06:53:54,4.60,230,13,6,3,0,0,0,0,16.50,17.23
2022-05-12 06:54:48,16.50,132,230,6,3,1,0,0,0,52.00,84.50
2022-05-12 06:58:09,1.28,186,137,6,3,0,0,0,0,7.50,8.85
2022-05-12 07:10:27,1.80,186,162,7,3,0,1,0,0,9.50,11.55
2022-05-12 07:11:12,2.12,142,140,7,3,0,1,0,0,9.00,9.67
2022-05-12 07:12:06,3.93,186,262,7,3,0,1,0,0,16.50,21.35
2022-05-12 07:16:37,2.71,140,239,7,3,0,1,0,0,12.50,15.98
2022-05-12 07:21:35,0.90,170,161,7,3,0,1,0,0,6.50,7.22
2022-05-12 07:29:05,1.80,162,234,7,3,0,1,0,0,8.00,9.03
2022-05-12 07:31:48,1.49,162,186,7,3,0,1,0,0,8.50,10.25
2022-05-12 07:35:35,2.10,237,234,7,3,0,1,0,0,9.50,10.13
2022-05-12 07:41:10,1.49,140,236,7,3,0,1,0,0,8.50,11.27
2022-05-12 07:46:44,1.09,237,162,7,3,0,1,0,0,6.00,5.22
2022-05-12 07:47:26,2.54,140,239,7,3,0,1,0,0,13.00,17.75
2022-05-12 07:48:02,9.22,263,231,7,3,0,1,0,0,29.00,22.72
2022-05-12 07:49:44,0.19,237,141,7,3,0,1,0,0,3.50,2.67
2022-05-12 07:50:17,2.81,148,170,7,3,0,1,0,0,13.00,17.50
2022-05-12 07:58:54,0.69,236,263,7,3,0,1,0,0,6.00,5.82
2022-05-12 08:02:05,0.60,229,161,8,3,0,1,0,0,5.00,4.62
2022-05-12 08:13:53,1.10,237,236,8,3,0,1,0,0,7.50,8.88
2022-05-12 08:20:26,1.64,42,24,8,3,0,1,0,0,9.50,11.93
2022-05-12 08:23:18,19.04,230,132,8,3,1,1,0,0,52.00,61.95
2022-05-12 08:25:21,7.10,263,231,8,3,0,1,0,0,23.50,24.68
2022-05-12 08:29:01,0.72,262,140,8,3,0,1,0,0,6.00,7.35
2022-05-12 08:29:23,0.23,143,143,8,3,0,1,0,0,3.00,1.25
2022-05-12 08:31:41,1.35,79,137,8,3,0,1,0,0,6.00,5.18
2022-05-12 08:37:09,0.75,236,43,8,3,0,1,0,0,5.00,3.95
2022-05-12 08:40:57,8.40,138,170,8,3,1,1,0,0,33.50,46.38
2022-05-12 08:41:55,1.13,170,113,8,3,0,1,0,0,6.50,6.93
2022-05-12 08:43:05,7.14,140,88,8,3,0,1,0,0,22.50,19.18
2022-05-12 08:46:44,6.31,162,66,8,3,0,1,0,0,21.50,20.08
2022-05-12 08:48:05,3.27,141,68,8,3,0,1,0,0,18.50,28.77
2022-05-12 08:50:22,0.98,143,50,8,3,0,1,0,0,5.50,4.20
2022-05-12 08:50:49,18.62,138,231,8,3,1,1,0,0,57.00,59.87
2022-05-12 08:53:03,1.70,162,107,8,3,0,1,0,0,8.50,9.00
2022-05-12 08:53:57,1.70,229,50,8,3,0,1,0,0,11.00,16.07
2022-05-12 08:54:36,1.56,170,230,8,3,0,1,0,0,9.00,11.07
2022-05-12 08:55:34,0.66,263,141,8,3,0,1,0,0,4.50,2.87
2022-05-12 08:59:10,3.14,142,41,8,3,0,1,0,0,14.50,18.63
2022-05-12 08:59:35,0.70,162,170,8,3,0,1,0,0,5.50,5.38
2022-05-12 09:04:55,0.67,236,237,9,3,0,1,0,0,5.00,4.82
2022-05-12 09:10:24,1.04,234,186,9,3,0,1,0,0,6.50,6.50
2022-05-12 09:10:25,1.95,113,230,9,3,0,1,0,0,12.00,17.15
2022-05-12 09:11:06,2.58,74,151,9,3,0,1,0,0,12.50,16.20
2022-05-12 09:15:26,0.92,262,140,9,3,0,1,0,0,5.50,4.73
2022-05-12 09:15:51,2.50,246,68,9,3,0,1,0,0,19.00,31.42
2022-05-12 09:16:36,0.85,237,162,9,3,0,1,0,0,7.00,8.65
2022-05-12 09:17:11,1.29,45,209,9,3,0,1,0,0,8.50,10.50
2022-05-12 09:19:04,1.34,239,236,9,3,0,1,0,0,8.00,8.93
2022-05-12 09:19:42,5.09,151,164,9,3,0,1,0,0,22.00,30.35
2022-05-12 09:28:23,1.02,151,166,9,3,0,1,0,0,6.50,6.93
2022-05-12 09:30:20,0.78,230,163,9,3,0,1,0,0,6.50,7.60
2022-05-12 09:32:01,4.05,237,113,9,3,0,1,0,0,18.32,22.20
2022-05-12 09:35:52,7.47,163,88,9,3,0,1,0,0,26.00,24.67
2022-05-12 09:37:25,1.79,79,170,9,3,0,1,0,0,8.50,9.68
2022-05-12 09:38:25,1.22,263,75,9,3,0,1,0,0,7.00,7.40
2022-05-12 09:39:30,1.90,43,140,9,3,0,1,0,0,10.00,12.10
2022-05-12 09:43:24,1.57,249,68,9,3,0,1,0,0,6.50,5.12
2022-05-12 09:43:53,1.69,163,164,9,3,0,1,0,0,9.00,10.63
2022-05-12 09:45:28,13.92,138,48,9,3,1,1,0,0,47.00,48.12
2022-05-12 09:49:38,0.88,236,237,9,3,0,1,0,0,6.00,6.20
2022-05-12 09:49:57,2.74,186,45,9,3,0,1,0,0,12.50,16.02
2022-05-12 09:52:17,2.05,236,161,9,3,0,1,0,0,9.00,10.35
2022-05-12 09:59:01,1.94,186,229,9,3,0,1,0,0,13.00,19.40
2022-05-12 10:00:26,1.96,68,125,10,3,0,0,0,0,10.00,13.57
2022-05-12 10:02:02,0.94,161,141,10,3,0,0,0,0,8.00,9.70
2022-05-12 10:04:09,2.30,233,43,10,3,0,0,0,0,16.00,24.10
2022-05-12 10:07:08,12.30,231,138,10,3,1,0,0,0,35.00,22.65
2022-05-12 10:09:55,5.00,75,107,10,3,0,0,0,0,16.50,17.08
2022-05-12 10:10:11,2.74,246,113,10,3,0,0,0,0,14.50,20.45
2022-05-12 10:10:13,1.21,230,170,10,3,0,0,0,0,8.00,10.63
2022-05-12 10:14:28,1.98,237,75,10,3,0,0,0,0,13.00,18.32
2022-05-12 10:14:32,3.57,107,43,10,3,0,0,0,0,20.00,31.28
2022-05-12 10:17:20,0.66,68,90,10,3,0,0,0,0,7.00,8.92
2022-05-12 10:17:23,2.60,237,68,10,3,0,0,0,0,14.50,20.70
2022-05-12 10:22:06,0.98,237,162,10,3,0,0,0,0,5.50,5.00
2022-05-12 10:23:20,0.56,236,236,10,3,0,0,0,0,6.00,6.82
2022-05-12 10:23:21,3.60,140,68,10,3,0,0,0,0,14.50,17.03
2022-05-12 10:25:33,2.66,234,162,10,3,0,0,0,0,14.50,20.68
2022-05-12 10:28:10,0.91,141,263,10,3,0,0,0,0,5.00,4.47
2022-05-12 10:29:22,0.74,236,75,10,3,0,0,0,0,8.50,12.23
2022-05-12 10:32:02,1.70,140,43,10,3,0,0,0,0,9.00,10.63
2022-05-12 10:33:30,5.70,43,13,10,3,0,0,0,0,21.50,26.60
2022-05-12 10:34:16,2.90,170,211,10,3,0,0,0,0,16.00,24.03
2022-05-12 10:37:17,1.20,170,163,10,3,0,0,0,0,8.00,10.03
2022-05-12 10:37:31,0.98,141,140,10,3,0,0,0,0,7.00,8.62
2022-05-12 10:37:58,2.96,170,144,10,3,0,0,0,0,16.00,24.58
2022-05-12 10:38:54,1.77,186,161,10,3,0,0,0,0,14.50,23.40
2022-05-12 10:45:58,2.02,107,162,10,3,0,0,0,0,13.50,20.10
2022-05-12 10:50:10,1.30,144,107,10,3,0,0,0,0,6.00,7.52
2022-05-12 10:51:00,1.72,113,164,10,3,0,0,0,0,10.00,13.45
2022-05-12 10:55:12,0.61,140,237,10,3,0,0,0,0,5.00,5.18
2022-05-12 10:57:38,5.21,161,211,10,3,0,0,0,0,27.00,42.58
2022-05-12 10:59:46,1.89,262,74,10,3,0,0,0,0,7.50,7.80
2022-05-12 10:59:56,2.77,262,233,10,3,0,0,0,0,10.50,8.77
2022-05-12 11:01:29,7.25,151,200,11,3,0,0,0,0,25.00,22.98
2022-05-12 11:01:50,1.51,236,161,11,3,0,0,0,0,8.50,10.30
2022-05-12 11:01:53,6.90,138,41,11,3,1,0,0,0,26.50,29.18
2022-05-12 11:02:45,2.50,238,161,11,3,0,0,0,0,15.00,21.73
2022-05-12 11:03:38,2.15,161,246,11,3,0,0,0,0,11.50,15.62
2022-05-12 11:13:40,1.14,162,164,11,3,0,0,0,0,8.00,10.73
2022-05-12 11:15:29,0.85,125,144,11,3,0,0,0,0,7.00,8.85
2022-05-12 11:18:54,3.43,141,186,11,3,0,0,0,0,18.50,28.15
2022-05-12 11:25:14,0.89,236,75,11,3,0,0,0,0,6.50,6.98
2022-05-12 11:27:26,0.50,229,162,11,3,0,0,0,0,5.00,5.02
2022-05-12 11:31:17,1.13,233,237,11,3,0,0,0,0,7.00,8.53
2022-05-12 11:32:22,1.20,237,141,11,3,0,0,0,0,8.00,10.62
2022-05-12 11:33:59,2.15,143,166,11,3,0,0,0,0,10.50,11.58
2022-05-12 11:34:54,1.79,90,170,11,3,0,0,0,0,15.50,25.00
2022-05-12 11:37:57,2.99,68,142,11,3,0,0,0,0,18.00,27.33
2022-05-12 11:42:38,0.24,143,142,11,3,0,0,0,0,3.50,2.08
2022-05-12 11:42:52,1.26,263,141,11,3,0,0,0,0,10.00,13.90
2022-05-12 11:44:23,0.83,186,234,11,3,0,0,0,0,7.50,10.35
2022-05-12 11:44:32,0.80,262,236,11,3,0,0,0,0,6.00,6.15
2022-05-12 11:46:27,0.90,43,48,11,3,0,0,0,0,7.50,9.28
2022-05-12 11:46:55,2.19,164,142,11,3,0,0,0,0,12.50,17.92
2022-05-12 11:50:41,0.87,140,237,11,3,0,0,0,0,6.50,7.67
2022-05-12 11:50:57,1.10,261,211,11,3,0,0,0,0,8.00,9.55
2022-05-12 11:52:53,1.30,161,234,11,3,0,0,0,0,7.00,7.77
2022-05-12 11:53:53,1.50,236,237,11,3,0,0,0,0,11.50,17.15
2022-05-12 11:56:59,1.40,141,137,11,3,0,0,0,0,8.00,9.42
2022-05-12 12:02:11,2.13,162,107,12,3,0,0,0,0,12.50,17.90
2022-05-12 12:07:39,1.28,166,116,12,3,0,0,0,0,7.50,7.83
2022-05-12 12:09:20,0.60,170,230,12,3,0,0,0,0,8.00,12.03
2022-05-12 12:10:56,17.30,132,229,12,3,1,0,0,0,52.00,53.13
2022-05-12 12:16:19,1.04,211,148,12,3,0,0,0,0,7.00,7.92
2022-05-12 12:18:53,2.22,170,237,12,3,0,0,0,0,16.00,24.83
2022-05-12 12:25:03,5.01,50,263,12,3,0,0,0,0,23.00,29.97
2022-05-12 12:31:55,8.50,138,164,12,3,1,0,0,0,32.50,37.15
2022-05-12 12:32:36,1.04,237,236,12,3,0,0,0,0,11.00,17.00
2022-05-12 12:36:33,0.94,237,236,12,3,0,0,0,0,8.50,11.60
2022-05-12 12:39:00,3.00,141,230,12,3,0,0,0,0,17.00,25.30
2022-05-12 12:45:07,2.00,236,161,12,3,0,0,0,0,16.00,26.32
2022-05-12 12:45:14,1.17,234,246,12,3,0,0,0,0,8.00,10.05
2022-05-12 12:48:39,3.28,262,164,12,3,0,0,0,0,22.50,37.80
2022-05-12 12:49:34,2.68,262,162,12,3,0,0,0,0,14.50,18.67
2022-05-12 12:49:55,19.02,132,230,12,3,1,0,0,0,52.00,62.80
2022-05-12 12:50:35,4.14,170,238,12,3,0,0,0,0,20.50,30.72
2022-05-12 12:50:55,1.50,234,100,12,3,0,0,0,0,8.50,10.08
2022-05-12 12:53:39,2.30,162,113,12,3,0,0,0,0,16.00,23.85
2022-05-12 12:58:59,3.65,230,148,12,3,0,0,0,0,18.50,27.93
2022-05-12 13:02:37,0.90,237,162,13,3,0,0,0,0,7.50,9.27
2022-05-12 13:03:22,1.79,166,41,13,3,0,0,0,0,10.00,16.00
2022-05-12 13:05:41,0.10,142,48,13,3,0,0,0,0,3.00,1.70
2022-05-12 13:06:03,1.00,164,161,13,3,0,0,0,0,10.00,13.78
2022-05-12 13:07:50,1.80,249,164,13,3,0,0,0,0,10.00,13.83
2022-05-12 13:07:51,1.08,68,249,13,3,0,0,0,0,7.00,8.78
2022-05-12 13:08:39,0.35,236,236,13,3,0,0,0,0,4.00,2.78
2022-05-12 13:09:35,1.60,229,43,13,3,0,0,0,0,8.50,10.38
2022-05-12 13:10:32,2.70,161,224,13,3,0,0,0,0,17.00,26.28
2022-05-12 13:11:55,0.58,211,114,13,3,0,0,0,0,3.50,1.53
2022-05-12 13:22:46,2.90,161,144,13,3,0,0,0,0,18.00,27.67
2022-05-12 13:23:51,3.80,236,90,13,3,0,0,0,0,20.00,29.45
2022-05-12 13:24:04,1.90,230,246,13,3,0,0,0,0,13.00,18.32
2022-05-12 13:25:14,2.82,68,162,13,3,0,0,0,0,18.50,30.02
2022-05-12 13:26:31,9.98,138,33,13,3,1,0,0,0,31.00,30.95
2022-05-12 13:28:20,5.42,229,82,13,3,0,0,0,0,20.00,21.82
2022-05-12 13:30:44,7.27,132,95,13,3,1,0,0,0,26.50,30.33
2022-05-12 13:31:31,1.04,164,233,13,3,0,0,0,0,9.00,13.07
2022-05-12 13:36:50,2.23,158,170,13,3,0,0,0,0,15.00,22.70
2022-05-12 13:37:19,0.92,164,43,13,3,0,0,0,0,6.00,6.15
2022-05-12 13:37:33,0.60,236,236,13,3,0,0,0,0,5.50,6.47
2022-05-12 13:38:56,3.46,113,237,13,3,0,0,0,0,19.00,29.07
2022-05-12 13:41:11,6.60,161,13,13,3,0,0,0,0,22.50,20.97
2022-05-12 13:43:24,1.00,161,237,13,3,0,0,0,0,6.50,7.80
2022-05-12 13:44:20,3.62,186,239,13,3,0,0,0,0,20.50,33.45
2022-05-12 13:44:30,0.90,237,229,13,3,0,0,0,0,6.50,7.10
2022-05-12 13:45:21,5.32,231,239,13,3,0,0,0,0,21.00,25.15
2022-05-12 13:46:48,1.09,161,164,13,3,0,0,0,0,7.50,9.35
2022-05-12 13:47:16,3.17,90,237,13,3,0,0,0,0,19.00,29.28
2022-05-12 13:52:26,0.77,113,234,13,3,0,0,0,0,6.50,7.97
2022-05-12 13:52:56,1.42,237,164,13,3,0,0,0,0,8.50,11.12
2022-05-12 13:54:31,1.37,100,161,13,3,0,0,0,0,8.00,10.12
2022-05-12 13:57:42,1.70,141,142,13,3,0,0,0,0,12.00,17.78
2022-05-12 13:58:24,1.91,249,107,13,3,0,0,0,0,14.00,21.62
2022-05-12 14:03:51,9.72,138,161,14,3,1,0,0,0,34.00,37.50
2022-05-12 14:10:48,4.11,141,114,14,3,0,0,0,0,21.00,32.10
2022-05-12 14:11:54,1.95,229,161,14,3,0,0,0,0,11.00,15.67
2022-05-12 14:14:29,1.35,236,262,14,3,0,0,0,0,8.50,10.60
2022-05-12 14:16:13,2.12,170,140,14,3,0,0,0,0,10.00,12.47
2022-05-12 14:18:52,9.18,138,229,14,3,1,0,0,0,30.50,32.78
2022-05-12 14:19:47,1.65,100,143,14,3,0,0,0,0,8.50,9.75
2022-05-12 14:21:18,0.50,161,161,14,3,0,0,0,0,5.50,6.13
2022-05-12 14:23:35,6.50,138,112,14,3,1,0,0,0,20.50,22.03
2022-05-12 14:24:58,1.17,162,90,14,3,0,0,0,0,9.00,12.70
2022-05-12 14:25:05,0.87,162,229,14,3,0,0,0,0,7.00,8.43
2022-05-12 14:26:46,2.65,162,43,14,3,0,0,0,0,12.00,22.23
2022-05-12 14:29:04,1.30,163,141,14,3,0,0,0,0,7.50,9.15
2022-05-12 14:35:39,1.58,186,161,14,3,0,0,0,0,15.00,24.48
2022-05-12 14:37:26,0.61,137,170,14,3,0,0,0,0,4.00,2.93
2022-05-12 14:40:55,0.60,163,237,14,3,0,0,0,0,5.50,5.93
2022-05-12 14:45:01,1.31,161,237,14,3,0,0,0,0,10.50,15.45
2022-05-12 14:45:19,0.86,107,170,14,3,0,0,0,0,5.50,5.65
2022-05-12 14:46:09,10.90,162,138,14,3,1,0,0,0,33.00,34.17
2022-05-12 14:46:30,1.00,239,143,14,3,0,0,0,0,6.50,7.77
2022-05-12 14:47:05,0.37,164,164,14,3,0,0,0,0,4.00,3.03
2022-05-12 14:52:51,1.80,170,143,14,3,0,0,0,0,16.50,30.78
2022-05-12 14:53:17,1.60,238,143,14,3,0,0,0,0,8.50,9.63
2022-05-12 14:56:27,2.51,140,234,14,3,0,0,0,0,14.50,21.27
2022-05-12 14:58:44,9.08,70,37,14,3,0,0,0,0,30.50,34.50
2022-05-12 14:59:25,1.92,239,48,14,3,0,0,0,0,10.00,12.92
2022-05-12 15:04:51,1.92,158,13,15,3,0,0,0,0,8.00,6.92
2022-05-12 15:05:32,1.64,107,249,15,3,0,0,0,0,9.50,12.38
2022-05-12 15:06:45,18.97,132,211,15,3,1,0,0,0,52.00,73.08
2022-05-12 15:07:09,1.21,68,90,15,3,0,0,0,0,6.50,7.10
2022-05-12 15:07:40,2.00,246,48,15,3,0,0,0,0,10.00,13.27
2022-05-12 15:08:29,0.80,236,263,15,3,0,0,0,0,6.50,7.97
2022-05-12 15:09:18,3.59,132,132,15,3,1,0,0,0,11.50,7.77
2022-05-12 15:10:06,1.30,236,238,15,3,0,0,0,0,8.50,10.35
2022-05-12 15:10:36,1.39,163,50,15,3,0,0,0,0,8.00,9.18
2022-05-12 15:15:22,0.91,43,239,15,3,0,0,0,0,9.00,13.47
2022-05-12 15:20:00,10.30,162,138,15,3,1,0,0,0,34.50,40.53
2022-05-12 15:22:14,3.63,234,239,15,3,0,0,0,0,21.00,33.37
2022-05-12 15:22:28,4.88,87,107,15,3,0,0,0,0,17.50,16.25
2022-05-12 15:22:42,10.76,138,163,15,3,1,0,0,0,31.00,27.60
2022-05-12 15:24:03,3.67,246,148,15,3,0,0,0,0,17.50,24.98
2022-05-12 15:27:26,1.50,142,140,15,3,0,0,0,0,10.50,14.87
2022-05-12 15:30:56,2.50,229,164,15,3,0,0,0,0,12.50,16.13
2022-05-12 15:33:41,1.21,143,236,15,3,0,0,0,0,12.00,17.12
2022-05-12 15:33:44,3.80,237,144,15,3,0,0,0,0,19.72,26.22
2022-05-12 15:38:55,0.50,162,162,15,3,0,0,0,0,4.00,2.98
2022-05-12 15:39:07,1.10,75,151,15,3,0,0,0,0,8.50,11.28
2022-05-12 15:46:14,0.80,238,151,15,3,0,0,0,0,6.00,6.97
2022-05-12 15:48:53,2.40,237,239,15,3,0,0,0,0,14.50,20.85
2022-05-12 15:59:51,1.20,237,143,15,3,0,0,0,0,10.50,15.07
2022-05-12 15:59:54,2.05,68,143,15,3,0,0,0,0,11.00,15.15
2022-05-12 16:03:35,9.87,237,138,16,3,1,0,1,0,35.00,44.18
2022-05-12 16:05:05,1.43,161,186,16,3,0,0,1,0,9.50,12.23
2022-05-12 16:05:44,2.76,233,262,16,3,0,0,1,0,11.00,12.98
2022-05-12 16:07:40,1.04,142,239,16,3,0,0,1,0,6.50,7.10
2022-05-12 16:08:47,5.52,88,162,16,3,0,0,1,0,22.00,24.85
2022-05-12 16:09:12,1.96,234,4,16,3,0,0,1,0,10.00,13.33
2022-05-12 16:09:33,1.50,237,142,16,3,0,0,1,0,11.00,15.57
2022-05-12 16:10:26,1.90,233,234,16,3,0,0,1,0,10.50,15.93
2022-05-12 16:10:42,1.32,246,50,16,3,0,0,1,0,7.00,6.97
2022-05-12 16:12:57,1.28,142,239,16,3,0,0,1,0,8.50,11.25
2022-05-12 16:15:11,2.44,236,170,16,3,0,0,1,0,18.00,30.30
2022-05-12 16:18:55,14.80,132,145,16,3,1,0,1,0,66.50,59.40
2022-05-12 16:21:25,2.44,262,143,16,3,0,0,1,0,14.00,20.83
2022-05-12 16:22:44,4.38,186,262,16,3,0,0,1,0,20.50,29.02
2022-05-12 16:25:33,0.67,114,249,16,3,0,0,1,0,6.50,8.25
2022-05-12 16:29:41,2.13,161,234,16,3,0,0,1,0,12.50,17.38
2022-05-12 16:32:24,1.90,162,48,16,3,0,0,1,0,13.50,21.28
2022-05-12 16:34:22,21.68,132,143,16,3,1,0,1,0,52.00,71.55
2022-05-12 16:34:54,3.20,143,137,16,3,0,0,1,0,18.50,28.58
2022-05-12 16:35:11,2.77,239,100,16,3,0,0,1,0,15.00,21.90
2022-05-12 16:38:08,3.90,237,211,16,3,0,0,1,0,26.00,42.87
2022-05-12 16:38:14,0.82,161,230,16,3,0,0,1,0,7.00,8.77
2022-05-12 16:39:19,1.56,143,230,16,3,0,0,1,0,8.50,10.23
2022-05-12 16:42:26,3.59,236,236,16,3,0,0,1,0,17.50,25.35
2022-05-12 16:47:30,0.60,79,79,16,3,0,0,1,0,7.00,8.32
2022-05-12 16:49:43,1.10,137,170,16,3,0,0,1,0,9.50,13.20
2022-05-12 16:50:41,1.20,161,50,16,3,0,0,1,0,10.50,17.45
2022-05-12 16:52:59,0.40,142,142,16,3,0,0,1,0,5.50,6.72
2022-05-12 16:55:13,3.24,107,263,16,3,0,0,1,0,14.00,17.48
2022-05-12 17:00:53,1.22,90,170,17,3,0,0,1,0,9.00,12.65
2022-05-12 17:03:34,1.13,140,237,17,3,0,0,1,0,6.00,5.97
2022-05-12 17:03:55,1.80,100,142,17,3,0,0,1,0,10.00,13.25
2022-05-12 17:04:27,0.76,229,237,17,3,0,0,1,0,4.50,3.13
2022-05-12 17:04:48,0.58,229,170,17,3,0,0,1,0,4.50,3.55
2022-05-12 17:08:30,8.34,138,151,17,3,1,0,1,0,31.00,38.83
2022-05-12 17:10:26,1.50,186,161,17,3,0,0,1,0,10.00,13.78
2022-05-12 17:11:55,1.35,43,140,17,3,0,0,1,0,7.50,8.77
2022-05-12 17:13:13,1.28,164,142,17,3,0,0,1,0,8.00,10.07
2022-05-12 17:13:48,5.40,170,13,17,3,0,0,1,0,20.00,23.03
2022-05-12 17:17:22,2.71,231,186,17,3,0,0,1,0,12.50,15.75
2022-05-12 17:17:42,1.00,236,237,17,3,0,0,1,0,6.50,6.52
2022-05-12 17:18:11,1.32,162,43,17,3,0,0,1,0,11.50,17.42
2022-05-12 17:20:36,2.42,162,158,17,3,0,0,1,0,13.00,18.45
2022-05-12 17:21:07,2.10,163,90,17,3,0,0,1,0,11.50,14.98
2022-05-12 17:24:24,8.94,138,186,17,3,1,0,1,0,31.50,39.95
2022-05-12 17:25:47,0.50,100,170,17,3,0,0,1,0,5.00,4.15
2022-05-12 17:25:52,13.40,13,1,17,3,1,0,1,0,65.50,53.37
2022-05-12 17:26:06,1.12,236,237,17,3,0,0,1,0,7.00,7.93
2022-05-12 17:26:38,2.43,140,163,17,3,0,0,1,0,12.50,16.70
2022-05-12 17:27:39,2.21,161,236,17,3,0,0,1,0,14.00,19.88
2022-05-12 17:29:36,3.55,234,141,17,3,0,0,1,0,19.89,25.35
2022-05-12 17:34:19,0.92,141,161,17,3,0,0,1,0,7.50,9.67
2022-05-12 17:37:10,2.59,13,246,17,3,0,0,1,0,10.50,10.38
2022-05-12 17:40:18,2.50,170,236,17,3,0,0,1,0,16.50,24.52
2022-05-12 17:40:28,18.80,132,262,17,3,1,0,1,0,52.00,69.00
2022-05-12 17:43:46,2.29,141,238,17,3,0,0,1,0,11.50,14.00
2022-05-12 17:44:29,8.89,138,162,17,3,1,0,1,0,30.00,34.00
2022-05-12 17:46:26,2.10,142,238,17,3,0,0,1,0,12.50,17.82
2022-05-12 17:46:59,1.21,170,234,17,3,0,0,1,0,9.50,12.65
2022-05-12 17:48:32,1.90,246,142,17,3,0,0,1,0,9.00,9.68
2022-05-12 17:51:04,0.78,234,90,17,3,0,0,1,0,5.00,4.62
2022-05-12 17:52:47,2.54,236,170,17,3,0,0,1,0,14.00,19.22
2022-05-12 17:52:56,4.32,132,218,17,3,1,0,1,0,15.00,13.90
2022-05-12 17:54:48,11.53,138,162,17,3,1,0,1,0,37.00,40.23
2022-05-12 17:55:23,1.37,237,161,17,3,0,0,1,0,9.00,12.38
2022-05-12 17:56:16,0.50,90,234,17,3,0,0,1,0,4.00,2.68
2022-05-12 18:04:50,2.27,113,230,18,3,0,0,1,0,13.00,17.98
2022-05-12 18:05:59,2.42,43,238,18,3,0,0,1,0,10.00,14.08
2022-05-12 18:06:10,2.60,114,161,18,3,0,0,1,0,13.50,18.10
2022-05-12 18:07:26,2.87,239,68,18,3,0,0,1,0,11.50,12.88
2022-05-12 18:10:13,1.01,239,142,18,3,0,0,1,0,5.50,5.00
2022-05-12 18:11:11,1.47,229,263,18,3,0,0,1,0,6.50,4.92
2022-05-12 18:12:00,1.44,68,137,18,3,0,0,1,0,9.50,12.80
2022-05-12 18:13:12,1.20,163,239,18,3,0,0,1,0,8.00,9.23
2022-05-12 18:17:02,1.50,163,237,18,3,0,0,1,0,7.50,9.27
2022-05-12 18:18:39,3.00,170,125,18,3,0,0,1,0,16.00,22.45
2022-05-12 18:19:17,3.40,186,211,18,3,0,0,1,0,18.50,25.42
2022-05-12 18:20:28,1.70,229,263,18,3,0,0,1,0,8.50,8.53
2022-05-12 18:20:30,1.30,234,233,18,3,0,0,1,0,7.50,8.55
2022-05-12 18:21:13,10.55,132,225,18,3,1,0,1,0,35.00,40.50
2022-05-12 18:21:32,0.90,233,237,18,3,0,0,1,0,7.00,8.53
2022-05-12 18:21:46,0.88,230,100,18,3,0,0,1,0,6.00,7.17
2022-05-12 18:21:54,0.72,161,162,18,3,0,0,1,0,7.50,10.12
2022-05-12 18:24:51,0.50,239,238,18,3,0,0,1,0,4.50,3.05
2022-05-12 18:26:32,1.16,107,186,18,3,0,0,1,0,6.50,6.55
2022-05-12 18:30:53,2.36,230,236,18,3,0,0,1,0,13.00,17.72
2022-05-12 18:33:36,4.00,68,236,18,3,0,0,1,0,21.00,32.08
2022-05-12 18:35:20,1.69,113,170,18,3,0,0,1,0,11.00,15.32
2022-05-12 18:38:34,0.40,239,239,18,3,0,0,1,0,4.00,4.90
2022-05-12 18:39:05,14.74,137,55,18,3,0,0,1,0,45.00,46.05
2022-05-12 18:40:01,4.93,236,112,18,3,0,0,1,0,20.00,23.62
2022-05-12 18:42:35,1.25,234,170,18,3,0,0,1,0,8.50,11.53
2022-05-12 18:43:45,1.37,186,163,18,3,0,0,1,0,8.50,11.52
2022-05-12 18:45:50,2.15,142,237,18,3,0,0,1,0,13.00,18.13
2022-05-12 18:48:32,17.00,143,132,18,3,1,0,1,0,52.00,58.75
2022-05-12 18:49:12,21.70,132,48,18,3,1,0,1,0,52.00,55.52
2022-05-12 18:50:19,1.08,141,237,18,3,0,0,1,0,6.00,5.93
2022-05-12 18:51:50,1.48,79,137,18,3,0,0,1,0,8.00,9.35
2022-05-12 18:53:24,1.96,142,263,18,3,0,0,1,0,8.50,9.27
2022-05-12 18:56:09,2.48,161,262,18,3,0,0,1,0,13.00,17.73
2022-05-12 18:56:11,5.20,88,229,18,3,0,0,1,0,15.50,10.78
2022-05-12 18:56:34,11.62,132,138,18,3,1,0,1,0,33.00,27.32
2022-05-12 18:57:09,2.80,161,238,18,3,0,0,1,0,15.00,21.17
2022-05-12 18:57:29,0.63,237,237,18,3,0,0,1,0,4.50,2.85
2022-05-12 18:59:19,3.02,100,148,18,3,0,0,1,0,15.50,21.87
2022-05-12 18:59:53,23.28,138,52,18,3,1,0,1,0,49.50,64.85
2022-05-12 19:01:22,0.47,162,161,19,3,0,0,1,0,5.00,5.23
2022-05-12 19:01:53,3.67,125,209,19,3,0,0,1,0,16.00,19.63
2022-05-12 19:06:21,1.89,100,161,19,3,0,0,1,0,10.50,14.45
2022-05-12 19:09:58,2.90,230,113,19,3,0,0,1,0,15.50,23.00
2022-05-12 19:10:21,10.80,138,230,19,3,1,0,1,0,32.00,25.07
2022-05-12 19:10:51,1.26,114,249,19,3,0,0,1,0,9.00,12.75
2022-05-12 19:13:16,1.59,186,142,19,3,0,0,1,0,9.50,12.97
2022-05-12 19:13:25,1.48,234,249,19,3,0,0,1,0,7.00,7.68
2022-05-12 19:13:38,2.30,263,161,19,3,0,0,1,0,13.00,18.12
2022-05-12 19:14:45,0.68,233,233,19,3,0,0,1,0,7.50,9.73
2022-05-12 19:14:45,2.50,234,158,19,3,0,0,1,0,11.50,15.70
2022-05-12 19:15:55,2.42,161,236,19,3,0,0,1,0,10.50,10.97
2022-05-12 19:16:59,8.38,138,229,19,3,1,0,1,0,28.50,29.25
2022-05-12 19:17:57,1.40,141,170,19,3,0,0,1,0,7.50,8.28
2022-05-12 19:18:00,1.60,237,236,19,3,0,0,1,0,8.00,8.17
2022-05-12 19:18:12,2.42,186,113,19,3,0,0,1,0,13.00,18.47
2022-05-12 19:20:45,2.34,230,246,19,3,0,0,1,0,13.00,18.12
2022-05-12 19:22:42,4.60,140,79,19,3,0,0,1,0,20.00,24.05
2022-05-12 19:22:45,0.80,161,43,19,3,0,0,1,0,5.00,4.38
2022-05-12 19:23:48,1.40,237,75,19,3,0,0,1,0,6.50,5.28
2022-05-12 19:24:14,7.30,138,130,19,3,1,0,1,0,23.50,23.23
2022-05-12 19:24:47,1.60,68,170,19,3,0,0,1,0,8.50,11.20
2022-05-12 19:26:12,18.16,132,142,19,3,1,0,1,0,52.00,51.08
2022-05-12 19:26:58,0.80,263,236,19,3,0,0,1,0,5.50,4.93
2022-05-12 19:27:14,3.19,50,249,19,3,0,0,1,0,13.00,15.20
2022-05-12 19:27:16,2.90,158,162,19,3,0,0,1,0,14.00,19.37
2022-05-12 19:31:22,2.40,186,143,19,3,0,0,1,0,11.00,15.78
2022-05-12 19:31:47,2.00,246,224,19,3,0,0,1,0,12.00,16.90
2022-05-12 19:35:23,0.36,107,170,19,3,0,0,1,0,4.50,3.77
2022-05-12 19:39:07,4.50,170,255,19,3,0,0,1,0,17.50,20.20
2022-05-12 19:40:15,3.98,107,87,19,3,0,0,1,0,15.00,14.17
2022-05-12 19:41:44,5.17,162,87,19,3,0,0,1,0,16.00,13.05
2022-05-12 19:42:16,1.54,211,237,19,3,0,0,1,0,9.50,12.33
2022-05-12 19:42:30,1.10,68,234,19,3,0,0,1,0,7.00,7.57
2022-05-12 19:43:25,0.99,88,261,19,3,0,0,1,0,7.50,9.02
2022-05-12 19:44:45,0.60,236,236,19,3,0,0,1,0,5.00,5.18
2022-05-12 19:44:55,4.51,230,79,19,3,0,0,1,0,13.00,18.47
2022-05-12 19:45:21,1.91,170,114,19,3,0,0,1,0,9.50,10.50
2022-05-12 19:47:22,1.98,238,263,19,3,0,0,1,0,10.50,12.27
2022-05-12 19:53:34,0.97,231,13,19,3,0,0,1,0,6.00,5.50
2022-05-12 19:54:24,1.18,262,141,19,3,0,0,1,0,5.50,4.78
2022-05-12 19:55:20,5.36,100,7,19,3,0,0,1,0,20.50,25.80
2022-05-12 19:57:05,2.70,163,263,19,3,0,0,1,0,11.50,12.62
2022-05-12 19:58:01,0.79,263,236,19,3,0,0,1,0,5.50,5.12
2022-05-12 19:58:11,0.90,107,79,19,3,0,0,1,0,6.00,5.97
2022-05-12 20:00:08,19.09,132,263,20,3,1,0,0,0,52.00,38.25
2022-05-12 20:01:03,0.97,170,229,20,3,0,0,0,0,5.00,3.92
2022-05-12 20:01:14,0.87,142,50,20,3,0,0,0,0,7.00,8.87
2022-05-12 20:02:07,2.20,107,50,20,3,0,0,0,0,11.50,16.17
2022-05-12 20:02:28,1.45,238,166,20,3,0,0,0,0,8.00,9.33
2022-05-12 20:02:35,1.10,163,50,20,3,0,0,0,0,7.50,9.03
2022-05-12 20:02:39,1.39,90,68,20,3,0,0,0,0,7.00,7.48
2022-05-12 20:03:56,0.50,236,262,20,3,0,0,0,0,4.00,3.12
2022-05-12 20:04:45,2.22,249,170,20,3,0,0,0,0,11.00,14.17
2022-05-12 20:09:06,4.30,246,236,20,3,0,0,0,0,17.50,23.20
2022-05-12 20:09:13,1.09,163,161,20,3,0,0,0,0,5.50,5.05
2022-05-12 20:12:46,1.43,161,48,20,3,0,0,0,0,9.00,11.27
2022-05-12 20:12:49,4.93,246,24,20,3,0,0,0,0,17.50,17.52
2022-05-12 20:14:06,3.00,234,143,20,3,0,0,0,0,13.50,17.03
2022-05-12 20:15:41,0.65,229,162,20,3,0,0,0,0,5.50,5.87
2022-05-12 20:20:44,1.58,236,238,20,3,0,0,0,0,8.00,7.87
2022-05-12 20:25:29,8.60,68,188,20,3,0,0,0,0,30.00,36.17
2022-05-12 20:26:42,0.69,234,186,20,3,0,0,0,0,6.50,8.02
2022-05-12 20:38:03,0.79,8,8,20,3,0,0,0,0,4.50,3.22
2022-05-12 20:38:49,1.90,230,137,20,3,0,0,0,0,9.50,12.25
2022-05-12 20:39:20,0.91,90,170,20,3,0,0,0,0,6.00,6.25
2022-05-12 20:43:11,2.10,230,236,20,3,0,0,0,0,10.50,12.88
2022-05-12 20:43:48,1.59,161,236,20,3,0,0,0,0,7.50,7.57
2022-05-12 20:44:04,4.93,140,79,20,3,0,0,0,0,16.50,13.95
2022-05-12 20:47:34,7.60,237,36,20,3,0,0,0,0,28.50,36.93
2022-05-12 20:49:40,0.61,170,107,20,3,0,0,0,0,4.00,2.93
2022-05-12 20:57:49,1.87,100,107,20,3,0,0,0,0,9.50,11.47
2022-05-12 20:58:12,1.42,161,141,20,3,0,0,0,0,7.50,7.57
2022-05-12 20:59:26,1.90,68,170,20,3,0,0,0,0,9.00,11.00
2022-05-12 21:07:03,6.41,163,88,21,3,0,0,0,0,22.00,22.95
2022-05-12 21:07:46,2.19,231,148,21,3,0,0,0,0,14.00,20.98
2022-05-12 21:07:51,2.50,68,13,21,3,0,0,0,0,10.00,10.90
2022-05-12 21:08:34,1.08,144,79,21,3,0,0,0,0,6.50,7.30
2022-05-12 21:09:45,0.98,237,161,21,3,0,0,0,0,6.50,6.53
2022-05-12 21:13:49,20.20,132,140,21,3,1,0,0,0,52.00,31.42
2022-05-12 21:15:02,13.58,132,91,21,3,1,0,0,0,38.00,23.13
2022-05-12 21:16:02,5.15,143,244,21,3,0,0,0,0,16.00,10.08
2022-05-12 21:16:56,1.50,144,107,21,3,0,0,0,0,7.00,6.70
2022-05-12 21:17:02,2.55,249,209,21,3,0,0,0,0,11.50,14.25
2022-05-12 21:17:55,4.66,79,145,21,3,0,0,0,0,16.50,18.37
2022-05-12 21:18:12,1.83,233,79,21,3,0,0,0,0,8.00,8.12
2022-05-12 21:23:01,1.01,170,234,21,3,0,0,0,0,7.00,8.20
2022-05-12 21:26:12,1.70,237,186,21,3,0,0,0,0,9.00,11.68
2022-05-12 21:27:48,3.00,239,162,21,3,0,0,0,0,12.00,16.82
2022-05-12 21:27:59,1.00,163,170,21,3,0,0,0,0,6.00,6.02
2022-05-12 21:29:26,2.55,162,262,21,3,0,0,0,0,11.00,11.83
2022-05-12 21:30:53,1.10,163,186,21,3,0,0,0,0,6.00,5.70
2022-05-12 21:31:28,4.20,211,143,21,3,0,0,0,0,17.50,23.33
2022-05-12 21:32:16,1.14,170,163,21,3,0,0,0,0,6.00,5.80
2022-05-12 21:34:35,1.41,87,231,21,3,0,0,0,0,7.00,6.90
2022-05-12 21:35:05,1.96,90,50,21,3,0,0,0,0,10.00,12.33
2022-05-12 21:36:21,1.50,107,233,21,3,0,0,0,0,8.00,9.22
2022-05-12 21:36:27,3.03,237,79,21,3,0,0,0,0,11.50,11.70
2022-05-12 21:42:19,0.70,114,148,21,3,0,0,0,0,5.00,6.32
2022-05-12 21:42:56,0.86,249,68,21,3,0,0,0,0,5.00,3.88
2022-05-12 21:43:46,1.80,166,116,21,3,0,0,0,0,8.50,7.85
2022-05-12 21:44:42,4.06,163,4,21,3,0,0,0,0,18.00,25.57
2022-05-12 21:55:33,1.24,137,234,21,3,0,0,0,0,6.50,7.10
2022-05-12 21:58:49,3.41,233,143,21,3,0,0,0,0,14.00,15.53
2022-05-12 21:59:10,4.09,230,232,21,3,0,0,0,0,19.00,26.50
2022-05-12 22:01:09,1.00,87,231,22,3,0,0,0,0,6.50,7.10
2022-05-12 22:04:28,1.50,236,141,22,3,0,0,0,0,8.00,8.47
2022-05-12 22:06:26,8.10,143,127,22,3,0,0,0,0,24.00,15.42
2022-05-12 22:06:38,7.80,261,188,22,3,0,0,0,0,27.50,31.30
2022-05-12 22:06:45,6.28,107,166,22,3,0,0,0,0,25.20,25.55
2022-05-12 22:07:00,3.38,48,144,22,3,0,0,0,0,15.37,16.47
2022-05-12 22:08:07,2.40,186,4,22,3,0,0,0,0,11.50,14.60
2022-05-12 22:08:32,0.76,43,236,22,3,0,0,0,0,5.00,4.68
2022-05-12 22:10:34,1.13,186,170,22,3,0,0,0,0,6.50,6.78
2022-05-12 22:11:34,2.10,170,141,22,3,0,0,0,0,10.50,13.05
2022-05-12 22:16:44,4.39,231,61,22,3,0,0,0,0,16.50,18.90
2022-05-12 22:18:19,6.92,50,255,22,3,0,0,0,0,28.49,36.10
2022-05-12 22:23:55,1.60,230,186,22,3,0,0,0,0,10.00,13.53
2022-05-12 22:24:36,1.83,234,211,22,3,0,0,0,0,8.50,10.17
2022-05-12 22:29:53,2.40,239,50,22,3,0,0,0,0,9.50,8.20
2022-05-12 22:30:19,3.90,231,163,22,3,0,0,0,0,17.00,22.67
2022-05-12 22:30:57,1.24,48,162,22,3,0,0,0,0,9.50,13.45
2022-05-12 22:31:28,5.20,170,256,22,3,0,0,0,0,20.00,21.68
2022-05-12 22:33:15,1.33,162,48,22,3,0,0,0,0,7.50,9.23
2022-05-12 22:36:55,4.45,137,88,22,3,0,0,0,0,13.50,7.25
2022-05-12 22:38:06,1.40,43,142,22,3,0,0,0,0,7.00,6.72
2022-05-12 22:43:28,1.52,237,236,22,3,0,0,0,0,6.00,4.70
2022-05-12 22:46:00,0.90,239,238,22,3,0,0,0,0,5.50,4.92
2022-05-12 22:49:39,2.30,113,162,22,3,0,0,0,0,10.50,13.80
2022-05-12 22:53:20,1.94,233,263,22,3,0,0,0,0,7.00,5.22
2022-05-12 22:54:31,17.23,132,165,22,3,1,0,0,0,47.50,32.67
2022-05-12 22:59:00,1.91,161,107,22,3,0,0,0,0,10.32,13.00
2022-05-12 23:00:03,7.29,230,255,23,3,0,0,0,0,30.50,41.60
2022-05-12 23:01:59,3.23,100,238,23,3,0,0,0,0,14.00,17.07
2022-05-12 23:03:39,3.92,226,143,23,3,0,0,0,0,52.00,18.07
2022-05-12 23:09:57,4.63,50,148,23,3,0,0,0,0,22.17,22.77
2022-05-12 23:10:36,2.01,48,68,23,3,0,0,0,0,8.50,9.37
2022-05-12 23:20:40,9.40,262,158,23,3,0,0,0,0,28.00,20.17
2022-05-12 23:22:29,2.80,90,68,23,3,0,0,0,0,14.50,21.12
2022-05-12 23:26:29,4.10,234,65,23,3,0,0,0,0,15.50,17.68
2022-05-12 23:28:08,1.47,161,236,23,3,0,0,0,0,6.00,3.88
2022-05-12 23:28:37,3.50,236,170,23,3,0,0,0,0,13.50,20.92
2022-05-12 23:32:14,4.11,186,262,23,3,0,0,0,0,15.00,15.87
2022-05-12 23:33:00,7.85,48,243,23,3,0,0,0,0,23.50,14.77
2022-05-12 23:33:23,1.30,48,170,23,3,0,0,0,0,8.00,9.63
2022-05-12 23:37:55,1.70,230,90,23,3,0,0,0,0,7.50,7.77
2022-05-12 23:40:55,2.10,90,162,23,3,0,0,0,0,9.00,9.83
2022-05-12 23:46:55,3.99,144,163,23,3,0,0,0,0,16.00,20.50
2022-05-12 23:49:54,1.30,48,142,23,3,0,0,0,0,6.50,5.53
2022-05-12 23:53:06,5.10,90,41,23,3,0,0,0,0,18.50,21.18
2022-05-12 23:55:45,3.89,164,239,23,3,0,0,0,0,13.00,11.98
2022-05-12 23:56:05,3.60,142,114,23,3,0,0,0,0,15.00,18.72
2022-05-12 23:56:21,2.30,246,48,23,3,0,0,0,0,11.50,13.22
2022-05-12 23:58:31,3.40,161,41,23,3,0,0,0,0,15.00,17.83
2022-05-13 00:00:25,11.68,70,158,0,4,0,0,0,0,36.00,34.18
2022-05-13 00:00:35,14.14,132,37,0,4,1,0,0,0,39.00,25.68
2022-05-13 00:04:23,3.59,48,262,0,4,0,0,0,0,13.00,12.78
2022-05-13 00:06:45,1.76,162,164,0,4,0,0,0,0,9.00,10.82
2022-05-13 00:12:57,1.25,141,262,0,4,0,0,0,0,6.50,5.57
2022-05-13 00:21:47,2.76,142,107,0,4,0,0,0,0,11.00,12.08
2022-05-13 00:23:32,3.94,230,231,0,4,0,0,0,0,14.50,17.67
2022-05-13 00:24:21,1.67,79,170,0,4,0,0,0,0,6.50,4.28
2022-05-13 00:27:53,2.32,170,237,0,4,0,0,0,0,8.50,7.52
2022-05-13 00:35:01,20.70,132,238,0,4,1,0,0,0,52.00,37.93
2022-05-13 00:40:09,0.37,79,79,0,4,0,0,0,0,4.00,3.28
2022-05-13 00:40:16,1.41,237,75,0,4,0,0,0,0,6.00,4.20
2022-05-13 00:42:21,1.07,141,236,0,4,0,0,0,0,5.50,4.48
2022-05-13 00:52:12,1.78,249,164,0,4,0,0,0,0,7.50,7.98
2022-05-13 00:54:33,2.70,79,162,0,4,0,0,0,0,10.00,9.48
2022-05-13 01:01:02,4.50,230,42,1,4,0,0,0,0,16.50,18.23
2022-05-13 01:02:10,6.52,230,87,1,4,0,0,0,0,21.50,19.65
2022-05-13 01:02:14,2.44,237,238,1,4,0,0,0,0,10.00,9.97
2022-05-13 01:08:44,2.46,211,137,1,4,0,0,0,0,10.00,11.58
2022-05-13 01:11:05,5.55,231,62,1,4,0,0,0,0,19.50,20.63
2022-05-13 01:14:49,2.44,107,48,1,4,0,0,0,0,9.00,8.25
2022-05-13 01:19:12,5.41,249,181,1,4,0,0,0,0,18.50,19.18
2022-05-13 01:21:07,0.80,229,162,1,4,0,0,0,0,4.50,2.78
2022-05-13 01:23:26,0.80,90,186,1,4,0,0,0,0,5.00,3.87
2022-05-13 01:28:58,3.23,186,141,1,4,0,0,0,0,11.50,11.40
2022-05-13 01:46:20,2.26,142,24,1,4,0,0,0,0,9.50,9.87
2022-05-13 01:54:41,6.97,144,151,1,4,0,0,0,0,21.50,21.33
2022-05-13 02:01:10,1.58,79,137,2,4,0,0,0,0,6.50,5.73
2022-05-13 02:06:30,4.93,170,260,2,4,0,0,0,0,16.50,16.02
2022-05-13 02:27:21,5.94,239,7,2,4,0,0,0,0,20.00,19.05
2022-05-13 02:32:42,12.90,48,220,2,4,0,0,0,0,38.00,30.08
2022-05-13 02:47:11,1.03,141,263,2,4,0,0,0,0,5.50,4.08
2022-05-13 02:47:41,0.72,263,263,2,4,0,0,0,0,5.00,3.87
2022-05-13 02:59:21,2.90,100,141,2,4,0,0,0,0,10.50,12.98
2022-05-13 03:00:18,0.50,137,107,3,4,0,0,0,0,4.50,3.45
2022-05-13 03:00:41,3.85,79,262,3,4,0,0,0,0,15.70,11.00
2022-05-13 03:06:33,0.58,211,144,3,4,0,0,0,0,4.50,4.18
2022-05-13 03:36:10,12.28,48,138,3,4,1,0,0,0,35.50,24.30
2022-05-13 03:39:21,1.10,231,209,3,4,0,0,0,0,7.00,7.23
2022-05-13 03:45:40,1.83,137,79,3,4,0,0,0,0,7.00,5.38
2022-05-13 03:57:40,10.47,230,138,3,4,1,0,0,0,29.50,20.67
2022-05-13 04:40:25,5.24,68,54,4,4,0,0,0,0,20.26,14.75
2022-05-13 05:29:19,17.56,186,1,5,4,1,0,0,0,68.00,39.13
2022-05-13 05:30:01,1.62,68,170,5,4,0,0,0,0,7.00,4.97
2022-05-13 05:49:17,19.06,132,163,5,4,1,0,0,0,52.00,45.22
2022-05-13 05:49:31,14.40,100,11,5,4,0,0,0,0,41.00,29.10
2022-05-13 05:54:14,1.90,237,186,5,4,0,0,0,0,9.50,10.10
2022-05-13 06:07:23,11.70,230,138,6,4,1,0,0,0,34.00,22.82
2022-05-13 06:18:03,4.00,132,205,6,4,1,0,0,0,13.00,7.65
2022-05-13 06:20:34,19.70,231,132,6,4,1,0,0,0,52.00,38.13
2022-05-13 06:22:45,2.10,42,244,6,4,0,0,0,0,11.00,12.77
2022-05-13 06:46:03,2.90,68,141,6,4,0,0,0,0,11.00,10.55
2022-05-13 06:46:13,1.00,237,236,6,4,0,0,0,0,5.00,2.70
2022-05-13 06:50:42,2.80,161,145,6,4,0,0,0,0,19.50,27.67
2022-05-13 06:55:39,8.13,163,138,6,4,1,0,0,0,27.50,28.80
2022-05-13 06:57:59,0.68,236,236,6,4,0,0,0,0,4.00,2.13
2022-05-13 06:59:11,1.16,170,164,6,4,0,0,0,0,8.00,9.80
2022-05-13 07:03:45,1.90,141,161,7,4,0,1,0,0,10.56,9.32
2022-05-13 07:08:31,5.80,239,231,7,4,0,1,0,0,19.50,17.02
2022-05-13 07:10:54,22.46,132,13,7,4,1,1,0,0,52.00,54.90
2022-05-13 07:16:57,5.45,65,113,7,4,0,1,0,0,18.00,15.65
2022-05-13 07:21:26,1.13,238,142,7,4,0,1,0,0,6.50,6.42
2022-05-13 07:23:25,1.15,236,141,7,4,0,1,0,0,6.00,5.65
2022-05-13 07:23:35,0.60,48,50,7,4,0,1,0,0,4.50,3.27
2022-05-13 07:27:01,1.22,142,163,7,4,0,1,0,0,7.00,7.47
2022-05-13 07:29:54,18.29,231,132,7,4,1,1,0,0,52.00,48.12
2022-05-13 07:33:03,0.50,100,48,7,4,0,1,0,0,3.50,1.95
2022-05-13 07:34:35,9.82,140,138,7,4,1,1,0,0,28.50,24.82
2022-05-13 07:37:55,2.04,151,143,7,4,0,1,0,0,10.00,12.15
2022-05-13 07:39:10,1.34,142,162,7,4,0,1,0,0,7.00,8.03
2022-05-13 07:39:40,2.03,239,166,7,4,0,1,0,0,10.50,11.67
2022-05-13 07:40:12,4.30,143,79,7,4,0,1,0,0,18.00,23.15
2022-05-13 07:50:54,1.91,162,140,7,4,0,1,0,0,11.50,14.77
2022-05-13 08:07:07,1.38,74,42,8,4,0,1,0,0,8.50,11.03
2022-05-13 08:14:25,0.71,237,140,8,4,0,1,0,0,5.50,5.85
2022-05-13 08:21:22,0.90,140,262,8,4,0,1,0,0,6.50,6.32
2022-05-13 08:24:35,1.11,107,113,8,4,0,1,0,0,7.00,7.37
2022-05-13 08:25:55,2.32,65,87,8,4,0,1,0,0,9.50,9.80
2022-05-13 08:26:01,3.24,158,163,8,4,0,1,0,0,17.85,17.28
2022-05-13 08:27:37,14.73,132,141,8,4,1,1,0,0,52.00,51.23
2022-05-13 08:28:25,1.10,233,161,8,4,0,1,0,0,7.50,8.82
2022-05-13 08:29:36,3.80,238,246,8,4,0,1,0,0,14.50,15.42
2022-05-13 08:31:01,4.60,162,166,8,4,0,1,0,0,22.50,32.82
2022-05-13 08:36:00,2.20,234,237,8,4,0,1,0,0,13.00,19.20
2022-05-13 08:40:06,2.94,13,90,8,4,0,1,0,0,16.00,21.15
2022-05-13 08:42:25,0.40,113,113,8,4,0,1,0,0,4.00,2.75
2022-05-13 08:43:00,7.42,236,45,8,4,0,1,0,0,24.00,22.73
2022-05-13 08:45:15,20.20,132,238,8,4,1,1,0,0,52.00,58.83
2022-05-13 08:45:23,5.54,100,88,8,4,0,1,0,0,19.40,22.62
2022-05-13 08:46:01,1.60,237,161,8,4,0,1,0,0,8.50,10.20
2022-05-13 08:51:35,1.83,234,163,8,4,0,1,0,0,9.50,11.28
2022-05-13 08:53:31,1.70,140,161,8,4,0,1,0,0,13.00,19.52
2022-05-13 08:53:54,3.89,100,232,8,4,0,1,0,0,18.00,25.82
2022-05-13 08:58:27,2.20,107,125,8,4,0,1,0,0,8.50,10.70
2022-05-13 08:59:30,1.31,140,237,8,4,0,1,0,0,10.00,13.42
2022-05-13 09:01:42,6.13,157,186,9,4,0,1,0,0,52.00,19.02
2022-05-13 09:02:17,1.73,236,239,9,4,0,1,0,0,9.50,11.85
2022-05-13 09:02:31,0.59,262,140,9,4,0,1,0,0,4.50,3.50
2022-05-13 09:06:30,8.35,263,138,9,4,1,1,0,0,26.50,21.10
2022-05-13 09:10:22,2.71,75,230,9,4,0,1,0,0,13.50,18.20
2022-05-13 09:11:29,2.17,233,140,9,4,0,1,0,0,9.00,9.75
2022-05-13 09:11:41,0.72,140,229,9,4,0,1,0,0,5.00,4.77
2022-05-13 09:23:14,1.40,164,162,9,4,0,1,0,0,8.00,9.03
2022-05-13 09:25:54,1.42,142,236,9,4,0,1,0,0,7.00,6.18
2022-05-13 09:26:29,1.43,48,186,9,4,0,1,0,0,8.00,10.13
2022-05-13 09:27:38,20.70,132,79,9,4,1,1,0,0,52.00,61.07
2022-05-13 09:27:57,2.03,186,162,9,4,0,1,0,0,11.50,14.98
2022-05-13 09:39:25,3.78,263,152,9,4,0,1,0,0,18.00,24.55
2022-05-13 09:41:37,10.34,138,244,9,4,1,1,0,0,31.00,24.85
2022-05-13 09:44:31,0.61,162,233,9,4,0,1,0,0,5.50,5.50
2022-05-13 09:46:05,5.09,151,170,9,4,0,1,0,0,26.00,39.47
2022-05-13 09:51:15,1.94,236,239,9,4,0,1,0,0,9.50,10.92
2022-05-13 09:52:22,0.84,233,137,9,4,0,1,0,0,5.50,5.47
2022-05-13 09:52:49,1.05,236,263,9,4,0,1,0,0,8.00,9.93
2022-05-13 09:54:05,11.35,230,138,9,4,1,1,0,0,35.00,29.55
2022-05-13 09:55:24,3.60,209,68,9,4,0,1,0,0,17.00,24.83
2022-05-13 09:59:25,0.62,142,143,9,4,0,1,0,0,5.00,4.45
2022-05-13 10:01:05,1.60,48,246,10,4,0,0,0,0,8.50,9.23
2022-05-13 10:05:15,1.97,163,236,10,4,0,0,0,0,11.00,15.23
2022-05-13 10:11:11,2.25,231,68,10,4,0,0,0,0,10.50,13.40
2022-05-13 10:23:16,2.80,141,137,10,4,0,0,0,0,13.50,18.05
2022-05-13 10:23:51,4.20,113,236,10,4,0,0,0,0,21.00,32.07
2022-05-13 10:25:08,1.00,237,236,10,4,0,0,0,0,6.50,6.55
2022-05-13 10:32:47,0.70,143,142,10,4,0,0,0,0,5.50,5.68
2022-05-13 10:33:58,4.00,237,249,10,4,0,0,0,0,17.00,22.58
2022-05-13 10:35:01,10.95,138,137,10,4,1,0,0,0,30.00,19.80
2022-05-13 10:35:22,2.01,142,43,10,4,0,0,0,0,10.00,12.25
2022-05-13 10:36:50,5.52,161,231,10,4,0,0,0,0,21.00,23.58
2022-05-13 10:36:51,1.17,163,237,10,4,0,0,0,0,9.00,12.05
2022-05-13 10:40:14,2.90,229,90,10,4,0,0,0,0,18.50,29.57
2022-05-13 10:41:37,1.70,100,237,10,4,0,0,0,0,9.50,12.43
2022-05-13 10:44:02,0.69,237,236,10,4,0,0,0,0,6.50,7.68
2022-05-13 10:44:03,17.47,132,100,10,4,1,0,0,0,52.00,45.88
2022-05-13 10:50:10,2.10,163,43,10,4,0,0,0,0,11.00,12.80
2022-05-13 10:52:00,1.58,142,141,10,4,0,0,0,0,9.50,11.37
2022-05-13 10:52:08,2.15,238,142,10,4,0,0,0,0,11.00,13.92
2022-05-13 10:55:51,0.86,211,114,10,4,0,0,0,0,5.50,4.82
2022-05-13 10:56:33,1.43,236,161,10,4,0,0,0,0,9.00,11.28
2022-05-13 10:57:48,4.54,261,48,10,4,0,0,0,0,19.00,22.62
2022-05-13 11:02:48,1.65,236,161,11,4,0,0,0,0,12.50,17.37
2022-05-13 11:02:59,1.35,239,238,11,4,0,0,0,0,7.50,9.00
2022-05-13 11:04:17,2.34,161,79,11,4,0,0,0,0,13.00,18.62
2022-05-13 11:06:54,16.88,164,132,11,4,1,0,0,0,52.00,42.02
2022-05-13 11:07:28,0.88,113,249,11,4,0,0,0,0,6.00,7.10
2022-05-13 11:08:19,1.96,186,211,11,4,0,0,0,0,12.50,18.52
2022-05-13 11:10:28,2.10,236,230,11,4,0,0,0,0,11.50,15.87
2022-05-13 11:18:06,0.34,186,164,11,4,0,0,0,0,4.00,4.50
2022-05-13 11:19:43,1.10,107,170,11,4,0,0,0,0,7.00,7.57
2022-05-13 11:22:10,1.20,79,249,11,4,0,0,0,0,9.50,13.28
2022-05-13 11:22:53,8.00,138,75,11,4,1,0,0,0,26.00,23.18
2022-05-13 11:31:15,4.40,263,107,11,4,0,0,0,0,18.50,22.92
2022-05-13 11:33:53,13.79,162,10,11,4,0,0,0,0,49.00,55.00
2022-05-13 11:36:05,1.84,161,143,11,4,0,0,0,0,9.00,10.32
2022-05-13 11:40:48,0.63,233,140,11,4,0,0,0,0,5.50,5.52
2022-05-13 11:43:49,0.78,90,48,11,4,0,0,0,0,9.00,12.63
2022-05-13 11:45:47,1.35,107,114,11,4,0,0,0,0,10.00,14.38
2022-05-13 11:48:33,1.60,236,237,11,4,0,0,0,0,13.50,20.87
2022-05-13 11:50:35,1.10,142,43,11,4,0,0,0,0,6.00,5.32
2022-05-13 12:00:30,2.47,238,140,12,4,0,0,0,0,15.00,21.30
2022-05-13 12:01:37,0.86,163,141,12,4,0,0,0,0,6.00,6.23
2022-05-13 12:02:32,9.72,186,138,12,4,1,0,0,0,33.50,36.62
2022-05-13 12:04:07,7.42,261,141,12,4,0,0,0,0,25.00,22.15
2022-05-13 12:05:52,2.90,143,236,12,4,0,0,0,0,14.50,19.30
2022-05-13 12:05:56,2.80,79,162,12,4,0,0,0,0,11.50,12.43
2022-05-13 12:09:13,0.70,237,162,12,4,0,0,0,0,5.00,4.37
2022-05-13 12:11:45,21.20,170,161,12,4,0,0,0,0,64.50,60.37
2022-05-13 12:12:02,1.07,141,140,12,4,0,0,0,0,8.00,12.75
2022-05-13 12:13:20,3.92,114,142,12,4,0,0,0,0,19.50,28.73
2022-05-13 12:16:25,2.20,161,236,12,4,0,0,0,0,11.50,14.55
2022-05-13 12:16:30,1.24,161,229,12,4,0,0,0,0,9.00,12.33
2022-05-13 12:23:46,1.70,143,162,12,4,0,0,0,0,10.00,13.15
2022-05-13 12:24:38,1.50,141,229,12,4,0,0,0,0,9.00,10.30
2022-05-13 12:25:29,1.20,246,230,12,4,0,0,0,0,10.00,13.98
2022-05-13 12:26:00,1.50,262,229,12,4,0,0,0,0,8.50,9.68
2022-05-13 12:28:48,2.50,142,263,12,4,0,0,0,0,13.50,17.13
2022-05-13 12:30:56,1.77,162,234,12,4,0,0,0,0,10.00,14.53
2022-05-13 12:38:19,12.11,138,132,12,4,1,0,0,0,41.50,42.23
2022-05-13 12:40:04,3.08,68,4,12,4,0,0,0,0,15.00,21.12
2022-05-13 12:46:05,1.29,107,186,12,4,0,0,0,0,9.50,12.75
2022-05-13 12:46:25,4.00,48,13,12,4,0,0,0,0,17.00,20.02
2022-05-13 12:46:54,1.00,229,233,12,4,0,0,0,0,6.00,6.55
2022-05-13 12:48:55,1.45,234,114,12,4,0,0,0,0,8.00,8.68
2022-05-13 12:48:58,2.71,161,238,12,4,0,0,0,0,14.50,20.00
2022-05-13 12:53:07,1.30,230,68,12,4,0,0,0,0,9.00,12.00
2022-05-13 12:56:44,15.70,45,1,12,4,1,0,0,0,66.00,44.02
2022-05-13 12:59:28,3.20,158,163,12,4,0,0,0,0,16.50,23.82
2022-05-13 13:02:58,6.10,48,87,13,4,0,0,0,0,26.50,33.25
2022-05-13 13:10:26,0.68,162,161,13,4,0,0,0,0,6.50,7.63
2022-05-13 13:12:31,4.00,43,211,13,4,0,0,0,0,23.00,36.03
2022-05-13 13:13:13,0.70,170,162,13,4,0,0,0,0,7.50,9.95
2022-05-13 13:14:34,1.12,137,234,13,4,0,0,0,0,8.50,10.57
2022-05-13 13:18:29,0.62,107,107,13,4,0,0,0,0,4.50,3.20
2022-05-13 13:19:13,0.95,43,236,13,4,0,0,0,0,8.00,10.57
2022-05-13 13:22:15,0.80,236,237,13,4,0,0,0,0,7.50,9.43
2022-05-13 13:22:37,0.60,262,262,13,4,0,0,0,0,5.00,4.25
2022-05-13 13:24:44,1.84,162,234,13,4,0,0,0,0,11.00,14.78
2022-05-13 13:24:59,0.77,161,186,13,4,0,0,0,0,6.50,8.53
2022-05-13 13:25:00,3.57,162,145,13,4,0,0,0,0,12.06,21.00
2022-05-13 13:25:37,1.00,170,68,13,4,0,0,0,0,13.50,22.13
2022-05-13 13:27:50,17.94,132,234,13,4,1,0,0,0,52.00,54.73
2022-05-13 13:28:27,0.80,43,141,13,4,0,0,0,0,7.50,10.82
2022-05-13 13:30:59,0.74,238,238,13,4,0,0,0,0,5.00,4.80
2022-05-13 13:34:59,22.36,132,239,13,4,1,0,0,0,52.00,82.60
2022-05-13 13:36:41,2.08,43,164,13,4,0,0,0,0,12.00,16.95
2022-05-13 13:45:48,0.76,170,164,13,4,0,0,0,0,9.00,13.58
2022-05-13 13:46:22,4.02,140,90,13,4,0,0,0,0,16.00,18.83
2022-05-13 13:47:23,3.63,143,236,13,4,0,0,0,0,16.00,20.05
2022-05-13 13:51:22,2.04,238,237,13,4,0,0,0,0,13.00,18.73
2022-05-13 13:56:06,0.87,239,143,13,4,0,0,0,0,6.50,7.67
2022-05-13 13:59:03,1.12,231,88,13,4,0,0,0,0,7.00,8.22
2022-05-13 14:00:54,2.20,113,246,14,4,0,0,0,0,14.00,21.62
2022-05-13 14:10:37,1.60,229,142,14,4,0,0,0,0,9.50,12.23
2022-05-13 14:13:55,0.70,74,42,14,4,0,0,0,0,6.50,7.12
2022-05-13 14:14:48,10.54,186,85,14,4,0,0,0,0,38.00,45.08
2022-05-13 14:15:18,0.86,142,239,14,4,0,0,0,0,6.00,6.35
2022-05-13 14:16:06,1.50,68,164,14,4,0,0,0,0,10.50,14.87
2022-05-13 14:17:53,1.47,238,143,14,4,0,0,0,0,7.50,8.47
2022-05-13 14:18:07,1.91,236,41,14,4,0,0,0,0,10.50,14.23
2022-05-13 14:18:26,2.00,79,186,14,4,0,0,0,0,14.00,21.38
2022-05-13 14:19:55,2.97,68,236,14,4,0,0,0,0,14.50,19.55
2022-05-13 14:20:39,0.90,164,161,14,4,0,0,0,0,6.00,6.30
2022-05-13 14:23:26,0.70,237,237,14,4,0,0,0,0,12.00,18.58
2022-05-13 14:24:08,4.20,90,236,14,4,0,0,0,0,19.50,28.05
2022-05-13 14:27:03,1.20,141,162,14,4,0,0,0,0,8.00,9.10
2022-05-13 14:27:11,8.93,238,45,14,4,0,0,0,0,34.00,42.83
2022-05-13 14:27:34,18.12,132,161,14,4,1,0,0,0,52.00,68.30
2022-05-13 14:30:28,1.33,7,145,14,4,0,0,0,0,6.50,5.82
2022-05-13 14:30:34,19.88,132,162,14,4,1,0,0,0,52.00,72.52
2022-05-13 14:31:40,1.09,162,100,14,4,0,0,0,0,9.00,12.65
2022-05-13 14:32:11,1.94,43,43,14,4,0,0,0,0,10.00,12.77
2022-05-13 14:33:34,1.70,143,237,14,4,0,0,0,0,9.00,10.68
2022-05-13 14:39:41,1.60,170,141,14,4,0,0,0,0,7.50,7.22
2022-05-13 14:41:08,1.10,246,113,14,4,0,0,0,0,7.00,8.52
2022-05-13 14:42:46,6.30,88,141,14,4,0,0,0,0,20.00,16.72
2022-05-13 14:43:39,1.80,50,186,14,4,0,0,0,0,12.00,16.67
2022-05-13 14:49:31,1.00,75,236,14,4,0,0,0,0,6.00,6.00
2022-05-13 14:50:38,1.09,161,142,14,4,0,0,0,0,6.50,6.85
2022-05-13 14:51:22,1.52,142,230,14,4,0,0,0,0,13.50,21.53
2022-05-13 14:54:16,1.44,211,68,14,4,0,0,0,0,8.50,10.03
2022-05-13 14:54:42,9.90,140,181,14,4,0,0,0,0,33.50,37.88
2022-05-13 14:55:00,0.81,229,233,14,4,0,0,0,0,5.00,3.78
2022-05-13 14:59:40,1.26,161,229,14,4,0,0,0,0,10.00,13.97
2022-05-13 15:00:00,6.00,261,170,15,4,0,0,0,0,19.00,14.22
2022-05-13 15:00:51,2.98,163,238,15,4,0,0,0,0,16.50,24.50
2022-05-13 15:01:15,1.40,263,140,15,4,0,0,0,0,8.50,11.20
2022-05-13 15:01:57,0.90,231,209,15,4,0,0,0,0,6.50,6.92
2022-05-13 15:04:23,9.50,138,238,15,4,1,0,0,0,31.00,35.47
2022-05-13 15:10:15,1.58,230,234,15,4,0,0,0,0,8.50,11.28
2022-05-13 15:11:25,2.78,144,161,15,4,0,0,0,0,15.50,21.93
2022-05-13 15:13:36,11.06,164,138,15,4,1,0,0,0,41.50,56.97
2022-05-13 15:16:07,0.90,152,41,15,4,0,0,0,0,5.50,5.17
2022-05-13 15:16:38,18.40,132,263,15,4,1,0,0,0,52.00,78.47
2022-05-13 15:17:08,1.70,114,158,15,4,0,0,0,0,13.50,21.88
2022-05-13 15:17:43,2.70,239,100,15,4,0,0,0,0,16.00,23.23
2022-05-13 15:18:26,1.02,164,246,15,4,0,0,0,0,8.00,9.97
2022-05-13 15:19:03,1.20,262,237,15,4,0,0,0,0,6.50,6.85
2022-05-13 15:20:51,2.18,137,50,15,4,0,0,0,0,17.00,26.98
2022-05-13 15:21:10,4.00,234,151,15,4,0,0,0,0,19.00,33.12
2022-05-13 15:22:57,1.90,262,239,15,4,0,0,0,0,15.50,23.38
2022-05-13 15:22:58,2.50,186,144,15,4,0,0,0,0,13.50,18.28
2022-05-13 15:23:32,2.39,239,230,15,4,0,0,0,0,14.50,20.83
2022-05-13 15:24:18,3.55,43,234,15,4,0,0,0,0,20.00,29.73
2022-05-13 15:29:35,1.06,233,237,15,4,0,0,0,0,6.50,7.28
2022-05-13 15:32:08,1.00,237,141,15,4,0,0,0,0,5.50,5.08
2022-05-13 15:32:36,1.35,262,237,15,4,0,0,0,0,8.50,11.10
2022-05-13 15:32:51,1.80,166,239,15,4,0,0,0,0,9.00,10.32
2022-05-13 15:34:33,1.60,43,237,15,4,0,0,0,0,8.50,10.00
2022-05-13 15:41:06,7.08,231,236,15,4,0,0,0,0,27.00,34.77
2022-05-13 15:42:32,6.60,260,230,15,4,0,0,0,0,32.50,47.93
2022-05-13 15:42:46,0.90,161,100,15,4,0,0,0,0,8.50,11.85
2022-05-13 15:42:58,5.22,186,231,15,4,0,0,0,0,14.50,21.18
2022-05-13 15:44:04,1.40,151,143,15,4,0,0,0,0,8.50,10.12
2022-05-13 15:44:38,3.45,43,141,15,4,0,0,0,0,11.50,15.87
2022-05-13 15:50:23,0.96,230,161,15,4,0,0,0,0,6.50,7.08
2022-05-13 15:50:26,1.42,113,79,15,4,0,0,0,0,8.00,9.77
2022-05-13 15:53:46,2.94,232,234,15,4,0,0,0,0,21.00,33.57
2022-05-13 15:54:03,3.41,229,75,15,4,0,0,0,0,10.00,11.62
2022-05-13 15:54:07,2.65,249,45,15,4,0,0,0,0,16.50,25.42
2022-05-13 15:57:53,1.19,236,237,15,4,0,0,0,0,6.00,6.07
2022-05-13 15:59:20,17.55,132,230,15,4,1,0,0,0,52.00,76.02
2022-05-13 16:01:11,11.20,132,160,16,4,1,0,1,0,35.50,44.65
2022-05-13 16:02:29,3.37,79,50,16,4,0,0,1,0,23.50,39.28
2022-05-13 16:02:48,2.10,79,68,16,4,0,0,1,0,13.00,18.77
2022-05-13 16:05:45,1.30,79,164,16,4,0,0,1,0,8.00,9.90
2022-05-13 16:08:00,1.88,249,249,16,4,0,0,1,0,11.50,16.00
2022-05-13 16:09:12,1.24,237,142,16,4,0,0,1,0,8.50,10.75
2022-05-13 16:10:57,1.17,90,230,16,4,0,0,1,0,15.00,25.35
2022-05-13 16:13:47,0.90,48,230,16,4,0,0,1,0,5.50,4.65
2022-05-13 16:23:25,0.50,236,237,16,4,0,0,1,0,6.00,8.28
2022-05-13 16:24:23,1.15,162,100,16,4,0,0,1,0,9.00,12.53
2022-05-13 16:25:51,1.10,237,140,16,4,0,0,1,0,8.00,9.65
2022-05-13 16:27:03,0.89,164,170,16,4,0,0,1,0,7.50,9.77
2022-05-13 16:27:38,2.20,68,13,16,4,0,0,1,0,10.50,11.32
2022-05-13 16:28:59,0.50,170,170,16,4,0,0,1,0,5.50,6.08
2022-05-13 16:29:16,0.30,137,170,16,4,0,0,1,0,3.00,1.15
2022-05-13 16:33:54,1.10,163,50,16,4,0,0,1,0,11.50,17.28
2022-05-13 16:35:07,0.70,237,236,16,4,0,0,1,0,5.00,4.35
2022-05-13 16:40:11,1.55,263,229,16,4,0,0,1,0,11.97,18.07
2022-05-13 16:40:46,2.39,163,238,16,4,0,0,1,0,13.00,18.22
2022-05-13 16:42:51,2.00,151,74,16,4,0,0,1,0,10.50,13.05
2022-05-13 16:47:55,0.60,237,236,16,4,0,0,1,0,6.00,6.78
2022-05-13 16:53:38,0.96,239,143,16,4,0,0,1,0,6.00,5.30
2022-05-13 16:54:20,0.68,164,234,16,4,0,0,1,0,4.50,2.95
2022-05-13 16:55:01,0.37,48,48,16,4,0,0,1,0,3.00,1.22
2022-05-13 16:56:53,2.84,237,113,16,4,0,0,1,0,15.50,23.98
2022-05-13 16:58:46,1.04,236,140,16,4,0,0,1,0,7.50,9.88
2022-05-13 17:01:51,1.40,236,237,17,4,0,0,1,0,9.00,11.42
2022-05-13 17:04:00,2.90,107,45,17,4,0,0,1,0,12.50,13.87
2022-05-13 17:05:26,1.04,163,48,17,4,0,0,1,0,7.50,9.18
2022-05-13 17:08:09,1.96,162,236,17,4,0,0,1,0,8.50,8.50
2022-05-13 17:10:01,3.12,161,249,17,4,0,0,1,0,15.00,21.30
2022-05-13 17:12:16,5.56,246,7,17,4,0,0,1,0,26.50,40.70
2022-05-13 17:15:48,1.11,163,170,17,4,0,0,1,0,7.00,8.87
2022-05-13 17:18:55,10.65,138,211,17,4,1,0,1,0,42.00,57.07
2022-05-13 17:19:25,1.20,164,230,17,4,0,0,1,0,9.50,13.05
2022-05-13 17:22:17,1.40,237,230,17,4,0,0,1,0,9.00,11.37
2022-05-13 17:23:41,9.54,138,238,17,4,1,0,1,0,38.00,55.22
2022-05-13 17:24:36,19.10,132,48,17,4,1,0,1,0,52.00,85.85
2022-05-13 17:26:01,1.45,113,68,17,4,0,0,1,0,9.00,12.20
2022-05-13 17:27:43,19.05,132,170,17,4,1,0,1,0,52.00,69.33
2022-05-13 17:29:39,1.63,141,170,17,4,0,0,1,0,9.50,12.40
2022-05-13 17:30:16,2.83,65,256,17,4,0,0,1,0,11.50,11.67
2022-05-13 17:30:59,0.70,79,144,17,4,0,0,1,0,5.50,5.43
2022-05-13 17:32:15,2.21,79,186,17,4,0,0,1,0,10.50,13.38
2022-05-13 17:33:10,0.60,162,162,17,4,0,0,1,0,6.00,6.83
2022-05-13 17:33:14,1.57,161,68,17,4,0,0,1,0,9.50,13.28
2022-05-13 17:33:38,20.23,132,238,17,4,1,0,1,0,52.00,70.65
2022-05-13 17:33:50,1.57,68,158,17,4,0,0,1,0,15.50,24.68
2022-05-13 17:34:05,18.70,246,132,17,4,1,0,1,0,52.00,61.98
2022-05-13 17:34:38,3.30,229,158,17,4,0,0,1,0,17.00,25.30
2022-05-13 17:38:11,3.10,237,79,17,4,0,0,1,0,15.00,21.22
2022-05-13 17:41:44,0.83,143,142,17,4,0,0,1,0,5.50,4.73
2022-05-13 17:45:45,1.30,186,48,17,4,0,0,1,0,9.00,12.48
2022-05-13 17:51:36,3.47,238,161,17,4,0,0,1,0,18.00,26.07
2022-05-13 17:55:19,2.00,230,170,17,4,0,0,1,0,11.50,15.62
2022-05-13 17:57:13,2.14,140,142,17,4,0,0,1,0,10.50,12.97
2022-05-13 18:00:14,1.38,239,48,18,4,0,0,1,0,8.50,10.27
2022-05-13 18:04:54,2.30,163,239,18,4,0,0,1,0,11.50,15.38
2022-05-13 18:09:09,1.32,237,142,18,4,0,0,1,0,8.00,8.87
2022-05-13 18:10:34,1.00,142,238,18,4,0,0,1,0,5.50,4.12
2022-05-13 18:18:21,1.17,237,233,18,4,0,0,1,0,8.00,8.78
2022-05-13 18:18:53,0.91,234,230,18,4,0,0,1,0,6.00,6.05
2022-05-13 18:18:56,1.97,113,186,18,4,0,0,1,0,10.50,14.53
2022-05-13 18:21:47,2.30,186,144,18,4,0,0,1,0,17.00,28.95
2022-05-13 18:22:52,3.52,234,234,18,4,0,0,1,0,17.50,24.97
2022-05-13 18:23:10,1.29,141,237,18,4,0,0,1,0,7.50,8.90
2022-05-13 18:23:47,1.40,230,142,18,4,0,0,1,0,7.50,8.48
2022-05-13 18:24:59,7.50,138,145,18,4,1,0,1,0,24.00,25.37
2022-05-13 18:25:11,2.28,113,230,18,4,0,0,1,0,10.50,12.78
2022-05-13 18:27:11,1.32,162,237,18,4,0,0,1,0,7.00,7.38
2022-05-13 18:28:36,1.73,142,236,18,4,0,0,1,0,9.00,10.22
2022-05-13 18:30:12,0.90,163,237,18,4,0,0,1,0,8.00,10.03
2022-05-13 18:32:44,4.00,234,112,18,4,0,0,1,0,17.50,22.67
2022-05-13 18:33:09,0.28,163,237,18,4,0,0,1,0,4.00,2.83
2022-05-13 18:34:23,1.34,239,24,18,4,0,0,1,0,7.50,8.17
2022-05-13 18:36:03,2.54,249,50,18,4,0,0,1,0,18.00,28.85
2022-05-13 18:36:14,1.20,142,237,18,4,0,0,1,0,7.00,7.92
2022-05-13 18:37:55,1.70,107,162,18,4,0,0,1,0,9.50,11.87
2022-05-13 18:37:56,1.42,249,231,18,4,0,0,1,0,11.00,16.22
2022-05-13 18:38:27,4.22,234,262,18,4,0,0,1,0,16.00,19.52
2022-05-13 18:38:43,1.50,161,246,18,4,0,0,1,0,11.50,17.02
2022-05-13 18:39:06,3.40,164,232,18,4,0,0,1,0,18.00,27.17
2022-05-13 18:40:44,1.90,164,79,18,4,0,0,1,0,10.50,13.30
2022-05-13 18:41:15,8.66,246,189,18,4,0,0,1,0,32.50,40.22
2022-05-13 18:41:47,12.10,132,138,18,4,1,0,1,0,34.50,30.53
2022-05-13 18:43:35,2.03,163,140,18,4,0,0,1,0,9.00,9.58
2022-05-13 18:44:13,1.71,239,141,18,4,0,0,1,0,9.50,11.52
2022-05-13 18:45:17,3.02,186,239,18,4,0,0,1,0,13.50,17.65
2022-05-13 18:50:10,0.77,48,143,18,4,0,0,1,0,5.00,4.80
2022-05-13 18:51:18,2.79,142,234,18,4,0,0,1,0,14.50,20.28
2022-05-13 18:52:45,5.45,163,152,18,4,0,0,1,0,21.50,23.97
2022-05-13 18:56:47,0.60,107,107,18,4,0,0,1,0,4.00,3.07
2022-05-13 19:00:00,1.07,236,141,19,4,0,0,1,0,7.50,8.30
2022-05-13 19:00:34,2.42,237,237,19,4,0,0,1,0,13.50,17.00
2022-05-13 19:00:59,1.00,263,236,19,4,0,0,1,0,7.50,8.58
2022-05-13 19:01:21,1.60,142,237,19,4,0,0,1,0,8.00,8.10
2022-05-13 19:01:33,3.20,231,230,19,4,0,0,1,0,14.00,18.48
2022-05-13 19:01:41,1.45,48,68,19,4,0,0,1,0,7.00,7.33
2022-05-13 19:02:55,1.25,48,143,19,4,0,0,1,0,7.50,8.98
2022-05-13 19:03:26,0.80,141,141,19,4,0,0,1,0,6.00,6.27
2022-05-13 19:06:14,2.40,238,230,19,4,0,0,1,0,12.00,18.28
2022-05-13 19:09:35,7.60,229,231,19,4,0,0,1,0,23.50,20.33
2022-05-13 19:10:01,2.55,79,229,19,4,0,0,1,0,10.00,10.02
2022-05-13 19:10:28,5.86,116,48,19,4,0,0,1,0,21.50,23.08
2022-05-13 19:11:28,2.62,166,142,19,4,0,0,1,0,13.00,16.25
2022-05-13 19:15:22,1.59,236,140,19,4,0,0,1,0,9.50,12.42
2022-05-13 19:15:53,1.19,163,50,19,4,0,0,1,0,7.00,8.28
2022-05-13 19:15:59,2.82,143,90,19,4,0,0,1,0,14.65,14.72
2022-05-13 19:17:41,1.46,170,163,19,4,0,0,1,0,11.00,15.62
2022-05-13 19:17:42,2.70,229,239,19,4,0,0,1,0,11.00,12.77
2022-05-13 19:18:09,3.40,261,164,19,4,0,0,1,0,19.50,31.42
2022-05-13 19:19:01,1.00,144,249,19,4,0,0,1,0,7.50,10.20
2022-05-13 19:20:08,0.76,107,164,19,4,0,0,1,0,6.50,7.40
2022-05-13 19:20:22,0.64,236,263,19,4,0,0,1,0,5.00,4.85
2022-05-13 19:20:31,1.04,79,137,19,4,0,0,1,0,7.00,7.98
2022-05-13 19:20:43,2.30,233,148,19,4,0,0,1,0,10.50,13.07
2022-05-13 19:21:59,0.61,230,100,19,4,0,0,1,0,4.50,3.88
2022-05-13 19:22:28,2.85,141,145,19,4,0,0,1,0,12.00,14.62
2022-05-13 19:27:10,0.86,237,141,19,4,0,0,1,0,5.00,3.82
2022-05-13 19:27:37,1.11,234,170,19,4,0,0,1,0,6.50,6.87
2022-05-13 19:29:48,1.53,164,249,19,4,0,0,1,0,11.50,17.30
2022-05-13 19:32:09,1.71,162,142,19,4,0,0,1,0,10.00,13.32
2022-05-13 19:32:19,1.93,236,74,19,4,0,0,1,0,9.00,10.77
2022-05-13 19:32:22,0.79,211,231,19,4,0,0,1,0,6.50,8.48
2022-05-13 19:38:09,1.16,239,238,19,4,0,0,1,0,6.50,7.33
2022-05-13 19:40:22,2.52,48,151,19,4,0,0,1,0,10.50,11.57
2022-05-13 19:41:10,0.97,90,186,19,4,0,0,1,0,6.00,5.55
2022-05-13 19:44:35,3.13,229,238,19,4,0,0,1,0,12.00,12.75
2022-05-13 19:45:07,1.00,142,230,19,4,0,0,1,0,7.00,8.98
2022-05-13 19:45:50,0.47,166,166,19,4,0,0,1,0,4.00,3.12
2022-05-13 19:48:41,0.40,237,237,19,4,0,0,1,0,4.00,3.05
2022-05-13 19:50:51,0.90,90,100,19,4,0,0,1,0,7.50,9.52
2022-05-13 19:51:02,1.30,107,137,19,4,0,0,1,0,8.00,9.83
2022-05-13 19:55:51,1.20,79,107,19,4,0,0,1,0,7.00,8.90
2022-05-13 19:59:17,2.61,170,114,19,4,0,0,1,0,13.50,19.55
2022-05-13 20:02:44,3.30,161,238,20,4,0,0,0,0,13.00,15.38
2022-05-13 20:05:29,1.20,263,141,20,4,0,0,0,0,6.00,4.75
2022-05-13 20:05:43,1.00,143,163,20,4,0,0,0,0,7.00,8.08
2022-05-13 20:11:31,4.21,239,244,20,4,0,0,0,0,16.00,18.02
2022-05-13 20:11:55,0.30,79,79,20,4,0,0,0,0,4.00,2.63
2022-05-13 20:14:06,1.83,211,90,20,4,0,0,0,0,11.00,15.88
2022-05-13 20:16:02,1.56,163,143,20,4,0,0,0,0,7.00,7.28
2022-05-13 20:16:51,1.18,141,263,20,4,0,0,0,0,6.00,4.77
2022-05-13 20:16:54,2.19,249,48,20,4,0,0,0,0,11.50,15.60
2022-05-13 20:21:31,0.93,48,186,20,4,0,0,0,0,7.00,8.55
2022-05-13 20:24:19,1.72,186,163,20,4,0,0,0,0,10.00,13.10
2022-05-13 20:25:28,0.83,161,162,20,4,0,0,0,0,5.50,5.60
2022-05-13 20:26:01,0.67,186,137,20,4,0,0,0,0,5.00,4.57
2022-05-13 20:28:25,2.08,68,229,20,4,0,0,0,0,16.00,25.90
2022-05-13 20:31:57,0.91,263,141,20,4,0,0,0,0,5.50,4.68
2022-05-13 20:37:52,4.18,239,137,20,4,0,0,0,0,19.07,21.68
2022-05-13 20:40:49,1.50,234,79,20,4,0,0,0,0,10.00,13.92
2022-05-13 20:42:20,1.62,114,231,20,4,0,0,0,0,11.50,16.93
2022-05-13 20:43:00,9.72,70,48,20,4,0,0,0,0,34.50,36.07
2022-05-13 20:44:33,0.96,137,233,20,4,0,0,0,0,5.50,5.68
2022-05-13 20:45:09,2.42,233,142,20,4,0,0,0,0,12.50,16.05
2022-05-13 20:46:10,0.61,170,234,20,4,0,0,0,0,5.50,6.10
2022-05-13 20:46:58,2.30,186,211,20,4,0,0,0,0,11.50,16.23
2022-05-13 20:48:56,1.20,230,237,20,4,0,0,0,0,6.50,6.85
2022-05-13 20:51:11,1.58,164,114,20,4,0,0,0,0,9.50,12.95
2022-05-13 20:54:08,0.79,90,234,20,4,0,0,0,0,7.00,8.27
2022-05-13 20:57:41,9.32,186,257,20,4,0,0,0,0,30.50,30.50
2022-05-13 20:59:54,1.75,144,68,20,4,0,0,0,0,11.00,15.73
2022-05-13 21:02:04,18.28,132,45,21,4,1,0,0,0,52.00,40.57
2022-05-13 21:03:59,10.31,100,85,21,4,0,0,0,0,38.00,44.65
2022-05-13 21:06:16,2.50,170,144,21,4,0,0,0,0,14.00,21.83
2022-05-13 21:06:23,12.04,148,243,21,4,0,0,0,0,35.50,31.07
2022-05-13 21:08:23,1.81,239,43,21,4,0,0,0,0,9.50,12.08
2022-05-13 21:09:51,2.71,43,48,21,4,0,0,0,0,13.00,17.23
2022-05-13 21:14:07,17.58,132,164,21,4,1,0,0,0,52.00,34.92
2022-05-13 21:15:35,2.00,75,239,21,4,0,0,0,0,8.50,9.28
2022-05-13 21:16:01,2.06,68,161,21,4,0,0,0,0,10.50,14.78
2022-05-13 21:19:55,1.85,186,224,21,4,0,0,0,0,9.00,11.80
2022-05-13 21:21:15,2.60,48,113,21,4,0,0,0,0,12.00,16.77
2022-05-13 21:24:08,2.63,249,230,21,4,0,0,0,0,13.00,18.83
2022-05-13 21:24:22,5.37,246,262,21,4,0,0,0,0,22.50,29.32
2022-05-13 21:25:27,2.10,186,113,21,4,0,0,0,0,12.00,17.18
2022-05-13 21:30:33,4.11,7,80,21,4,0,0,0,0,18.71,19.78
2022-05-13 21:34:36,13.76,13,1,21,4,1,0,0,0,55.00,24.75
2022-05-13 21:42:42,2.20,79,161,21,4,0,0,0,0,10.50,11.67
2022-05-13 21:45:44,2.80,68,48,21,4,0,0,0,0,13.50,16.40
2022-05-13 21:47:41,1.30,229,163,21,4,0,0,0,0,8.50,11.10
2022-05-13 21:52:21,2.05,125,186,21,4,0,0,0,0,10.00,12.00
2022-05-13 21:55:12,5.28,161,256,21,4,0,0,0,0,21.50,28.12
2022-05-13 21:55:58,9.59,138,239,21,4,1,0,0,0,28.50,21.98
2022-05-13 21:58:54,1.88,100,239,21,4,0,0,0,0,10.00,11.57
2022-05-13 21:59:22,0.47,230,230,21,4,0,0,0,0,5.50,6.23
2022-05-13 21:59:39,2.98,113,48,21,4,0,0,0,0,15.50,22.15
2022-05-13 22:00:51,0.54,107,79,22,4,0,0,0,0,5.00,5.12
2022-05-13 22:02:44,0.69,142,50,22,4,0,0,0,0,4.50,3.55
2022-05-13 22:03:57,3.63,263,79,22,4,0,0,0,0,13.00,14.02
2022-05-13 22:04:49,1.60,249,148,22,4,0,0,0,0,9.50,12.08
2022-05-13 22:04:57,2.27,68,142,22,4,0,0,0,0,9.50,11.10
2022-05-13 22:05:33,0.93,170,100,22,4,0,0,0,0,6.00,6.55
2022-05-13 22:09:57,1.90,100,162,22,4,0,0,0,0,8.00,8.47
2022-05-13 22:11:18,1.64,158,231,22,4,0,0,0,0,7.50,7.75
2022-05-13 22:14:22,3.45,132,216,22,4,1,0,0,0,11.50,8.35
2022-05-13 22:14:50,17.43,132,100,22,4,1,0,0,0,52.00,42.47
2022-05-13 22:18:25,0.71,239,142,22,4,0,0,0,0,4.00,1.95
2022-05-13 22:22:17,4.66,79,236,22,4,0,0,0,0,17.00,19.32
2022-05-13 22:22:34,5.17,90,151,22,4,0,0,0,0,18.00,18.82
2022-05-13 22:23:04,2.89,142,262,22,4,0,0,0,0,12.00,14.95
2022-05-13 22:26:08,3.47,170,238,22,4,0,0,0,0,14.50,18.73
2022-05-13 22:27:10,1.50,100,143,22,4,0,0,0,0,10.00,15.05
2022-05-13 22:31:15,1.28,79,234,22,4,0,0,0,0,8.00,9.90
2022-05-13 22:33:52,1.99,79,68,22,4,0,0,0,0,10.50,14.15
2022-05-13 22:34:00,8.56,142,95,22,4,0,0,0,0,33.00,42.70
2022-05-13 22:37:37,1.12,234,79,22,4,0,0,0,0,7.00,8.37
2022-05-13 22:39:25,0.79,137,164,22,4,0,0,0,0,6.50,7.90
2022-05-13 22:40:06,1.10,107,141,22,4,0,0,0,0,9.50,14.12
2022-05-13 22:47:26,7.04,13,151,22,4,0,0,0,0,23.50,22.75
2022-05-13 22:48:34,0.68,231,211,22,4,0,0,0,0,4.50,2.37
2022-05-13 23:00:53,1.87,50,239,23,4,0,0,0,0,7.50,5.78
2022-05-13 23:02:43,1.69,48,186,23,4,0,0,0,0,9.00,11.17
2022-05-13 23:06:18,1.27,249,68,23,4,0,0,0,0,7.00,7.78
2022-05-13 23:08:13,1.51,79,170,23,4,0,0,0,0,8.00,9.20
2022-05-13 23:08:17,2.20,161,137,23,4,0,0,0,0,10.50,12.98
2022-05-13 23:11:11,4.33,161,42,23,4,0,0,0,0,14.50,15.92
2022-05-13 23:11:40,1.01,79,107,23,4,0,0,0,0,6.00,6.32
2022-05-13 23:20:03,5.43,138,95,23,4,1,0,0,0,17.00,11.28
2022-05-13 23:23:05,6.40,79,238,23,4,0,0,0,0,23.50,29.08
2022-05-13 23:25:24,9.90,48,243,23,4,0,0,0,0,32.50,30.70
2022-05-13 23:31:10,3.10,162,263,23,4,0,0,0,0,13.50,15.68
2022-05-13 23:31:56,2.50,137,263,23,4,0,0,0,0,9.50,8.73
2022-05-13 23:34:53,1.88,170,114,23,4,0,0,0,0,9.00,10.58
2022-05-13 23:38:58,1.97,239,262,23,4,0,0,0,0,9.50,9.75
2022-05-13 23:41:02,4.10,114,140,23,4,0,0,0,0,17.00,22.12
2022-05-13 23:43:47,2.36,161,239,23,4,0,0,0,0,10.50,12.23
2022-05-13 23:45:39,1.30,48,233,23,4,0,0,0,0,8.00,9.35
2022-05-13 23:45:45,0.67,236,75,23,4,0,0,0,0,4.00,1.83
2022-05-13 23:45:52,1.50,113,100,23,4,0,0,0,0,7.00,7.60
2022-05-13 23:51:45,3.30,79,140,23,4,0,0,0,0,13.50,13.85
2022-05-13 23:52:51,2.40,234,231,23,4,0,0,0,0,11.50,14.25
2022-05-13 23:53:08,3.80,79,230,23,4,0,0,0,0,15.50,19.25
2022-05-13 23:54:28,0.52,249,113,23,4,0,0,0,0,4.00,2.88
2022-05-13 23:59:48,2.12,234,230,23,4,0,0,0,0,9.50,10.08
2022-05-14 00:01:05,1.43,249,231,0,5,0,0,0,0,8.00,9.23
2022-05-14 00:01:41,0.40,107,79,0,5,0,0,0,0,4.00,2.70
2022-05-14 00:03:09,10.02,138,142,0,5,1,0,0,0,29.00,23.18
2022-05-14 00:04:00,1.94,143,140,0,5,0,0,0,0,11.67,9.00
2022-05-14 00:05:08,5.75,142,223,0,5,0,0,0,0,23.08,32.65
2022-05-14 00:08:52,5.47,164,61,0,5,0,0,0,0,29.74,28.45
2022-05-14 00:12:57,1.87,107,100,0,5,0,0,0,0,13.50,19.82
2022-05-14 00:13:41,3.51,234,239,0,5,0,0,0,0,22.50,34.73
2022-05-14 00:14:55,8.61,97,140,0,5,0,0,0,0,26.50,21.63
2022-05-14 00:23:10,4.07,238,244,0,5,0,0,0,0,14.50,10.95
2022-05-14 00:23:50,1.58,158,158,0,5,0,0,0,0,7.50,7.07
2022-05-14 00:27:16,3.62,170,236,0,5,0,0,0,0,15.50,19.47
2022-05-14 00:29:29,2.90,140,186,0,5,0,0,0,0,11.50,15.80
2022-05-14 00:35:21,3.10,231,230,0,5,0,0,0,0,12.00,12.48
2022-05-14 00:43:48,1.62,186,163,0,5,0,0,0,0,10.00,12.55
2022-05-14 00:47:53,8.04,90,116,0,5,0,0,0,0,31.49,21.75
2022-05-14 00:49:22,1.61,239,24,0,5,0,0,0,0,6.50,5.22
2022-05-14 00:50:09,11.89,138,87,0,5,1,0,0,0,33.50,23.03
2022-05-14 00:51:41,19.99,132,13,0,5,1,0,0,0,52.00,40.27
2022-05-14 01:03:27,2.60,141,151,1,5,0,0,0,0,10.50,10.45
2022-05-14 01:05:18,3.48,231,256,1,5,0,0,0,0,15.50,18.28
2022-05-14 01:20:22,3.70,114,239,1,5,0,0,0,0,13.00,16.35
2022-05-14 01:20:27,3.02,114,233,1,5,0,0,0,0,13.00,17.02
2022-05-14 01:36:11,2.74,163,262,1,5,0,0,0,0,11.00,13.02
2022-05-14 01:41:29,1.60,68,68,1,5,0,0,0,0,7.00,6.80
2022-05-14 01:44:10,2.60,158,261,1,5,0,0,0,0,11.00,12.30
2022-05-14 01:46:26,2.41,79,162,1,5,0,0,0,0,10.00,9.67
2022-05-14 01:46:28,2.37,48,107,1,5,0,0,0,0,12.00,14.63
2022-05-14 01:46:31,1.32,79,107,1,5,0,0,0,0,7.00,6.80
2022-05-14 01:46:58,2.19,48,141,1,5,0,0,0,0,10.00,11.45
2022-05-14 01:52:00,1.96,234,229,1,5,0,0,0,0,10.66,10.00
2022-05-14 02:03:00,5.28,68,236,2,5,0,0,0,0,19.97,21.00
2022-05-14 02:05:55,2.10,229,142,2,5,0,0,0,0,9.50,11.05
2022-05-14 02:08:13,0.50,161,161,2,5,0,0,0,0,4.00,2.52
2022-05-14 02:09:28,2.90,238,116,2,5,0,0,0,0,12.00,12.65
2022-05-14 02:09:59,0.71,100,90,2,5,0,0,0,0,4.50,2.80
2022-05-14 02:13:09,4.00,170,238,2,5,0,0,0,0,14.00,13.90
2022-05-14 02:19:16,1.08,48,50,2,5,0,0,0,0,5.00,3.23
2022-05-14 02:19:51,0.82,263,236,2,5,0,0,0,0,5.00,3.30
2022-05-14 02:20:18,1.11,48,142,2,5,0,0,0,0,5.50,4.10
2022-05-14 02:20:28,1.08,249,90,2,5,0,0,0,0,5.50,5.35
2022-05-14 02:20:40,3.68,48,236,2,5,0,0,0,0,13.00,12.88
2022-05-14 02:23:29,3.60,186,87,2,5,0,0,0,0,13.50,14.93
2022-05-14 02:24:56,4.26,48,74,2,5,0,0,0,0,14.50,14.87
2022-05-14 02:29:17,3.00,48,79,2,5,0,0,0,0,10.50,13.55
2022-05-14 02:30:19,4.84,79,143,2,5,0,0,0,0,20.00,24.87
2022-05-14 02:37:25,4.45,170,151,2,5,0,0,0,0,14.50,12.77
2022-05-14 02:44:26,2.02,141,142,2,5,0,0,0,0,9.00,10.00
2022-05-14 02:45:53,1.47,231,249,2,5,0,0,0,0,7.00,6.12
2022-05-14 02:48:19,0.20,79,79,2,5,0,0,0,0,3.00,1.65
2022-05-14 02:55:48,1.13,4,232,2,5,0,0,0,0,7.00,7.75
2022-05-14 03:07:25,3.08,148,87,3,5,0,0,0,0,11.50,9.78
2022-05-14 03:11:20,8.96,68,42,3,5,0,0,0,0,27.00,21.32
2022-05-14 03:17:34,2.90,186,239,3,5,0,0,0,0,10.50,9.73
2022-05-14 03:26:30,1.69,230,246,3,5,0,0,0,0,8.00,7.97
2022-05-14 03:33:13,3.67,68,209,3,5,0,0,0,0,15.50,17.62
2022-05-14 03:35:23,4.82,148,263,3,5,0,0,0,0,16.00,19.22
2022-05-14 03:39:47,3.70,246,151,3,5,0,0,0,0,12.00,9.37
2022-05-14 03:41:45,2.77,211,137,3,5,0,0,0,0,13.00,19.00
2022-05-14 04:20:17,1.30,263,74,4,5,0,0,0,0,5.50,2.95
2022-05-14 04:20:28,3.59,4,87,4,5,0,0,0,0,12.50,11.12
2022-05-14 04:39:01,3.32,113,237,4,5,0,0,0,0,11.50,10.02
2022-05-14 05:00:56,6.00,48,223,5,5,0,0,0,0,19.50,24.40
2022-05-14 05:02:21,0.95,186,137,5,5,0,0,0,0,6.00,6.23
2022-05-14 05:08:26,2.93,48,113,5,5,0,0,0,0,11.00,10.57
2022-05-14 05:17:50,2.90,100,231,5,5,0,0,0,0,10.50,9.38
2022-05-14 05:35:02,17.84,230,132,5,5,1,0,0,0,52.00,28.60
2022-05-14 06:14:18,1.20,249,79,6,5,0,0,0,0,7.00,7.72
2022-05-14 06:36:29,1.17,238,143,6,5,0,0,0,0,5.50,4.37
2022-05-14 06:45:26,9.69,141,138,6,5,1,0,0,0,27.50,17.23
2022-05-14 06:48:44,0.50,141,237,6,5,0,0,0,0,4.00,2.98
2022-05-14 06:50:58,1.65,249,68,6,5,0,0,0,0,9.28,7.93
2022-05-14 07:17:52,8.78,236,138,7,5,1,0,0,0,25.00,15.33
2022-05-14 07:26:40,21.18,132,161,7,5,1,0,0,0,52.00,34.18
2022-05-14 07:38:18,1.33,163,186,7,5,0,0,0,0,6.00,4.20
2022-05-14 08:00:19,2.31,162,68,8,5,0,0,0,0,10.50,13.42
2022-05-14 08:07:54,1.05,230,142,8,5,0,0,0,0,6.00,5.30
2022-05-14 08:12:57,0.83,68,234,8,5,0,0,0,0,5.50,4.30
2022-05-14 08:17:33,0.48,263,236,8,5,0,0,0,0,3.50,1.57
2022-05-14 08:23:44,5.52,236,246,8,5,0,0,0,0,19.50,20.15
2022-05-14 08:24:21,11.90,132,49,8,5,1,0,0,0,37.50,37.05
2022-05-14 08:25:37,1.30,162,48,8,5,0,0,0,0,6.00,5.52
2022-05-14 08:37:01,2.10,90,50,8,5,0,0,0,0,9.00,9.65
2022-05-14 08:50:59,5.17,100,209,8,5,0,0,0,0,17.50,15.17
2022-05-14 08:51:16,1.13,140,229,8,5,0,0,0,0,6.50,6.70
2022-05-14 08:59:17,4.88,87,50,8,5,0,0,0,0,19.19,15.33
2022-05-14 09:02:19,1.74,230,141,9,5,0,0,0,0,9.00,9.58
2022-05-14 09:03:03,1.54,162,234,9,5,0,0,0,0,7.00,6.40
2022-05-14 09:07:10,0.80,262,236,9,5,0,0,0,0,6.00,6.90
2022-05-14 09:09:18,2.54,116,243,9,5,0,0,0,0,11.50,12.83
2022-05-14 09:09:48,0.77,41,166,9,5,0,0,0,0,4.50,3.48
2022-05-14 09:11:20,2.50,144,186,9,5,0,0,0,0,12.00,15.20
2022-05-14 09:12:48,0.41,43,236,9,5,0,0,0,0,3.50,2.10
2022-05-14 09:22:55,0.96,141,263,9,5,0,0,0,0,4.50,2.87
2022-05-14 09:36:26,1.50,236,238,9,5,0,0,0,0,7.50,7.43
2022-05-14 09:39:33,4.39,262,234,9,5,0,0,0,0,15.50,16.40
2022-05-14 09:42:49,1.99,246,137,9,5,0,0,0,0,9.50,11.40
2022-05-14 09:44:09,1.40,186,230,9,5,0,0,0,0,8.00,9.37
2022-05-14 10:01:12,6.80,75,148,10,5,0,0,0,1,22.00,17.53
2022-05-14 10:01:42,2.15,229,75,10,5,0,0,0,1,8.00,7.03
2022-05-14 10:02:34,2.89,164,236,10,5,0,0,0,1,12.50,15.68
2022-05-14 10:05:21,1.06,161,164,10,5,0,0,0,1,5.50,4.40
2022-05-14 10:08:37,5.08,230,13,10,5,0,0,0,1,12.11,19.85
2022-05-14 10:12:40,2.02,262,163,10,5,0,0,0,1,10.50,12.63
2022-05-14 10:17:28,8.85,236,138,10,5,1,0,0,1,25.50,16.72
2022-05-14 10:20:13,1.30,236,237,10,5,0,0,0,1,7.00,6.20
2022-05-14 10:20:31,1.30,236,238,10,5,0,0,0,1,7.00,9.48
2022-05-14 10:26:28,2.26,236,74,10,5,0,0,0,1,8.50,7.03
2022-05-14 10:29:23,4.09,79,262,10,5,0,0,0,1,13.50,12.67
2022-05-14 10:32:23,0.64,100,48,10,5,0,0,0,1,4.50,4.23
2022-05-14 10:35:15,2.60,230,263,10,5,0,0,0,1,13.00,16.75
2022-05-14 10:36:16,9.46,138,244,10,5,1,0,0,1,27.00,18.75
2022-05-14 10:39:10,6.62,13,239,10,5,0,0,0,1,24.00,25.88
2022-05-14 10:39:40,3.80,244,238,10,5,0,0,0,1,12.50,8.40
2022-05-14 10:41:21,1.61,179,146,10,5,0,0,0,1,8.00,10.02
2022-05-14 10:46:18,4.70,164,209,10,5,0,0,0,1,16.00,12.75
2022-05-14 10:49:10,2.30,238,48,10,5,0,0,0,1,11.50,14.90
2022-05-14 10:52:05,4.26,230,261,10,5,0,0,0,1,20.00,26.60
2022-05-14 10:52:57,0.60,186,164,10,5,0,0,0,1,6.50,7.80
2022-05-14 10:53:37,0.86,236,43,10,5,0,0,0,1,5.50,4.93
2022-05-14 10:55:00,1.05,238,239,10,5,0,0,0,1,7.00,7.88
2022-05-14 10:56:01,5.46,186,87,10,5,0,0,0,1,20.00,19.62
2022-05-14 11:01:48,1.37,79,90,11,5,0,0,0,1,8.00,9.57
2022-05-14 11:03:35,1.62,238,236,11,5,0,0,0,1,8.50,9.60
2022-05-14 11:05:56,3.97,166,244,11,5,0,0,0,1,14.00,13.60
2022-05-14 11:08:04,2.48,230,107,11,5,0,0,0,1,13.00,21.13
2022-05-14 11:08:56,6.36,186,236,11,5,0,0,0,1,26.00,33.47
2022-05-14 11:09:39,2.70,140,75,11,5,0,0,0,1,11.00,11.47
2022-05-14 11:11:35,1.29,163,143,11,5,0,0,0,1,8.50,10.10
2022-05-14 11:12:03,1.80,90,231,11,5,0,0,0,1,9.00,10.48
2022-05-14 11:17:01,6.32,230,87,11,5,0,0,0,1,24.50,29.18
2022-05-14 11:18:21,0.64,68,186,11,5,0,0,0,1,5.50,6.15
2022-05-14 11:18:35,8.48,152,148,11,5,0,0,0,1,29.50,30.52
2022-05-14 11:21:50,18.81,132,125,11,5,1,0,0,1,52.00,50.57
2022-05-14 11:22:42,11.61,132,71,11,5,1,0,0,1,52.00,34.33
2022-05-14 11:24:21,4.58,75,186,11,5,0,0,0,1,22.58,25.48
2022-05-14 11:24:26,1.75,236,142,11,5,0,0,0,1,12.50,18.25
2022-05-14 11:28:15,0.97,158,234,11,5,0,0,0,1,7.00,8.87
2022-05-14 11:30:42,17.97,132,164,11,5,1,0,0,1,52.00,42.27
2022-05-14 11:33:53,0.60,141,141,11,5,0,0,0,1,4.00,2.02
2022-05-14 11:39:40,1.34,107,164,11,5,0,0,0,1,7.50,8.27
2022-05-14 11:42:27,1.22,237,236,11,5,0,0,0,1,7.00,7.30
2022-05-14 11:46:55,1.71,236,239,11,5,0,0,0,1,11.50,15.05
2022-05-14 11:47:42,3.41,13,234,11,5,0,0,0,1,14.00,17.20
2022-05-14 11:54:53,17.19,132,234,11,5,1,0,0,1,52.00,53.12
2022-05-14 12:02:23,3.03,237,234,12,5,0,0,0,1,13.00,15.97
2022-05-14 12:02:29,4.21,50,231,12,5,0,0,0,1,18.50,22.28
2022-05-14 12:03:17,1.12,162,236,12,5,0,0,0,1,6.50,5.33
2022-05-14 12:04:54,0.30,142,163,12,5,0,0,0,1,3.50,1.58
2022-05-14 12:08:22,2.15,163,137,12,5,0,0,0,1,12.00,16.62
2022-05-14 12:10:36,0.50,166,24,12,5,0,0,0,1,4.00,2.08
2022-05-14 12:10:54,2.56,143,68,12,5,0,0,0,1,13.50,17.72
2022-05-14 12:12:54,0.50,263,141,12,5,0,0,0,1,3.50,1.92
2022-05-14 12:16:00,5.50,41,107,12,5,0,0,0,1,22.00,26.88
2022-05-14 12:17:13,9.42,138,230,12,5,1,0,0,1,34.00,39.95
2022-05-14 12:18:58,2.08,43,186,12,5,0,0,0,1,11.00,14.95
2022-05-14 12:25:33,1.70,142,162,12,5,0,0,0,1,8.50,10.15
2022-05-14 12:26:15,1.55,211,107,12,5,0,0,0,1,8.50,9.92
2022-05-14 12:28:55,0.66,236,237,12,5,0,0,0,1,4.00,2.50
2022-05-14 12:30:28,9.11,138,238,12,5,1,0,0,1,28.50,26.13
2022-05-14 12:32:46,2.79,142,234,12,5,0,0,0,1,15.00,20.53
2022-05-14 12:35:59,1.24,107,233,12,5,0,0,0,1,7.50,8.77
2022-05-14 12:38:50,1.74,236,162,12,5,0,0,0,1,7.50,6.93
2022-05-14 12:39:49,1.45,90,230,12,5,0,0,0,1,7.50,8.57
2022-05-14 12:40:16,2.67,249,163,12,5,0,0,0,1,12.50,16.45
2022-05-14 12:41:39,0.91,142,48,12,5,0,0,0,1,7.50,9.50
2022-05-14 12:43:29,1.10,100,161,12,5,0,0,0,1,7.50,9.22
2022-05-14 12:46:56,1.14,163,237,12,5,0,0,0,1,8.50,11.35
2022-05-14 12:48:00,2.68,48,238,12,5,0,0,0,1,17.88,18.00
2022-05-14 12:49:04,1.73,230,249,12,5,0,0,0,1,9.50,13.35
2022-05-14 12:49:44,4.41,152,127,12,5,0,0,0,1,14.50,9.37
2022-05-14 12:49:55,0.79,148,79,12,5,0,0,0,1,4.50,3.53
2022-05-14 12:50:39,1.49,239,236,12,5,0,0,0,1,10.00,14.17
2022-05-14 12:52:09,3.05,161,144,12,5,0,0,0,1,16.50,23.83
2022-05-14 12:55:36,2.10,140,237,12,5,0,0,0,1,13.50,18.57
2022-05-14 12:55:55,2.30,75,141,12,5,0,0,0,1,10.50,12.60
2022-05-14 12:56:12,0.91,141,262,12,5,0,0,0,1,6.00,6.27
2022-05-14 12:57:23,2.30,141,230,12,5,0,0,0,1,19.00,30.37
2022-05-14 13:01:22,1.70,236,238,13,5,0,0,0,1,9.50,12.08
2022-05-14 13:05:28,2.48,186,237,13,5,0,0,0,1,11.00,14.12
2022-05-14 13:11:48,4.37,261,163,13,5,0,0,0,1,19.00,24.95
2022-05-14 13:13:03,2.19,236,142,13,5,0,0,0,1,11.00,13.53
2022-05-14 13:16:16,1.15,107,162,13,5,0,0,0,1,6.00,4.78
2022-05-14 13:17:01,2.20,186,142,13,5,0,0,0,1,10.50,13.20
2022-05-14 13:17:43,18.22,132,48,13,5,1,0,0,1,52.00,59.68
2022-05-14 13:22:50,1.67,239,41,13,5,0,0,0,1,7.50,7.50
2022-05-14 13:23:49,0.50,48,100,13,5,0,0,0,1,8.50,11.83
2022-05-14 13:31:47,2.50,170,144,13,5,0,0,0,1,13.00,18.70
2022-05-14 13:33:58,2.05,234,230,13,5,0,0,0,1,12.00,16.73
2022-05-14 13:36:54,0.69,161,230,13,5,0,0,0,1,9.00,13.65
2022-05-14 13:39:46,9.76,262,174,13,5,0,0,0,1,35.00,44.63
2022-05-14 13:40:07,6.30,113,33,13,5,0,0,0,1,36.00,66.22
2022-05-14 13:41:40,3.96,238,68,13,5,0,0,0,1,19.50,27.75
2022-05-14 13:42:57,3.31,114,142,13,5,0,0,0,1,16.00,23.18
2022-05-14 13:43:03,0.65,140,141,13,5,0,0,0,1,4.00,3.18
2022-05-14 13:47:46,2.96,68,144,13,5,0,0,0,1,13.50,18.40
2022-05-14 13:48:14,3.50,162,74,13,5,0,0,0,1,12.50,12.77
2022-05-14 13:51:12,5.15,164,25,13,5,0,0,0,1,24.50,36.77
2022-05-14 13:52:12,1.90,233,263,13,5,0,0,0,1,9.50,12.03
2022-05-14 13:55:06,18.82,132,166,13,5,1,0,0,1,52.00,50.17
2022-05-14 13:58:00,0.81,231,211,13,5,0,0,0,1,5.50,5.05
2022-05-14 13:58:14,3.19,162,75,13,5,0,0,0,1,13.00,15.67
2022-05-14 14:03:21,1.00,237,162,14,5,0,0,0,1,7.00,7.65
2022-05-14 14:05:18,0.87,186,68,14,5,0,0,0,1,5.50,5.40
2022-05-14 14:06:15,1.42,186,249,14,5,0,0,0,1,8.50,11.00
2022-05-14 14:06:35,1.12,237,163,14,5,0,0,0,1,6.50,7.03
2022-05-14 14:06:51,5.00,249,66,14,5,0,0,0,1,30.50,52.82
2022-05-14 14:07:59,1.40,238,236,14,5,0,0,0,1,7.50,8.38
2022-05-14 14:15:33,3.63,107,236,14,5,0,0,0,1,13.00,13.53
2022-05-14 14:15:53,2.16,236,238,14,5,0,0,0,1,11.00,14.28
2022-05-14 14:16:22,4.59,166,236,14,5,0,0,0,1,25.50,41.37
2022-05-14 14:17:30,2.50,246,231,14,5,0,0,0,1,11.50,12.90
2022-05-14 14:21:39,3.60,262,170,14,5,0,0,0,1,14.00,13.98
2022-05-14 14:27:01,1.30,68,161,14,5,0,0,0,1,7.00,7.52
2022-05-14 14:27:10,2.49,113,161,14,5,0,0,0,1,13.00,18.25
2022-05-14 14:27:28,3.65,238,140,14,5,0,0,0,1,15.46,33.83
2022-05-14 14:28:15,1.42,140,162,14,5,0,0,0,1,8.00,9.62
2022-05-14 14:32:38,2.44,114,161,14,5,0,0,0,1,12.50,16.07
2022-05-14 14:33:07,3.18,141,79,14,5,0,0,0,1,12.50,14.32
2022-05-14 14:33:40,0.57,186,90,14,5,0,0,0,1,4.50,3.02
2022-05-14 14:35:26,3.27,141,142,14,5,0,0,0,1,18.50,28.68
2022-05-14 14:37:51,4.10,13,50,14,5,0,0,0,1,16.50,18.32
2022-05-14 14:38:57,1.20,237,236,14,5,0,0,0,1,6.50,5.57
2022-05-14 14:39:02,1.72,263,43,14,5,0,0,0,1,10.00,13.42
2022-05-14 14:39:17,3.30,239,68,14,5,0,0,0,1,14.50,17.03
2022-05-14 14:39:20,1.55,164,79,14,5,0,0,0,1,10.00,13.72
2022-05-14 14:39:47,1.39,142,162,14,5,0,0,0,1,7.50,8.73
2022-05-14 14:40:33,2.50,164,148,14,5,0,0,0,1,20.00,32.42
2022-05-14 14:42:26,4.32,148,141,14,5,0,0,0,1,14.00,10.48
2022-05-14 14:43:54,1.90,79,170,14,5,0,0,0,1,10.00,11.98
2022-05-14 14:45:01,2.76,48,68,14,5,0,0,0,1,12.00,14.82
2022-05-14 14:46:12,0.83,90,249,14,5,0,0,0,1,6.00,6.63
2022-05-14 14:48:15,1.00,186,68,14,5,0,0,0,1,7.50,8.95
2022-05-14 14:49:54,0.87,164,107,14,5,0,0,0,1,5.00,4.57
2022-05-14 14:54:46,3.00,151,50,14,5,0,0,0,1,13.00,15.53
2022-05-14 14:55:08,2.50,233,114,14,5,0,0,0,1,12.50,17.12
2022-05-14 14:57:30,0.40,239,238,14,5,0,0,0,1,3.50,1.20
2022-05-14 14:58:47,1.36,161,186,14,5,0,0,0,1,9.00,11.08
2022-05-14 15:01:37,3.10,148,186,15,5,0,0,0,1,18.00,26.37
2022-05-14 15:03:21,0.70,163,162,15,5,0,0,0,1,5.00,4.87
2022-05-14 15:07:35,1.20,246,68,15,5,0,0,0,1,7.50,8.17
2022-05-14 15:07:46,18.30,132,68,15,5,1,0,0,1,52.00,75.80
2022-05-14 15:09:15,13.00,132,49,15,5,1,0,0,1,47.50,60.67
2022-05-14 15:09:37,0.67,262,263,15,5,0,0,0,1,4.50,3.28
2022-05-14 15:15:47,2.03,141,229,15,5,0,0,0,1,8.00,6.35
2022-05-14 15:18:34,0.90,170,161,15,5,0,0,0,1,5.00,3.95
2022-05-14 15:19:15,1.38,163,236,15,5,0,0,0,1,7.50,7.98
2022-05-14 15:19:58,1.20,239,143,15,5,0,0,0,1,7.50,9.03
2022-05-14 15:20:03,1.30,137,148,15,5,0,0,0,1,7.00,6.85
2022-05-14 15:21:29,1.48,263,141,15,5,0,0,0,1,6.50,6.15
2022-05-14 15:28:43,0.84,237,237,15,5,0,0,0,1,6.00,5.92
2022-05-14 15:30:37,2.59,237,236,15,5,0,0,0,1,13.00,17.20
2022-05-14 15:34:34,4.12,141,90,15,5,0,0,0,1,16.00,18.98
2022-05-14 15:38:51,2.30,230,50,15,5,0,0,0,1,20.00,32.87
2022-05-14 15:44:55,2.50,48,68,15,5,0,0,0,1,15.50,24.08
2022-05-14 15:45:12,5.35,138,95,15,5,1,0,0,1,17.50,17.68
2022-05-14 15:45:12,0.89,236,237,15,5,0,0,0,1,6.00,6.25
2022-05-14 15:46:44,1.10,161,237,15,5,0,0,0,1,7.50,8.95
2022-05-14 15:47:35,1.60,229,237,15,5,0,0,0,1,8.00,8.78
2022-05-14 15:47:49,0.30,161,161,15,5,0,0,0,1,4.50,5.12
2022-05-14 15:49:02,3.36,48,231,15,5,0,0,0,1,14.00,15.87
2022-05-14 15:49:20,2.80,236,230,15,5,0,0,0,1,16.50,24.08
2022-05-14 15:49:54,1.78,236,230,15,5,0,0,0,1,11.50,15.48
2022-05-14 16:00:07,4.30,170,45,16,5,0,0,0,1,16.00,17.73
2022-05-14 16:00:18,1.70,107,4,16,5,0,0,0,1,9.00,11.70
2022-05-14 16:01:43,2.38,161,246,16,5,0,0,0,1,15.00,22.62
2022-05-14 16:04:00,2.60,231,170,16,5,0,0,0,1,14.50,20.58
2022-05-14 16:04:16,3.60,236,234,16,5,0,0,0,1,17.50,23.62
2022-05-14 16:05:16,2.14,140,236,16,5,0,0,0,1,10.00,12.45
2022-05-14 16:11:52,4.71,68,263,16,5,0,0,0,1,22.50,32.93
2022-05-14 16:12:27,4.14,107,143,16,5,0,0,0,1,25.00,39.00
2022-05-14 16:12:52,2.73,231,68,16,5,0,0,0,1,16.00,23.02
2022-05-14 16:13:08,0.69,68,68,16,5,0,0,0,1,4.50,3.43
2022-05-14 16:15:44,1.96,143,237,16,5,0,0,0,1,11.50,15.03
2022-05-14 16:16:51,1.51,137,4,16,5,0,0,0,1,8.50,9.53
2022-05-14 16:16:52,18.50,132,164,16,5,1,0,0,1,52.00,70.97
2022-05-14 16:17:30,1.32,43,238,16,5,0,0,0,1,7.50,8.78
2022-05-14 16:21:16,2.90,143,107,16,5,0,0,0,1,21.50,34.98
2022-05-14 16:23:51,1.66,137,230,16,5,0,0,0,1,14.00,21.52
2022-05-14 16:24:35,2.26,141,239,16,5,0,0,0,1,18.00,29.97
2022-05-14 16:25:31,1.70,164,79,16,5,0,0,0,1,8.50,10.43
2022-05-14 16:29:04,2.53,234,148,16,5,0,0,0,1,16.00,24.80
2022-05-14 16:31:24,2.30,236,43,16,5,0,0,0,1,13.00,18.65
2022-05-14 16:31:50,1.81,141,162,16,5,0,0,0,1,10.00,12.05
2022-05-14 16:32:20,2.41,161,137,16,5,0,0,0,1,12.00,15.87
2022-05-14 16:38:06,0.93,142,48,16,5,0,0,0,1,9.00,13.00
2022-05-14 16:41:42,0.85,79,107,16,5,0,0,0,1,5.50,5.20
2022-05-14 16:44:10,1.19,162,141,16,5,0,0,0,1,7.00,7.40
2022-05-14 16:45:57,2.81,234,236,16,5,0,0,0,1,12.50,15.42
2022-05-14 16:50:10,2.01,231,158,16,5,0,0,0,1,14.00,19.63
2022-05-14 16:55:26,0.89,237,236,16,5,0,0,0,1,4.50,3.23
2022-05-14 16:57:47,1.10,238,142,16,5,0,0,0,1,7.00,7.90
2022-05-14 16:58:54,2.64,48,158,16,5,0,0,0,1,17.50,25.93
2022-05-14 17:02:35,1.04,229,140,17,5,0,0,0,1,5.50,5.13
2022-05-14 17:03:26,3.08,162,249,17,5,0,0,0,1,16.00,23.47
2022-05-14 17:03:56,1.28,43,263,17,5,0,0,0,1,7.50,8.52
2022-05-14 17:07:55,0.80,161,170,17,5,0,0,0,1,7.00,8.27
2022-05-14 17:10:18,1.22,141,43,17,5,0,0,0,1,8.50,11.17
2022-05-14 17:11:02,4.95,234,238,17,5,0,0,0,1,20.00,24.48
2022-05-14 17:11:14,1.92,236,230,17,5,0,0,0,1,14.50,22.30
2022-05-14 17:12:51,3.42,231,100,17,5,0,0,0,1,18.50,27.85
2022-05-14 17:13:20,2.31,161,158,17,5,0,0,0,1,13.50,19.42
2022-05-14 17:15:08,0.89,161,43,17,5,0,0,0,1,6.00,6.47
2022-05-14 17:17:31,19.00,132,211,17,5,1,0,0,1,52.00,77.48
2022-05-14 17:19:04,1.00,68,246,17,5,0,0,0,1,7.00,8.82
2022-05-14 17:19:08,4.03,261,48,17,5,0,0,0,1,21.50,32.77
2022-05-14 17:22:51,3.00,90,87,17,5,0,0,0,1,15.50,21.45
2022-05-14 17:27:21,0.74,256,256,17,5,0,0,0,1,6.00,6.65
2022-05-14 17:30:07,3.27,144,162,17,5,0,0,0,1,15.50,21.83
2022-05-14 17:32:48,1.14,113,186,17,5,0,0,0,1,6.00,6.28
2022-05-14 17:34:02,2.55,161,158,17,5,0,0,0,1,13.00,17.98
2022-05-14 17:34:34,1.30,125,13,17,5,0,0,0,1,8.50,11.67
2022-05-14 17:34:45,3.65,234,263,17,5,0,0,0,1,16.00,19.55
2022-05-14 17:34:56,1.47,151,41,17,5,0,0,0,1,7.50,7.47
2022-05-14 17:36:22,1.50,142,50,17,5,0,0,0,1,15.50,25.97
2022-05-14 17:39:57,10.44,65,74,17,5,0,0,0,1,31.00,30.82
2022-05-14 17:40:20,10.60,138,143,17,5,1,0,0,1,36.00,41.10
2022-05-14 17:41:29,0.47,237,140,17,5,0,0,0,1,5.50,6.08
2022-05-14 17:42:28,4.90,249,141,17,5,0,0,0,1,19.50,25.98
2022-05-14 17:43:53,1.95,236,163,17,5,0,0,0,1,10.50,13.78
2022-05-14 17:45:42,1.80,263,237,17,5,0,0,0,1,9.50,11.27
2022-05-14 17:47:04,1.40,79,158,17,5,0,0,0,1,10.00,13.83
2022-05-14 17:47:30,0.80,237,237,17,5,0,0,0,1,6.00,7.02
2022-05-14 17:48:45,5.40,87,107,17,5,0,0,0,1,21.50,30.42
2022-05-14 17:48:47,1.58,163,233,17,5,0,0,0,1,10.50,16.95
2022-05-14 17:50:41,3.76,239,234,17,5,0,0,0,1,23.50,37.42
2022-05-14 17:52:21,0.60,249,211,17,5,0,0,0,1,5.00,5.43
2022-05-14 17:53:26,2.90,142,68,17,5,0,0,0,1,18.50,28.67
2022-05-14 17:57:12,0.78,142,239,17,5,0,0,0,1,6.00,7.17
2022-05-14 18:00:44,0.70,236,262,18,5,0,0,0,1,4.50,4.97
2022-05-14 18:02:43,1.00,144,79,18,5,0,0,0,1,10.50,16.63
2022-05-14 18:05:29,1.73,246,230,18,5,0,0,0,1,12.00,18.18
2022-05-14 18:06:55,0.24,230,48,18,5,0,0,0,1,5.50,6.95
2022-05-14 18:07:05,1.90,238,141,18,5,0,0,0,1,10.50,13.13
2022-05-14 18:09:57,9.50,138,79,18,5,1,0,0,1,32.00,36.50
2022-05-14 18:10:13,2.12,237,239,18,5,0,0,0,1,11.50,14.88
2022-05-14 18:11:09,0.58,239,239,18,5,0,0,0,1,4.00,2.35
2022-05-14 18:12:22,4.93,138,92,18,5,1,0,0,1,21.00,26.02
2022-05-14 18:13:00,3.17,263,48,18,5,0,0,0,1,20.00,30.80
2022-05-14 18:26:15,3.10,140,164,18,5,0,0,0,1,17.48,21.77
2022-05-14 18:27:00,4.62,141,113,18,5,0,0,0,1,19.74,35.00
2022-05-14 18:27:18,1.10,113,79,18,5,0,0,0,1,8.00,10.27
2022-05-14 18:29:33,7.68,230,49,18,5,0,0,0,1,29.50,37.80
2022-05-14 18:31:05,8.37,138,237,18,5,1,0,0,1,33.00,43.12
2022-05-14 18:31:36,1.44,237,43,18,5,0,0,0,1,7.50,7.92
2022-05-14 18:31:55,1.39,246,230,18,5,0,0,0,1,16.50,27.70
2022-05-14 18:32:15,3.25,142,107,18,5,0,0,0,1,17.00,25.62
2022-05-14 18:33:12,4.87,141,114,18,5,0,0,0,1,19.50,24.80
2022-05-14 18:37:46,1.07,48,48,18,5,0,0,0,1,13.00,20.63
2022-05-14 18:44:43,5.00,138,157,18,5,1,0,0,1,16.00,13.18
2022-05-14 18:46:31,3.10,186,239,18,5,0,0,0,1,14.50,21.28
2022-05-14 18:46:56,1.34,237,142,18,5,0,0,0,1,8.50,10.87
2022-05-14 18:53:08,5.00,238,107,18,5,0,0,0,1,22.00,29.73
2022-05-14 18:57:25,16.48,132,97,18,5,1,0,0,1,52.00,61.10
2022-05-14 18:59:14,6.53,263,114,18,5,0,0,0,1,23.50,33.88
2022-05-14 19:03:29,1.70,100,162,19,5,0,0,0,1,11.00,15.93
2022-05-14 19:04:12,17.50,132,161,19,5,1,0,0,1,52.00,64.25
2022-05-14 19:06:59,1.01,246,68,19,5,0,0,0,1,6.50,7.45
2022-05-14 19:08:30,0.73,236,237,19,5,0,0,0,1,5.00,3.87
2022-05-14 19:09:08,1.83,236,142,19,5,0,0,0,1,8.50,9.47
2022-05-14 19:09:16,4.40,107,238,19,5,0,0,0,1,17.50,20.58
2022-05-14 19:10:14,2.38,143,164,19,5,0,0,0,1,14.50,22.50
2022-05-14 19:12:57,1.57,142,50,19,5,0,0,0,1,11.00,15.75
2022-05-14 19:13:43,2.61,113,246,19,5,0,0,0,1,14.00,20.52
2022-05-14 19:16:03,0.50,113,90,19,5,0,0,0,1,4.50,4.42
2022-05-14 19:18:04,1.31,162,164,19,5,0,0,0,1,11.00,17.25
2022-05-14 19:18:16,0.60,230,186,19,5,0,0,0,1,6.00,6.30
2022-05-14 19:18:47,17.20,132,170,19,5,1,0,0,1,52.00,44.15
2022-05-14 19:20:20,0.94,142,239,19,5,0,0,0,1,5.50,4.60
2022-05-14 19:25:39,2.82,144,52,19,5,0,0,0,1,12.00,14.70
2022-05-14 19:25:54,2.10,142,162,19,5,0,0,0,1,9.50,10.22
2022-05-14 19:26:37,3.49,161,45,19,5,0,0,0,1,19.00,29.25
2022-05-14 19:27:34,1.25,249,148,19,5,0,0,0,1,10.50,15.50
2022-05-14 19:34:31,6.13,41,90,19,5,0,0,0,1,22.50,25.75
2022-05-14 19:35:46,1.58,107,144,19,5,0,0,0,1,9.50,12.33
2022-05-14 19:36:10,6.17,230,209,19,5,0,0,0,1,21.00,22.27
2022-05-14 19:36:50,18.56,132,48,19,5,1,0,0,1,52.00,50.35
2022-05-14 19:38:43,1.61,48,142,19,5,0,0,0,1,11.00,15.30
2022-05-14 19:39:47,0.60,249,125,19,5,0,0,0,1,4.50,3.48
2022-05-14 19:40:10,0.57,239,143,19,5,0,0,0,1,4.50,4.00
2022-05-14 19:40:32,1.50,163,186,19,5,0,0,0,1,15.50,25.30
2022-05-14 19:41:01,2.82,233,249,19,5,0,0,0,1,13.50,18.70
2022-05-14 19:45:27,2.09,74,151,19,5,0,0,0,1,9.50,11.10
2022-05-14 19:48:00,8.33,155,256,19,5,0,0,0,1,33.72,38.00
2022-05-14 19:48:54,1.85,186,79,19,5,0,0,0,1,12.00,17.63
2022-05-14 19:51:01,1.40,90,164,19,5,0,0,0,1,11.00,16.30
2022-05-14 20:00:54,1.80,234,230,20,5,0,0,0,0,11.50,17.05
2022-05-14 20:06:18,1.15,90,137,20,5,0,0,0,0,8.00,9.78
2022-05-14 20:06:45,5.11,231,233,20,5,0,0,0,0,17.00,14.07
2022-05-14 20:11:03,1.22,263,229,20,5,0,0,0,0,6.50,7.12
2022-05-14 20:13:21,2.62,48,141,20,5,0,0,0,0,11.50,13.75
2022-05-14 20:17:11,1.40,161,50,20,5,0,0,0,0,11.00,18.03
2022-05-14 20:18:02,2.14,142,100,20,5,0,0,0,0,13.50,20.03
2022-05-14 20:18:59,1.70,236,239,20,5,0,0,0,0,8.50,8.92
2022-05-14 20:19:58,1.80,140,75,20,5,0,0,0,0,7.50,5.23
2022-05-14 20:20:34,2.22,113,233,20,5,0,0,0,0,13.50,19.68
2022-05-14 20:24:57,2.51,236,163,20,5,0,0,0,0,13.00,16.57
2022-05-14 20:28:52,1.70,263,238,20,5,0,0,0,0,7.50,7.08
2022-05-14 20:29:33,0.85,68,90,20,5,0,0,0,0,6.00,6.87
2022-05-14 20:30:20,1.80,162,263,20,5,0,0,0,0,8.00,9.97
2022-05-14 20:31:43,1.60,163,170,20,5,0,0,0,0,9.00,11.30
2022-05-14 20:33:22,5.50,90,151,20,5,0,0,0,0,23.50,28.73
2022-05-14 20:33:42,1.00,114,249,20,5,0,0,0,0,6.00,6.27
2022-05-14 20:35:39,1.64,236,238,20,5,0,0,0,0,7.50,7.32
2022-05-14 20:35:55,1.72,48,170,20,5,0,0,0,0,10.00,13.07
2022-05-14 20:47:40,0.81,164,234,20,5,0,0,0,0,5.50,5.63
2022-05-14 20:49:42,0.50,164,107,20,5,0,0,0,0,5.00,4.93
2022-05-14 20:49:52,1.30,164,224,20,5,0,0,0,0,8.00,11.07
2022-05-14 20:50:51,2.81,142,151,20,5,0,0,0,0,12.00,14.22
2022-05-14 20:51:50,0.70,237,237,20,5,0,0,0,0,5.50,6.07
2022-05-14 21:01:45,1.00,234,164,21,5,0,0,0,0,6.50,6.92
2022-05-14 21:02:20,1.08,161,142,21,5,0,0,0,0,6.50,6.47
2022-05-14 21:03:41,0.95,186,230,21,5,0,0,0,0,7.50,9.68
2022-05-14 21:06:09,1.25,163,230,21,5,0,0,0,0,7.50,8.73
2022-05-14 21:06:12,0.90,48,186,21,5,0,0,0,0,7.50,9.55
2022-05-14 21:07:32,1.15,163,237,21,5,0,0,0,0,7.00,7.63
2022-05-14 21:12:00,3.04,234,88,21,5,0,0,0,0,13.00,16.92
2022-05-14 21:14:27,0.74,163,142,21,5,0,0,0,0,6.00,6.43
2022-05-14 21:15:01,1.90,236,237,21,5,0,0,0,0,9.50,10.58
2022-05-14 21:16:32,0.92,162,164,21,5,0,0,0,0,7.00,9.12
2022-05-14 21:19:29,2.58,113,162,21,5,0,0,0,0,14.50,20.97
2022-05-14 21:20:10,4.54,107,224,21,5,0,0,0,0,17.50,18.02
2022-05-14 21:21:10,1.33,100,48,21,5,0,0,0,0,10.50,15.92
2022-05-14 21:25:09,6.30,186,166,21,5,0,0,0,0,21.00,18.65
2022-05-14 21:27:51,1.30,141,229,21,5,0,0,0,0,6.50,5.38
2022-05-14 21:28:10,1.05,263,236,21,5,0,0,0,0,5.50,5.20
2022-05-14 21:32:36,5.95,79,24,21,5,0,0,0,0,23.00,28.78
2022-05-14 21:39:43,1.25,114,107,21,5,0,0,0,0,7.00,7.38
2022-05-14 21:44:11,1.58,233,79,21,5,0,0,0,0,7.50,8.07
2022-05-14 21:46:17,0.84,113,234,21,5,0,0,0,0,5.50,4.43
2022-05-14 21:47:01,1.46,170,48,21,5,0,0,0,0,8.50,11.22
2022-05-14 21:48:28,3.59,12,52,21,5,0,0,0,0,13.00,12.95
2022-05-14 21:49:44,1.17,90,68,21,5,0,0,0,0,8.50,11.08
2022-05-14 21:52:21,2.66,263,142,21,5,0,0,0,0,12.00,15.10
2022-05-14 21:52:29,1.92,114,186,21,5,0,0,0,0,13.00,19.25
2022-05-14 21:52:57,2.10,186,142,21,5,0,0,0,0,9.50,10.32
2022-05-14 21:55:30,2.63,48,151,21,5,0,0,0,0,11.50,12.50
2022-05-14 21:56:35,2.87,141,24,21,5,0,0,0,0,12.00,13.58
2022-05-14 21:57:21,2.03,48,90,21,5,0,0,0,0,10.00,13.38
2022-05-14 21:57:47,1.01,262,236,21,5,0,0,0,0,6.00,5.65
2022-05-14 21:59:53,0.77,237,140,21,5,0,0,0,0,5.50,5.95
2022-05-14 22:02:49,1.09,211,249,22,5,0,0,0,0,6.00,5.67
2022-05-14 22:04:41,1.42,79,234,22,5,0,0,0,0,8.50,10.62
2022-05-14 22:05:45,2.97,263,48,22,5,0,0,0,0,12.50,14.17
2022-05-14 22:05:47,2.40,87,113,22,5,0,0,0,0,11.50,16.12
2022-05-14 22:10:17,0.95,48,161,22,5,0,0,0,0,6.00,6.13
2022-05-14 22:10:36,3.85,114,141,22,5,0,0,0,0,15.00,17.90
2022-05-14 22:10:39,1.87,234,68,22,5,0,0,0,0,9.50,12.12
2022-05-14 22:13:44,0.60,137,233,22,5,0,0,0,0,4.50,3.50
2022-05-14 22:20:34,3.23,162,158,22,5,0,0,0,0,15.50,22.05
2022-05-14 22:21:49,0.80,234,113,22,5,0,0,0,0,5.00,4.20
2022-05-14 22:27:25,3.48,209,49,22,5,0,0,0,0,13.50,14.17
2022-05-14 22:29:40,1.53,137,79,22,5,0,0,0,0,9.00,10.60
2022-05-14 22:29:54,15.23,132,145,22,5,1,0,0,0,42.50,30.65
2022-05-14 22:32:02,1.87,263,74,22,5,0,0,0,0,9.00,9.85
2022-05-14 22:33:58,1.76,41,151,22,5,0,0,0,0,9.00,9.97
2022-05-14 22:38:05,3.65,90,140,22,5,0,0,0,0,18.50,24.50
2022-05-14 22:40:41,0.69,161,161,22,5,0,0,0,0,6.00,6.37
2022-05-14 22:40:55,0.75,143,239,22,5,0,0,0,0,5.00,3.80
2022-05-14 22:43:04,2.87,68,161,22,5,0,0,0,0,13.00,17.38
2022-05-14 22:44:18,2.18,148,137,22,5,0,0,0,0,10.00,12.27
2022-05-14 22:44:27,3.54,234,141,22,5,0,0,0,0,14.50,18.62
2022-05-14 22:44:40,2.06,142,236,22,5,0,0,0,0,9.50,10.57
2022-05-14 22:44:45,9.10,249,196,22,5,0,0,0,0,30.00,30.68
2022-05-14 22:45:42,0.72,249,158,22,5,0,0,0,0,5.00,5.17
2022-05-14 22:50:03,3.36,246,151,22,5,0,0,0,0,14.50,20.60
2022-05-14 22:51:17,1.75,246,170,22,5,0,0,0,0,10.50,14.68
2022-05-14 22:51:24,2.17,249,50,22,5,0,0,0,0,10.50,13.50
2022-05-14 22:51:29,0.63,237,229,22,5,0,0,0,0,5.00,4.80
2022-05-14 22:53:02,0.50,141,237,22,5,0,0,0,0,4.00,3.00
2022-05-14 22:55:33,2.70,237,75,22,5,0,0,0,0,10.50,10.32
2022-05-14 22:57:46,5.65,132,28,22,5,1,0,0,0,18.00,10.55
2022-05-14 22:58:20,3.60,249,48,22,5,0,0,0,0,15.00,16.45
2022-05-14 23:00:55,4.57,113,236,23,5,0,0,0,0,23.00,32.67
2022-05-14 23:01:09,1.26,107,148,23,5,0,0,0,0,6.50,6.70
2022-05-14 23:01:20,0.76,68,48,23,5,0,0,0,0,5.50,5.92
2022-05-14 23:02:24,1.90,68,79,23,5,0,0,0,0,10.50,14.53
2022-05-14 23:05:51,6.50,233,25,23,5,0,0,0,0,20.00,20.87
2022-05-14 23:09:40,1.00,186,48,23,5,0,0,0,0,9.50,14.05
2022-05-14 23:11:19,2.16,231,79,23,5,0,0,0,0,10.00,12.80
2022-05-14 23:11:59,3.15,211,233,23,5,0,0,0,0,13.00,17.05
2022-05-14 23:12:40,2.10,144,170,23,5,0,0,0,0,11.00,15.22
2022-05-14 23:14:45,1.60,137,148,23,5,0,0,0,0,8.50,10.57
2022-05-14 23:16:00,1.10,107,233,23,5,0,0,0,0,9.95,8.00
2022-05-14 23:19:25,4.66,230,112,23,5,0,0,0,0,19.00,23.68
2022-05-14 23:19:26,2.07,114,170,23,5,0,0,0,0,13.59,14.78
2022-05-14 23:19:37,5.40,4,238,23,5,0,0,0,0,21.00,30.20
2022-05-14 23:19:39,4.11,162,148,23,5,0,0,0,0,16.00,19.97
2022-05-14 23:26:42,2.74,114,233,23,5,0,0,0,0,14.00,19.02
2022-05-14 23:27:53,1.05,137,100,23,5,0,0,0,0,8.00,10.42
2022-05-14 23:28:24,3.89,142,107,23,5,0,0,0,0,16.50,21.47
2022-05-14 23:31:57,4.06,68,263,23,5,0,0,0,0,16.50,21.25
2022-05-14 23:34:15,3.42,161,4,23,5,0,0,0,0,17.50,26.03
2022-05-14 23:37:19,1.90,162,137,23,5,0,0,0,0,11.50,15.32
2022-05-14 23:38:31,19.49,132,238,23,5,1,0,0,0,52.00,36.70
2022-05-14 23:41:01,10.19,95,48,23,5,0,0,0,0,40.73,40.45
2022-05-14 23:42:26,1.50,162,50,23,5,0,0,0,0,10.50,15.52
2022-05-14 23:43:04,1.40,163,48,23,5,0,0,0,0,7.50,8.90
2022-05-14 23:46:02,0.70,48,143,23,5,0,0,0,0,4.50,3.32
2022-05-14 23:48:10,0.67,262,140,23,5,0,0,0,0,4.50,3.85
2022-05-14 23:50:48,1.26,211,234,23,5,0,0,0,0,6.50,6.67
2022-05-14 23:51:19,2.50,261,234,23,5,0,0,0,0,10.50,11.50
2022-05-14 23:51:49,6.23,161,261,23,5,0,0,0,0,24.00,28.08
2022-05-14 23:54:36,0.93,170,79,23,5,0,0,0,0,6.00,5.78
2022-05-14 23:55:28,2.50,48,107,23,5,0,0,0,0,11.00,13.80
2022-05-14 23:59:55,1.89,170,48,23,5,0,0,0,0,9.50,12.13
2022-05-15 00:00:53,3.58,107,143,0,6,0,0,0,0,15.50,19.48
2022-05-15 00:02:46,2.50,107,211,0,6,0,0,0,0,13.50,19.60
2022-05-15 00:08:35,7.90,24,87,0,6,0,0,0,0,29.00,35.15
2022-05-15 00:10:00,2.29,113,244,0,6,0,0,0,0,39.37,39.00
2022-05-15 00:10:01,1.90,137,114,0,6,0,0,0,0,11.00,16.42
2022-05-15 00:10:57,2.97,163,41,0,6,0,0,0,0,10.00,9.37
2022-05-15 00:18:01,1.73,229,236,0,6,0,0,0,0,8.00,8.17
2022-05-15 00:23:16,2.00,142,68,0,6,0,0,0,0,8.00,7.75
2022-05-15 00:31:39,3.14,162,239,0,6,0,0,0,0,13.00,14.43
2022-05-15 00:32:17,1.51,142,237,0,6,0,0,0,0,10.00,7.67
2022-05-15 00:34:35,5.18,249,263,0,6,0,0,0,0,16.50,17.13
2022-05-15 00:38:38,2.52,186,231,0,6,0,0,0,0,11.00,14.02
2022-05-15 00:41:05,3.29,163,238,0,6,0,0,0,0,15.13,11.75
2022-05-15 00:45:02,0.90,164,107,0,6,0,0,0,0,5.00,4.25
2022-05-15 00:45:12,1.07,7,179,0,6,0,0,0,0,6.00,5.30
2022-05-15 00:47:42,2.88,239,50,0,6,0,0,0,0,12.96,10.82
2022-05-15 00:49:03,2.48,164,140,0,6,0,0,0,0,10.50,12.07
2022-05-15 00:54:27,0.22,151,151,0,6,0,0,0,0,4.00,3.33
2022-05-15 00:56:00,6.47,148,75,0,6,0,0,0,0,25.19,19.00
2022-05-15 00:59:13,2.43,236,142,0,6,0,0,0,0,10.00,9.90
2022-05-15 01:00:19,0.50,142,48,1,6,0,0,0,0,4.00,2.13
2022-05-15 01:11:53,4.02,229,158,1,6,0,0,0,0,15.50,19.63
2022-05-15 01:12:11,17.40,132,107,1,6,1,0,0,0,52.00,36.02
2022-05-15 01:16:16,3.12,148,229,1,6,0,0,0,0,12.00,11.62
2022-05-15 01:20:27,3.64,145,223,1,6,0,0,0,0,14.50,17.70
2022-05-15 01:22:56,4.98,107,7,1,6,0,0,0,0,17.00,17.80
2022-05-15 01:23:13,0.89,107,137,1,6,0,0,0,0,4.50,2.25
2022-05-15 01:24:16,4.30,114,236,1,6,0,0,0,0,15.50,21.00
2022-05-15 01:29:52,0.82,211,114,1,6,0,0,0,0,4.50,3.03
2022-05-15 01:30:53,1.50,107,162,1,6,0,0,0,0,7.00,7.10
2022-05-15 01:42:08,1.74,238,41,1,6,0,0,0,0,8.00,7.80
2022-05-15 01:49:05,1.23,234,79,1,6,0,0,0,0,7.00,7.60
2022-05-15 01:52:00,5.06,48,74,1,6,0,0,0,0,21.71,19.00
2022-05-15 01:54:39,0.60,79,107,1,6,0,0,0,0,4.50,2.83
2022-05-15 02:02:10,2.52,163,24,2,6,0,0,0,0,11.00,11.25
2022-05-15 02:04:57,1.40,125,186,2,6,0,0,0,0,8.00,8.40
2022-05-15 02:07:50,1.10,234,246,2,6,0,0,0,0,7.50,9.13
2022-05-15 02:08:33,5.00,249,238,2,6,0,0,0,0,17.50,18.63
2022-05-15 02:14:46,1.10,249,211,2,6,0,0,0,0,6.00,5.87
2022-05-15 02:18:41,1.57,79,158,2,6,0,0,0,0,8.00,9.27
2022-05-15 02:21:20,0.54,79,148,2,6,0,0,0,0,4.50,4.82
2022-05-15 02:23:12,1.46,79,45,2,6,0,0,0,0,8.50,10.60
2022-05-15 02:28:34,1.77,249,45,2,6,0,0,0,0,9.50,12.50
2022-05-15 02:31:00,9.19,148,7,2,6,0,0,0,0,28.75,19.00
2022-05-15 02:43:05,4.70,144,263,2,6,0,0,0,0,15.50,15.38
2022-05-15 02:44:34,1.33,68,170,2,6,0,0,0,0,7.00,6.67
2022-05-15 02:47:54,1.80,186,79,2,6,0,0,0,0,9.00,10.13
2022-05-15 02:50:15,6.91,79,151,2,6,0,0,0,0,24.00,26.47
2022-05-15 02:53:38,1.19,79,90,2,6,0,0,0,0,6.50,6.97
2022-05-15 03:23:02,6.25,114,145,3,6,0,0,0,0,22.50,29.70
2022-05-15 03:29:15,4.80,48,13,3,6,0,0,0,0,17.00,18.17
2022-05-15 03:32:46,1.10,79,170,3,6,0,0,0,0,5.50,4.43
2022-05-15 03:33:00,6.62,230,116,3,6,0,0,0,0,23.86,16.00
2022-05-15 03:52:43,1.80,262,74,3,6,0,0,0,0,7.00,4.23
2022-05-15 04:10:17,0.63,48,100,4,6,0,0,0,0,4.00,2.17
2022-05-15 04:15:17,2.06,137,141,4,6,0,0,0,0,8.00,6.95
2022-05-15 04:42:32,2.96,148,255,4,6,0,0,0,0,11.00,9.07
2022-05-15 04:51:02,4.12,164,166,4,6,0,0,0,0,14.00,13.00
2022-05-15 05:03:27,4.82,230,226,5,6,0,0,0,0,18.00,19.25
2022-05-15 05:10:20,7.83,79,129,5,6,0,0,0,0,24.00,17.03
2022-05-15 05:11:52,3.15,48,249,5,6,0,0,0,0,11.50,11.78
2022-05-15 06:13:23,4.12,163,7,6,6,0,0,0,0,14.00,12.67
2022-05-15 06:22:09,19.22,151,132,6,6,1,0,0,0,52.00,33.57
2022-05-15 06:30:56,9.47,132,225,6,6,1,0,0,0,29.00,24.25
2022-05-15 06:32:13,9.69,162,138,6,6,1,0,0,0,27.50,17.00
2022-05-15 06:59:09,18.95,43,132,6,6,1,0,0,0,52.00,24.47
2022-05-15 07:11:01,19.71,132,181,7,6,1,0,0,0,53.50,28.45
2022-05-15 07:25:45,5.31,262,244,7,6,0,0,0,0,16.50,9.97
2022-05-15 07:36:17,1.48,141,161,7,6,0,0,0,0,7.00,6.07
2022-05-15 07:54:02,0.95,41,75,7,6,0,0,0,0,6.50,7.35
2022-05-15 08:10:08,1.98,100,158,8,6,0,0,0,0,8.50,8.15
2022-05-15 08:33:12,2.77,229,246,8,6,0,0,0,0,11.50,12.35
2022-05-15 08:36:40,3.08,231,163,8,6,0,0,0,0,10.50,7.73
2022-05-15 08:42:49,8.56,262,138,8,6,1,0,0,0,24.50,14.48
2022-05-15 08:43:27,3.83,107,236,8,6,0,0,0,0,12.50,11.03
2022-05-15 08:50:37,16.86,132,170,8,6,1,0,0,0,52.00,26.93
2022-05-15 08:50:50,1.90,151,142,8,6,0,0,0,0,7.50,5.60
2022-05-15 08:53:44,0.92,186,90,8,6,0,0,0,0,4.50,2.82
2022-05-15 08:55:15,0.88,161,100,8,6,0,0,0,0,5.50,4.72
2022-05-15 09:06:05,1.99,13,114,9,6,0,0,0,0,8.00,7.55
2022-05-15 09:14:45,2.40,233,142,9,6,0,0,0,0,10.50,10.90
2022-05-15 09:22:22,3.72,164,75,9,6,0,0,0,0,13.00,12.30
2022-05-15 09:25:39,1.10,230,43,9,6,0,0,0,0,5.50,4.32
2022-05-15 09:36:06,1.86,236,74,9,6,0,0,0,0,7.00,4.37
2022-05-15 09:38:32,3.01,237,234,9,6,0,0,0,0,10.50,9.92
2022-05-15 09:46:16,10.13,33,263,9,6,0,0,0,0,32.38,26.50
2022-05-15 09:57:09,0.90,236,237,9,6,0,0,0,0,5.50,4.85
2022-05-15 10:02:56,11.66,132,49,10,6,1,0,0,1,35.00,32.05
2022-05-15 10:04:35,1.30,42,75,10,6,0,0,0,1,7.50,8.12
2022-05-15 10:05:51,2.04,143,161,10,6,0,0,0,1,8.00,7.23
2022-05-15 10:06:33,1.80,48,141,10,6,0,0,0,1,8.50,9.27
2022-05-15 10:06:38,2.51,161,43,10,6,0,0,0,1,9.50,9.90
2022-05-15 10:06:57,0.80,162,230,10,6,0,0,0,1,7.00,8.25
2022-05-15 10:08:52,1.60,263,74,10,6,0,0,0,1,8.00,9.00
2022-05-15 10:09:02,2.04,262,163,10,6,0,0,0,1,9.50,9.57
2022-05-15 10:13:39,0.89,100,161,10,6,0,0,0,1,6.00,6.12
2022-05-15 10:15:40,20.00,132,236,10,6,1,0,0,1,52.00,37.22
2022-05-15 10:16:38,4.80,79,261,10,6,0,0,0,1,15.50,9.77
2022-05-15 10:18:00,0.64,236,236,10,6,0,0,0,1,4.00,2.10
2022-05-15 10:24:33,1.10,249,211,10,6,0,0,0,1,6.00,6.32
2022-05-15 10:32:52,4.40,87,68,10,6,0,0,0,1,15.00,15.58
2022-05-15 10:37:29,1.29,186,230,10,6,0,0,0,1,8.50,11.58
2022-05-15 10:38:52,2.56,141,186,10,6,0,0,0,1,11.50,13.62
2022-05-15 10:41:56,2.31,161,239,10,6,0,0,0,1,9.00,8.32
2022-05-15 10:45:54,9.79,161,138,10,6,1,0,0,1,28.00,18.43
2022-05-15 10:46:29,1.20,75,236,10,6,0,0,0,1,6.50,5.57
2022-05-15 10:47:23,2.64,79,186,10,6,0,0,0,1,13.50,18.62
2022-05-15 10:51:22,2.00,234,148,10,6,0,0,0,1,10.00,11.53
2022-05-15 10:52:28,12.10,138,48,10,6,1,0,0,1,39.00,36.98
2022-05-15 10:52:39,1.91,170,246,10,6,0,0,0,1,12.50,18.88
2022-05-15 10:54:53,18.80,114,132,10,6,1,0,0,1,52.00,43.63
2022-05-15 10:55:13,1.58,141,75,10,6,0,0,0,1,7.00,5.77
2022-05-15 10:55:47,1.73,233,79,10,6,0,0,0,1,8.00,8.35
2022-05-15 10:57:05,0.57,68,48,10,6,0,0,0,1,4.00,1.97
2022-05-15 11:00:54,2.85,166,236,11,6,0,0,0,1,14.00,18.60
2022-05-15 11:01:59,1.36,164,161,11,6,0,0,0,1,7.50,7.57
2022-05-15 11:02:37,1.45,236,237,11,6,0,0,0,1,7.50,6.85
2022-05-15 11:03:47,2.80,164,143,11,6,0,0,0,1,14.00,17.55
2022-05-15 11:09:40,2.08,234,48,11,6,0,0,0,1,11.00,14.65
2022-05-15 11:09:45,9.14,195,162,11,6,0,0,0,1,27.50,21.50
2022-05-15 11:13:58,5.80,74,79,11,6,0,0,0,1,20.00,23.20
2022-05-15 11:14:20,3.77,236,116,11,6,0,0,0,1,14.50,17.25
2022-05-15 11:15:24,0.87,237,161,11,6,0,0,0,1,5.50,4.82
2022-05-15 11:16:43,1.36,166,151,11,6,0,0,0,1,7.00,6.63
2022-05-15 11:17:16,3.51,161,246,11,6,0,0,0,1,18.50,26.25
2022-05-15 11:17:19,2.00,137,237,11,6,0,0,0,1,8.50,8.20
2022-05-15 11:19:25,11.80,138,68,11,6,1,0,0,1,35.50,29.77
2022-05-15 11:21:03,4.13,236,224,11,6,0,0,0,1,21.00,31.07
2022-05-15 11:21:06,4.20,87,195,11,6,0,0,0,1,15.00,16.80
2022-05-15 11:24:28,18.89,132,230,11,6,1,0,0,1,52.00,58.47
2022-05-15 11:27:00,1.57,236,161,11,6,0,0,0,1,9.50,11.23
2022-05-15 11:27:53,2.20,50,68,11,6,0,0,0,1,9.50,9.65
2022-05-15 11:28:42,3.88,138,129,11,6,1,0,0,1,13.50,11.85
2022-05-15 11:30:39,1.80,236,74,11,6,0,0,0,1,7.50,5.70
2022-05-15 11:37:17,1.64,48,237,11,6,0,0,0,1,8.00,8.88
2022-05-15 11:37:19,3.20,100,234,11,6,0,0,0,1,13.00,14.88
2022-05-15 11:37:39,4.29,107,52,11,6,0,0,0,1,17.00,20.82
2022-05-15 11:38:42,1.77,262,239,11,6,0,0,0,1,8.00,8.43
2022-05-15 11:38:49,20.87,239,132,11,6,1,0,0,1,52.00,48.55
2022-05-15 11:43:31,0.79,151,41,11,6,0,0,0,1,5.00,4.57
2022-05-15 11:49:31,2.63,233,236,11,6,0,0,0,1,10.50,12.25
2022-05-15 11:53:39,2.00,237,239,11,6,0,0,0,1,11.00,14.07
2022-05-15 11:53:46,2.20,100,246,11,6,0,0,0,1,14.50,22.30
2022-05-15 11:58:50,11.58,158,138,11,6,1,0,0,1,36.50,32.52
2022-05-15 11:58:51,11.91,132,17,11,6,1,0,0,1,37.00,34.30
2022-05-15 11:59:19,4.28,138,92,11,6,1,0,0,1,17.50,18.17
2022-05-15 12:14:21,0.90,238,151,12,6,0,0,0,1,5.00,3.25
2022-05-15 12:15:06,1.85,170,237,12,6,0,0,0,1,9.00,10.12
2022-05-15 12:16:20,2.25,224,79,12,6,0,0,0,1,12.50,17.12
2022-05-15 12:16:56,1.60,141,262,12,6,0,0,0,1,6.50,5.55
2022-05-15 12:21:14,3.21,236,107,12,6,0,0,0,1,14.50,17.35
2022-05-15 12:30:16,10.03,230,138,12,6,1,0,0,1,32.00,28.93
2022-05-15 12:31:57,0.92,236,237,12,6,0,0,0,1,6.00,6.20
2022-05-15 12:39:29,1.61,137,141,12,6,0,0,0,1,7.50,6.83
2022-05-15 12:39:58,0.36,229,140,12,6,0,0,0,1,4.00,2.45
2022-05-15 12:43:05,0.50,230,230,12,6,0,0,0,1,10.00,15.82
2022-05-15 12:47:06,2.40,249,246,12,6,0,0,0,1,10.50,12.03
2022-05-15 12:50:09,1.30,142,50,12,6,0,0,0,1,9.50,12.13
2022-05-15 12:55:30,3.16,79,237,12,6,0,0,0,1,14.00,17.32
2022-05-15 12:55:32,1.22,144,232,12,6,0,0,0,1,8.00,9.57
2022-05-15 12:56:22,2.50,43,24,12,6,0,0,0,1,11.00,15.33
2022-05-15 12:58:51,1.64,237,239,12,6,0,0,0,1,8.00,8.58
2022-05-15 13:04:47,0.90,79,148,13,6,0,0,0,1,6.50,6.97
2022-05-15 13:06:50,2.34,162,79,13,6,0,0,0,1,10.00,10.65
2022-05-15 13:07:05,0.50,107,170,13,6,0,0,0,1,5.00,4.58
2022-05-15 13:08:01,3.92,107,236,13,6,0,0,0,1,14.50,15.45
2022-05-15 13:08:23,11.80,209,138,13,6,1,0,0,1,41.98,26.83
2022-05-15 13:12:02,1.90,229,100,13,6,0,0,0,1,12.50,18.08
2022-05-15 13:16:30,8.25,262,138,13,6,1,0,0,1,24.39,19.07
2022-05-15 13:18:13,17.00,162,132,13,6,1,0,0,1,52.00,37.83
2022-05-15 13:28:35,18.87,132,161,13,6,1,0,0,1,52.00,53.32
2022-05-15 13:29:09,0.97,236,237,13,6,0,0,0,1,6.00,5.38
2022-05-15 13:31:00,3.15,140,230,13,6,0,0,0,1,18.07,23.00
2022-05-15 13:37:01,1.50,161,246,13,6,0,0,0,1,12.00,17.03
2022-05-15 13:38:43,2.06,170,141,13,6,0,0,0,1,10.00,11.53
2022-05-15 13:41:29,1.10,246,50,13,6,0,0,0,1,10.00,13.73
2022-05-15 13:45:57,4.73,236,162,13,6,0,0,0,1,23.00,33.62
2022-05-15 13:48:05,1.29,68,234,13,6,0,0,0,1,8.00,9.97
2022-05-15 13:50:24,1.17,87,144,13,6,0,0,0,1,8.50,10.53
2022-05-15 13:53:07,0.96,262,237,13,6,0,0,0,1,6.00,5.70
2022-05-15 13:54:12,2.10,161,236,13,6,0,0,0,1,11.50,15.23
2022-05-15 13:55:47,5.60,236,231,13,6,0,0,0,1,22.00,28.62
2022-05-15 13:56:33,9.60,68,243,13,6,0,0,0,1,29.00,20.93
2022-05-15 13:56:54,3.83,249,12,13,6,0,0,0,1,16.50,20.08
2022-05-15 14:00:37,1.24,142,50,14,6,0,0,0,1,8.50,11.12
2022-05-15 14:03:00,2.15,239,230,14,6,0,0,0,1,13.90,21.00
2022-05-15 14:03:32,6.20,140,231,14,6,0,0,0,1,22.00,24.40
2022-05-15 14:03:46,2.55,186,142,14,6,0,0,0,1,13.00,16.77
2022-05-15 14:04:31,5.70,137,66,14,6,0,0,0,1,19.00,17.58
2022-05-15 14:06:11,10.37,163,181,14,6,0,0,0,1,39.50,50.87
2022-05-15 14:09:14,1.24,170,237,14,6,0,0,0,1,7.00,7.47
2022-05-15 14:11:10,1.79,234,246,14,6,0,0,0,1,10.50,13.72
2022-05-15 14:13:45,17.84,100,132,14,6,1,0,0,1,52.00,48.68
2022-05-15 14:13:52,0.40,237,43,14,6,0,0,0,1,4.00,3.28
2022-05-15 14:14:20,1.32,75,236,14,6,0,0,0,1,6.50,6.28
2022-05-15 14:15:24,0.64,90,234,14,6,0,0,0,1,5.00,4.92
2022-05-15 14:17:16,23.05,132,13,14,6,1,0,0,1,52.00,53.70
2022-05-15 14:17:41,1.22,48,237,14,6,0,0,0,1,8.00,10.15
2022-05-15 14:21:35,4.40,68,236,14,6,0,0,0,1,29.50,49.53
2022-05-15 14:27:29,3.52,237,249,14,6,0,0,0,1,17.00,23.10
2022-05-15 14:29:04,16.82,107,132,14,6,1,0,0,1,52.00,37.40
2022-05-15 14:35:29,1.05,239,142,14,6,0,0,0,1,7.50,8.97
2022-05-15 14:36:57,0.90,230,43,14,6,0,0,0,1,5.50,4.90
2022-05-15 14:38:41,6.80,237,261,14,6,0,0,0,1,21.00,17.33
2022-05-15 14:40:07,1.40,263,237,14,6,0,0,0,1,7.50,9.82
2022-05-15 14:41:58,1.00,236,162,14,6,0,0,0,1,6.50,6.82
2022-05-15 14:44:33,3.30,246,151,14,6,0,0,0,1,12.00,8.93
2022-05-15 14:48:27,19.40,239,132,14,6,1,0,0,1,52.00,57.90
2022-05-15 14:50:20,3.08,68,161,14,6,0,0,0,1,18.00,28.15
2022-05-15 14:53:01,3.10,164,236,14,6,0,0,0,1,15.00,19.65
2022-05-15 15:02:34,0.50,142,143,15,6,0,0,0,1,3.50,1.70
2022-05-15 15:02:58,3.50,164,231,15,6,0,0,0,1,15.00,17.08
2022-05-15 15:03:49,2.52,43,75,15,6,0,0,0,1,12.00,14.03
2022-05-15 15:03:58,2.81,137,140,15,6,0,0,0,1,10.00,8.80
2022-05-15 15:08:58,0.95,163,229,15,6,0,0,0,1,8.50,11.98
2022-05-15 15:10:01,3.10,236,164,15,6,0,0,0,1,17.50,24.38
2022-05-15 15:14:02,2.51,148,170,15,6,0,0,0,1,10.00,10.08
2022-05-15 15:14:12,0.90,170,162,15,6,0,0,0,1,7.00,8.95
2022-05-15 15:16:47,2.40,234,45,15,6,0,0,0,1,11.50,15.27
2022-05-15 15:17:33,5.95,66,234,15,6,0,0,0,1,21.50,22.07
2022-05-15 15:20:10,1.60,88,231,15,6,0,0,0,1,7.50,7.53
2022-05-15 15:22:05,1.54,237,239,15,6,0,0,0,1,7.50,8.42
2022-05-15 15:22:54,1.64,141,161,15,6,0,0,0,1,11.00,13.93
2022-05-15 15:24:39,1.18,263,75,15,6,0,0,0,1,5.50,4.57
2022-05-15 15:24:42,6.10,239,144,15,6,0,0,0,1,27.50,39.40
2022-05-15 15:26:16,4.92,238,249,15,6,0,0,0,1,20.00,26.25
2022-05-15 15:28:07,3.10,68,239,15,6,0,0,0,1,13.50,17.48
2022-05-15 15:28:43,2.23,79,170,15,6,0,0,0,1,9.50,10.48
2022-05-15 15:30:38,0.60,239,238,15,6,0,0,0,1,4.00,2.72
2022-05-15 15:31:07,1.32,107,68,15,6,0,0,0,1,10.00,13.62
2022-05-15 15:32:32,1.17,144,79,15,6,0,0,0,1,8.50,10.83
2022-05-15 15:33:26,0.81,41,41,15,6,0,0,0,1,5.00,3.98
2022-05-15 15:34:02,1.73,164,163,15,6,0,0,0,1,8.50,9.77
2022-05-15 15:37:31,1.70,239,161,15,6,0,0,0,1,10.00,13.58
2022-05-15 15:39:31,2.79,107,43,15,6,0,0,0,1,14.50,20.07
2022-05-15 15:40:55,4.20,13,33,15,6,0,0,0,1,16.00,17.82
2022-05-15 15:41:09,1.40,50,142,15,6,0,0,0,1,7.50,9.10
2022-05-15 15:41:39,1.16,50,142,15,6,0,0,0,1,6.50,7.05
2022-05-15 15:43:28,0.92,237,229,15,6,0,0,0,1,6.00,6.05
2022-05-15 15:52:33,1.58,249,107,15,6,0,0,0,1,12.00,17.93
2022-05-15 15:55:04,10.19,142,138,15,6,1,0,0,1,37.00,31.35
2022-05-15 16:00:36,3.11,107,249,16,6,0,0,0,1,17.00,31.17
2022-05-15 16:04:16,22.90,88,132,16,6,1,0,0,1,52.00,52.88
2022-05-15 16:05:52,2.60,79,162,16,6,0,0,0,1,13.00,16.90
2022-05-15 16:13:55,2.00,161,263,16,6,0,0,0,1,9.50,10.48
2022-05-15 16:15:27,1.38,236,162,16,6,0,0,0,1,7.50,8.63
2022-05-15 16:16:44,2.22,100,237,16,6,0,0,0,1,13.50,18.47
2022-05-15 16:17:12,19.69,132,243,16,6,1,0,0,1,52.00,56.73
2022-05-15 16:18:07,3.03,231,164,16,6,0,0,0,1,14.00,17.80
2022-05-15 16:18:52,1.35,237,143,16,6,0,0,0,1,8.50,10.27
2022-05-15 16:19:42,0.79,162,164,16,6,0,0,0,1,6.50,8.00
2022-05-15 16:20:59,1.90,236,48,16,6,0,0,0,1,12.00,17.03
2022-05-15 16:27:05,4.67,50,231,16,6,0,0,0,1,19.00,22.88
2022-05-15 16:29:00,1.68,114,170,16,6,0,0,0,1,9.62,10.00
2022-05-15 16:34:12,6.00,236,246,16,6,0,0,0,1,22.50,24.38
2022-05-15 16:34:24,3.00,41,116,16,6,0,0,0,1,14.00,18.28
2022-05-15 16:37:58,1.48,43,75,16,6,0,0,0,1,6.50,5.20
2022-05-15 16:38:01,17.72,48,132,16,6,1,0,0,1,63.46,61.05
2022-05-15 16:41:07,2.50,24,142,16,6,0,0,0,1,11.50,13.08
2022-05-15 16:42:41,2.63,166,143,16,6,0,0,0,1,12.00,13.47
2022-05-15 16:47:10,1.16,236,43,16,6,0,0,0,1,6.00,5.12
2022-05-15 16:50:29,3.60,142,166,16,6,0,0,0,1,13.00,11.88
2022-05-15 16:50:49,5.23,24,186,16,6,0,0,0,1,24.00,31.92
2022-05-15 16:51:50,1.15,162,229,16,6,0,0,0,1,5.50,4.93
2022-05-15 16:53:05,1.11,263,141,16,6,0,0,0,1,5.00,4.02
2022-05-15 16:53:22,17.11,132,148,16,6,1,0,0,1,52.00,52.95
2022-05-15 16:55:01,2.20,142,186,16,6,0,0,0,1,14.50,21.12
2022-05-15 16:56:28,0.69,229,140,16,6,0,0,0,1,6.50,6.83
2022-05-15 16:57:57,4.53,88,79,16,6,0,0,0,1,18.00,18.65
2022-05-15 17:00:46,1.71,249,246,17,6,0,0,0,1,11.00,15.02
2022-05-15 17:01:41,0.42,164,164,17,6,0,0,0,1,4.50,4.48
2022-05-15 17:05:27,2.20,162,236,17,6,0,0,0,1,9.00,8.37
2022-05-15 17:05:34,1.90,148,249,17,6,0,0,0,1,11.00,14.87
2022-05-15 17:07:25,1.09,43,236,17,6,0,0,0,1,6.00,5.32
2022-05-15 17:10:33,2.28,186,229,17,6,0,0,0,1,13.00,19.32
2022-05-15 17:14:40,4.64,12,186,17,6,0,0,0,1,18.50,21.77
2022-05-15 17:15:56,1.35,141,161,17,6,0,0,0,1,10.50,14.75
2022-05-15 17:17:34,11.65,142,138,17,6,1,0,0,1,34.00,30.68
2022-05-15 17:25:23,4.25,230,74,17,6,0,0,0,1,17.00,22.80
2022-05-15 17:29:23,19.85,132,48,17,6,1,0,0,1,52.00,89.75
2022-05-15 17:31:28,3.30,148,88,17,6,0,0,0,1,11.50,12.07
2022-05-15 17:33:35,0.83,238,239,17,6,0,0,0,1,5.00,3.72
2022-05-15 17:40:29,0.75,143,142,17,6,0,0,0,1,5.50,4.72
2022-05-15 17:42:04,3.70,236,164,17,6,0,0,0,1,27.00,44.22
2022-05-15 17:42:45,0.80,161,163,17,6,0,0,0,1,6.50,7.40
2022-05-15 17:48:48,16.73,132,162,17,6,1,0,0,1,52.00,48.75
2022-05-15 17:49:32,1.50,263,141,17,6,0,0,0,1,7.50,8.47
2022-05-15 17:50:03,3.50,33,37,17,6,0,0,0,1,17.00,20.52
2022-05-15 17:50:52,8.10,141,36,17,6,0,0,0,1,28.00,32.73
2022-05-15 17:53:02,17.06,132,230,17,6,1,0,0,1,52.00,56.88
2022-05-15 17:57:25,1.24,237,142,17,6,0,0,0,1,7.00,7.32
2022-05-15 17:58:23,0.89,237,236,17,6,0,0,0,1,5.00,3.95
2022-05-15 18:00:36,3.20,186,13,18,6,0,0,0,1,13.50,16.38
2022-05-15 18:07:46,1.30,186,249,18,6,0,0,0,1,7.50,8.27
2022-05-15 18:11:37,10.10,50,89,18,6,0,0,0,1,35.00,36.35
2022-05-15 18:16:24,2.04,113,231,18,6,0,0,0,1,10.50,13.52
2022-05-15 18:17:00,2.67,79,246,18,6,0,0,0,1,14.45,23.00
2022-05-15 18:18:00,6.53,144,85,18,6,0,0,0,1,25.94,30.00
2022-05-15 18:20:02,1.15,236,141,18,6,0,0,0,1,5.00,3.28
2022-05-15 18:22:59,1.64,141,229,18,6,0,0,0,1,8.00,9.18
2022-05-15 18:29:13,1.94,262,237,18,6,0,0,0,1,13.50,19.32
2022-05-15 18:33:54,1.95,238,263,18,6,0,0,0,1,10.00,12.77
2022-05-15 18:35:28,22.70,132,161,18,6,1,0,0,1,52.00,69.97
2022-05-15 18:36:04,3.63,230,158,18,6,0,0,0,1,19.50,31.10
2022-05-15 18:36:16,3.50,229,179,18,6,0,0,0,1,14.50,16.15
2022-05-15 18:40:13,1.68,231,79,18,6,0,0,0,1,10.00,13.22
2022-05-15 18:42:20,3.59,141,113,18,6,0,0,0,1,17.50,25.02
2022-05-15 18:45:21,1.07,48,246,18,6,0,0,0,1,6.00,5.57
2022-05-15 18:46:04,1.21,233,186,18,6,0,0,0,1,8.50,11.55
2022-05-15 18:48:33,1.10,100,230,18,6,0,0,0,1,6.00,7.37
2022-05-15 18:51:48,6.31,138,112,18,6,1,0,0,1,19.50,18.97
2022-05-15 18:55:43,2.20,90,162,18,6,0,0,0,1,10.50,16.23
2022-05-15 18:57:50,18.34,132,161,18,6,1,0,0,1,52.00,49.47
2022-05-15 18:58:12,1.00,170,229,18,6,0,0,0,1,6.00,5.37
2022-05-15 18:58:48,1.35,79,170,18,6,0,0,0,1,6.50,6.65
2022-05-15 19:02:34,2.25,170,148,19,6,0,0,0,1,11.00,13.80
2022-05-15 19:06:42,1.85,166,41,19,6,0,0,0,1,9.00,11.20
2022-05-15 19:08:04,1.42,79,233,19,6,0,0,0,1,6.50,5.38
2022-05-15 19:08:18,17.55,163,1,19,6,1,0,0,1,69.00,42.80
2022-05-15 19:08:38,2.31,158,87,19,6,0,0,0,1,11.50,15.73
2022-05-15 19:17:16,2.00,148,231,19,6,0,0,0,1,11.00,14.63
2022-05-15 19:18:10,2.20,113,230,19,6,0,0,0,1,9.50,12.42
2022-05-15 19:23:31,4.64,163,79,19,6,0,0,0,1,17.50,21.38
2022-05-15 19:38:23,3.10,186,232,19,6,0,0,0,1,15.50,21.78
2022-05-15 19:39:25,2.18,246,143,19,6,0,0,0,1,9.00,9.65
2022-05-15 19:40:51,1.24,100,246,19,6,0,0,0,1,8.00,10.37
2022-05-15 19:41:15,2.02,144,234,19,6,0,0,0,1,10.00,12.45
2022-05-15 19:41:40,7.80,100,244,19,6,0,0,0,1,25.00,20.62
2022-05-15 19:43:56,1.46,236,74,19,6,0,0,0,1,6.50,4.65
2022-05-15 19:44:35,1.35,161,170,19,6,0,0,0,1,9.50,13.18
2022-05-15 19:49:09,1.13,140,263,19,6,0,0,0,1,5.00,3.05
2022-05-15 19:50:48,0.83,249,68,19,6,0,0,0,1,8.50,12.07
2022-05-15 19:54:14,2.93,186,232,19,6,0,0,0,1,15.50,22.98
2022-05-15 20:02:55,3.56,239,116,20,6,0,0,0,0,15.00,17.53
2022-05-15 20:05:25,1.21,43,162,20,6,0,0,0,0,7.00,7.45
2022-05-15 20:05:30,3.60,239,233,20,6,0,0,0,0,17.00,22.13
2022-05-15 20:10:21,3.50,238,170,20,6,0,0,0,0,14.50,16.12
2022-05-15 20:10:22,2.60,164,239,20,6,0,0,0,0,11.50,13.27
2022-05-15 20:10:23,1.30,236,142,20,6,0,0,0,0,7.00,6.88
2022-05-15 20:20:46,1.40,239,143,20,6,0,0,0,0,7.00,6.42
2022-05-15 20:22:01,1.02,161,48,20,6,0,0,0,0,9.50,13.27
2022-05-15 20:22:32,4.19,114,263,20,6,0,0,0,0,14.50,15.85
2022-05-15 20:28:00,9.20,138,236,20,6,1,0,0,0,28.00,22.00
2022-05-15 20:29:57,1.10,90,158,20,6,0,0,0,0,6.00,6.87
2022-05-15 20:31:06,2.90,142,68,20,6,0,0,0,0,12.50,15.40
2022-05-15 20:34:05,4.30,142,116,20,6,0,0,0,0,18.00,22.60
2022-05-15 20:35:06,1.58,236,239,20,6,0,0,0,0,8.50,9.53
2022-05-15 20:35:27,11.22,138,161,20,6,1,0,0,0,31.50,20.93
2022-05-15 20:38:39,18.71,132,68,20,6,1,0,0,0,52.00,43.98
2022-05-15 20:39:59,6.35,138,252,20,6,1,0,0,0,19.00,13.37
2022-05-15 20:41:08,1.17,170,229,20,6,0,0,0,0,6.00,5.45
2022-05-15 20:42:02,6.40,141,87,20,6,0,0,0,0,27.50,38.98
2022-05-15 20:42:40,21.41,132,143,20,6,1,0,0,0,52.00,47.72
2022-05-15 20:49:36,18.05,230,132,20,6,1,0,0,0,52.00,40.77
2022-05-15 20:50:19,2.99,161,211,20,6,0,0,0,0,14.50,18.73
2022-05-15 20:53:32,0.97,107,113,20,6,0,0,0,0,8.75,7.28
2022-05-15 20:58:16,0.90,148,211,20,6,0,0,0,0,5.50,5.50
2022-05-15 20:59:51,17.77,132,48,20,6,1,0,0,0,52.00,43.93
2022-05-15 21:01:29,3.88,249,140,21,6,0,0,0,0,17.00,23.48
2022-05-15 21:04:50,4.16,249,236,21,6,0,0,0,0,15.00,18.53
2022-05-15 21:06:27,1.08,186,249,21,6,0,0,0,0,6.00,6.02
2022-05-15 21:06:46,2.63,170,114,21,6,0,0,0,0,12.50,16.48
2022-05-15 21:09:40,0.70,237,236,21,6,0,0,0,0,5.00,3.65
2022-05-15 21:11:49,2.10,79,164,21,6,0,0,0,0,10.50,11.95
2022-05-15 21:11:56,1.39,263,141,21,6,0,0,0,0,6.50,5.35
2022-05-15 21:20:20,3.31,186,263,21,6,0,0,0,0,12.50,13.82
2022-05-15 21:21:33,4.36,238,234,21,6,0,0,0,0,15.00,15.32
2022-05-15 21:24:00,4.12,144,43,21,6,0,0,0,0,21.04,20.00
2022-05-15 21:24:41,3.32,186,232,21,6,0,0,0,0,14.50,18.25
2022-05-15 21:28:18,2.20,170,249,21,6,0,0,0,0,11.00,14.57
2022-05-15 21:35:25,1.30,166,238,21,6,0,0,0,0,7.00,7.87
2022-05-15 21:37:54,5.07,113,239,21,6,0,0,0,0,20.50,24.32
2022-05-15 21:41:29,0.90,186,170,21,6,0,0,0,0,8.00,10.42
2022-05-15 21:43:12,1.20,90,164,21,6,0,0,0,0,8.00,10.77
2022-05-15 21:45:42,1.87,239,262,21,6,0,0,0,0,11.00,15.53
2022-05-15 21:50:39,18.24,132,4,21,6,1,0,0,0,52.00,33.90
2022-05-15 21:50:42,2.27,43,164,21,6,0,0,0,0,9.50,9.97
2022-05-15 21:54:42,17.98,132,224,21,6,1,0,0,0,52.00,39.32
2022-05-15 21:58:17,1.10,143,239,21,6,0,0,0,0,6.50,6.57
2022-05-15 22:02:38,5.00,79,239,22,6,0,0,0,0,19.50,22.62
2022-05-15 22:08:11,3.29,166,163,22,6,0,0,0,0,13.00,14.17
2022-05-15 22:11:35,18.41,132,42,22,6,1,0,0,0,52.00,31.53
2022-05-15 22:11:40,8.57,138,141,22,6,1,0,0,0,25.50,19.32
2022-05-15 22:13:50,18.22,132,41,22,6,1,0,0,0,52.00,35.62
2022-05-15 22:25:48,2.32,211,224,22,6,0,0,0,0,9.50,11.90
2022-05-15 22:27:35,21.20,132,107,22,6,1,0,0,0,52.00,42.15
2022-05-15 22:30:09,2.19,170,79,22,6,0,0,0,0,11.00,14.32
2022-05-15 22:31:20,0.67,161,230,22,6,0,0,0,0,5.50,6.35
2022-05-15 22:34:38,6.78,237,148,22,6,0,0,0,0,22.00,18.93
2022-05-15 22:38:30,2.86,79,141,22,6,0,0,0,0,10.00,8.48
2022-05-15 22:38:31,0.50,231,211,22,6,0,0,0,0,4.50,4.22
2022-05-15 22:41:20,2.60,143,68,22,6,0,0,0,0,10.00,9.27
2022-05-15 22:41:30,1.92,137,141,22,6,0,0,0,0,8.00,7.10
2022-05-15 22:47:41,3.77,164,262,22,6,0,0,0,0,14.50,16.22
2022-05-15 22:53:34,0.99,234,90,22,6,0,0,0,0,7.00,7.78
2022-05-15 22:57:15,0.60,236,236,22,6,0,0,0,0,4.00,1.75
2022-05-15 23:00:04,1.95,48,239,23,6,0,0,0,0,8.00,7.23
2022-05-15 23:16:03,2.50,238,116,23,6,0,0,0,0,11.00,11.47
2022-05-15 23:18:24,2.56,48,107,23,6,0,0,0,0,11.50,13.47
2022-05-15 23:22:26,10.43,138,143,23,6,1,0,0,0,32.00,26.43
2022-05-15 23:30:00,4.26,186,238,23,6,0,0,0,0,16.95,16.00
2022-05-15 23:37:15,9.50,138,161,23,6,1,0,0,0,28.00,20.12
2022-05-15 23:38:30,3.76,68,238,23,6,0,0,0,0,14.50,15.58
2022-05-15 23:39:14,2.44,186,143,23,6,0,0,0,0,11.00,12.25
2022-05-15 23:54:30,15.54,132,15,23,6,1,0,0,0,42.00,19.25
2022-05-15 23:56:56,1.71,48,90,23,6,0,0,0,0,7.50,7.17
2022-05-16 00:02:52,9.63,93,234,0,0,0,0,0,0,52.00,20.42
2022-05-16 00:04:02,0.99,230,90,0,0,0,0,0,0,5.50,4.65
2022-05-16 00:05:17,1.12,263,141,0,0,0,0,0,0,5.50,3.38
2022-05-16 00:08:59,2.82,79,48,0,0,0,0,0,0,11.00,12.52
2022-05-16 00:09:40,3.56,211,162,0,0,0,0,0,0,12.00,10.57
2022-05-16 00:14:48,2.93,249,161,0,0,0,0,0,0,12.00,13.10
2022-05-16 00:16:23,3.10,163,79,0,0,0,0,0,0,12.50,13.82
2022-05-16 00:17:03,3.90,48,75,0,0,0,0,0,0,14.00,14.05
2022-05-16 00:19:18,1.03,186,170,0,0,0,0,0,0,6.00,5.93
2022-05-16 00:37:50,1.66,45,79,0,0,0,0,0,0,8.96,9.43
2022-05-16 00:45:24,14.93,132,7,0,0,1,0,0,0,40.50,23.12
2022-05-16 00:57:54,7.70,138,41,0,0,1,0,0,0,24.00,18.03
2022-05-16 01:05:49,1.60,66,231,1,0,0,0,0,0,7.50,6.03
2022-05-16 01:15:01,3.95,138,7,1,0,1,0,0,0,12.50,7.70
2022-05-16 01:30:14,19.50,132,234,1,0,1,0,0,0,52.00,33.37
2022-05-16 01:34:37,7.39,138,166,1,0,1,0,0,0,22.50,15.37
2022-05-16 01:38:13,8.10,138,37,1,0,1,0,0,0,23.50,14.75
2022-05-16 01:51:01,6.13,141,82,1,0,0,0,0,0,21.00,20.95
2022-05-16 01:59:03,3.80,186,262,1,0,0,0,0,0,13.00,12.52
2022-05-16 01:59:45,9.85,138,215,1,0,1,0,0,0,28.00,15.77
2022-05-16 02:04:59,7.80,249,152,2,0,0,0,0,0,26.00,24.42
2022-05-16 02:35:03,3.76,263,68,2,0,0,0,0,0,12.50,10.57
2022-05-16 02:47:56,6.12,249,238,2,0,0,0,0,0,27.00,36.35
2022-05-16 02:48:47,3.69,163,74,2,0,0,0,0,0,12.50,12.55
2022-05-16 02:56:44,8.02,48,37,2,0,0,0,0,0,26.50,28.00
2022-05-16 05:02:35,2.40,142,162,5,0,0,0,0,0,10.00,10.53
2022-05-16 05:31:52,3.50,48,75,5,0,0,0,0,0,12.50,12.63
2022-05-16 05:49:58,3.80,262,186,5,0,0,0,0,0,13.50,12.03
2022-05-16 06:03:43,9.73,87,166,6,0,0,0,0,0,30.50,24.15
2022-05-16 06:09:45,1.50,186,163,6,0,0,0,0,0,7.50,6.52
2022-05-16 06:13:35,4.30,186,166,6,0,0,0,0,0,15.50,16.30
2022-05-16 06:20:38,5.01,151,170,6,0,0,0,0,0,18.00,19.77
2022-05-16 06:24:28,2.80,90,142,6,0,0,0,0,0,10.50,9.60
2022-05-16 06:38:52,2.30,246,114,6,0,0,0,0,0,10.50,12.07
2022-05-16 06:45:22,18.81,262,132,6,0,1,0,0,0,52.00,32.35
2022-05-16 06:51:52,3.30,151,140,6,0,0,0,0,0,13.50,16.65
2022-05-16 06:57:01,1.32,141,263,6,0,0,0,0,0,6.50,5.35
2022-05-16 06:57:26,2.37,238,163,6,0,0,0,0,0,9.00,8.45
2022-05-16 06:58:33,1.42,48,239,6,0,0,0,0,0,6.50,5.80
2022-05-16 06:59:39,18.17,132,126,6,0,1,0,0,0,57.00,64.18
2022-05-16 07:00:31,1.10,186,48,7,0,0,1,0,0,5.50,4.58
2022-05-16 07:02:13,3.90,262,4,7,0,0,1,0,0,15.00,13.55
2022-05-16 07:07:06,1.42,50,161,7,0,0,1,0,0,9.00,12.35
2022-05-16 07:08:12,5.80,161,87,7,0,0,1,0,0,22.00,23.77
2022-05-16 07:15:48,1.94,186,162,7,0,0,1,0,0,10.50,13.92
2022-05-16 07:27:07,21.35,132,231,7,0,1,1,0,0,52.00,76.60
2022-05-16 07:28:18,0.47,237,140,7,0,0,1,0,0,4.50,4.80
2022-05-16 07:28:58,18.03,132,163,7,0,1,1,0,0,52.00,74.28
2022-05-16 07:29:32,4.80,186,166,7,0,0,1,0,0,18.50,22.38
2022-05-16 07:30:39,0.90,186,234,7,0,0,1,0,0,5.50,5.00
2022-05-16 07:30:54,3.43,231,161,7,0,0,1,0,0,18.91,14.70
2022-05-16 07:31:21,7.31,238,232,7,0,0,1,0,0,23.50,20.68
2022-05-16 07:33:33,2.85,236,230,7,0,0,1,0,0,13.50,18.00
2022-05-16 07:34:20,1.40,237,143,7,0,0,1,0,0,8.50,10.45
2022-05-16 07:35:24,7.79,141,231,7,0,0,1,0,0,24.00,17.88
2022-05-16 07:39:58,3.36,137,236,7,0,0,1,0,0,14.50,18.20
2022-05-16 07:44:34,3.15,107,140,7,0,0,1,0,0,13.50,17.77
2022-05-16 07:45:36,1.43,142,237,7,0,0,1,0,0,9.00,10.93
2022-05-16 07:48:24,15.04,132,89,7,0,1,1,0,0,51.00,62.17
2022-05-16 07:49:32,1.41,48,142,7,0,0,1,0,0,9.50,13.78
2022-05-16 07:55:00,6.91,33,145,7,0,0,1,0,0,28.17,24.00
2022-05-16 08:05:28,1.04,234,100,8,0,0,1,0,0,6.50,6.72
2022-05-16 08:08:49,0.75,137,107,8,0,0,1,0,0,5.50,6.18
2022-05-16 08:09:04,1.10,186,249,8,0,0,1,0,0,7.00,8.23
2022-05-16 08:14:00,7.52,186,168,8,0,0,1,0,0,30.39,25.00
2022-05-16 08:18:38,4.60,141,152,8,0,0,1,0,0,18.50,23.55
2022-05-16 08:20:45,2.54,236,239,8,0,0,1,0,0,12.50,17.63
2022-05-16 08:20:53,5.12,113,238,8,0,0,1,0,0,30.90,32.08
2022-05-16 08:21:11,1.76,141,170,8,0,0,1,0,0,11.50,16.28
2022-05-16 08:21:15,10.40,239,138,8,0,1,1,0,0,35.50,36.15
2022-05-16 08:26:19,1.43,143,162,8,0,0,1,0,0,8.00,9.87
2022-05-16 08:29:37,13.18,138,234,8,0,1,1,0,0,43.00,52.70
2022-05-16 08:31:21,0.64,229,163,8,0,0,1,0,0,5.50,5.82
2022-05-16 08:31:47,1.55,186,50,8,0,0,1,0,0,11.00,15.38
2022-05-16 08:33:34,1.30,141,161,8,0,0,1,0,0,9.50,12.73
2022-05-16 08:48:47,1.49,68,170,8,0,0,1,0,0,13.00,20.33
2022-05-16 08:51:59,5.61,138,145,8,0,1,1,0,0,23.00,29.28
2022-05-16 08:54:15,0.60,237,237,8,0,0,1,0,0,5.50,5.37
2022-05-16 08:57:56,0.61,237,140,8,0,0,1,0,0,6.00,6.47
2022-05-16 08:59:30,2.17,244,166,8,0,0,1,0,0,9.00,8.52
2022-05-16 09:00:39,0.43,236,236,9,0,0,1,0,0,4.00,3.52
2022-05-16 09:01:17,0.70,79,114,9,0,0,1,0,0,4.50,3.67
2022-05-16 09:05:24,7.16,229,231,9,0,0,1,0,0,23.50,23.32
2022-05-16 09:06:43,0.43,249,90,9,0,0,1,0,0,3.50,2.50
2022-05-16 09:09:32,3.83,140,107,9,0,0,1,0,0,19.50,25.72
2022-05-16 09:09:58,1.02,229,48,9,0,0,1,0,0,10.50,15.70
2022-05-16 09:12:29,2.45,249,230,9,0,0,1,0,0,11.50,14.82
2022-05-16 09:13:09,0.79,229,141,9,0,0,1,0,0,4.50,3.95
2022-05-16 09:18:45,0.40,43,161,9,0,0,1,0,0,4.50,3.55
2022-05-16 09:20:39,1.21,186,230,9,0,0,1,0,0,10.00,14.85
2022-05-16 09:24:29,5.03,161,13,9,0,0,1,0,0,20.50,24.78
2022-05-16 09:30:53,1.90,79,186,9,0,0,1,0,0,9.00,11.25
2022-05-16 09:32:34,7.70,238,88,9,0,0,1,0,0,25.00,23.05
2022-05-16 09:33:59,0.81,164,48,9,0,0,1,0,0,9.50,13.53
2022-05-16 09:34:15,2.80,142,166,9,0,0,1,0,0,11.50,13.13
2022-05-16 09:35:51,2.20,230,113,9,0,0,1,0,0,10.50,16.65
2022-05-16 09:37:39,3.50,114,246,9,0,0,1,0,0,15.00,18.73
2022-05-16 09:41:20,6.04,162,226,9,0,0,1,0,0,28.00,39.65
2022-05-16 09:45:39,0.28,90,90,9,0,0,1,0,0,4.00,3.05
2022-05-16 09:48:56,0.87,75,236,9,0,0,1,0,0,5.50,5.15
2022-05-16 09:49:10,0.93,237,236,9,0,0,1,0,0,6.50,6.80
2022-05-16 09:52:14,1.92,100,237,9,0,0,1,0,0,10.50,13.18
2022-05-16 09:57:34,0.78,90,100,9,0,0,1,0,0,5.50,5.47
2022-05-16 09:57:45,4.70,88,48,9,0,0,1,0,0,18.00,19.48
2022-05-16 09:58:21,0.83,234,164,9,0,0,1,0,0,6.50,7.28
2022-05-16 09:58:37,1.86,246,50,9,0,0,1,0,0,9.50,11.02
2022-05-16 10:00:25,1.56,163,43,10,0,0,0,0,0,11.50,16.07
2022-05-16 10:00:43,2.14,87,231,10,0,0,0,0,0,8.50,6.47
2022-05-16 10:04:49,0.60,90,90,10,0,0,0,0,0,4.50,3.45
2022-05-16 10:12:11,0.69,161,170,10,0,0,0,0,0,5.00,4.28
2022-05-16 10:21:31,18.30,90,132,10,0,1,0,0,0,52.00,43.20
2022-05-16 10:21:32,0.50,263,43,10,0,0,0,0,0,4.50,3.95
2022-05-16 10:25:12,2.67,140,239,10,0,0,0,0,0,12.50,15.07
2022-05-16 10:31:10,1.03,246,50,10,0,0,0,0,0,6.50,5.85
2022-05-16 10:32:09,8.00,70,262,10,0,0,0,0,0,25.00,23.53
2022-05-16 10:32:23,0.78,186,164,10,0,0,0,0,0,7.00,8.37
2022-05-16 10:38:42,1.25,43,142,10,0,0,0,0,0,7.00,8.75
2022-05-16 10:42:01,0.80,237,161,10,0,0,0,0,0,6.00,7.00
2022-05-16 10:43:04,2.24,140,161,10,0,0,0,0,0,16.00,25.23
2022-05-16 10:45:06,14.41,138,13,10,0,1,0,0,0,43.50,38.62
2022-05-16 10:45:50,6.54,138,74,10,0,1,0,0,0,20.50,16.95
2022-05-16 10:51:51,1.46,161,186,10,0,0,0,0,0,10.50,15.27
2022-05-16 10:52:14,1.60,238,166,10,0,0,0,0,0,10.00,12.55
2022-05-16 11:02:13,1.73,236,140,11,0,0,0,0,0,10.00,13.40
2022-05-16 11:02:31,1.40,113,137,11,0,0,0,0,0,8.00,9.43
2022-05-16 11:09:50,2.20,246,142,11,0,0,0,0,0,10.50,15.38
2022-05-16 11:11:09,1.85,48,68,11,0,0,0,0,0,10.50,13.88
2022-05-16 11:11:50,0.60,239,43,11,0,0,0,0,0,5.50,5.87
2022-05-16 11:12:44,1.20,163,186,11,0,0,0,0,0,8.00,10.08
2022-05-16 11:15:30,0.79,229,237,11,0,0,0,0,0,6.00,6.43
2022-05-16 11:15:48,8.54,138,37,11,0,1,0,0,0,29.50,31.65
2022-05-16 11:17:34,1.60,263,229,11,0,0,0,0,0,11.00,15.90
2022-05-16 11:17:40,1.55,239,50,11,0,0,0,0,0,8.50,10.50
2022-05-16 11:17:57,3.74,166,237,11,0,0,0,0,0,18.50,25.60
2022-05-16 11:18:18,2.70,246,114,11,0,0,0,0,0,17.00,26.55
2022-05-16 11:19:18,5.64,238,231,11,0,0,0,0,0,27.50,42.52
2022-05-16 11:21:13,1.01,238,142,11,0,0,0,0,0,5.50,5.20
2022-05-16 11:31:13,2.92,107,48,11,0,0,0,0,0,15.00,21.22
2022-05-16 11:32:04,2.90,162,249,11,0,0,0,0,0,12.50,19.32
2022-05-16 11:32:40,7.35,262,231,11,0,0,0,0,0,25.50,26.80
2022-05-16 11:36:25,0.67,237,237,11,0,0,0,0,0,5.50,6.37
2022-05-16 11:39:14,4.73,170,75,11,0,0,0,0,0,18.00,21.93
2022-05-16 11:40:43,0.84,237,263,11,0,0,0,0,0,7.00,8.22
2022-05-16 11:42:08,2.77,13,68,11,0,0,0,0,0,10.50,9.27
2022-05-16 11:43:52,1.63,170,229,11,0,0,0,0,0,7.50,7.97
2022-05-16 11:46:26,4.20,237,249,11,0,0,0,0,0,22.50,34.65
2022-05-16 11:53:05,14.82,132,260,11,0,1,0,0,0,43.50,33.52
2022-05-16 11:55:01,1.15,48,68,11,0,0,0,0,0,6.00,5.22
2022-05-16 12:00:14,0.80,43,75,12,0,0,0,0,0,6.00,6.25
2022-05-16 12:02:00,0.56,239,239,12,0,0,0,0,0,6.00,7.42
2022-05-16 12:03:39,1.12,231,249,12,0,0,0,0,0,6.00,6.10
2022-05-16 12:04:04,13.35,138,261,12,0,1,0,0,0,39.50,35.02
2022-05-16 12:04:08,3.94,142,75,12,0,0,0,0,0,16.00,20.77
2022-05-16 12:05:58,18.11,132,148,12,0,1,0,0,0,52.00,47.82
2022-05-16 12:11:23,3.99,234,87,12,0,0,0,0,0,17.00,22.22
2022-05-16 12:14:29,1.08,237,263,12,0,0,0,0,0,6.50,7.08
2022-05-16 12:16:04,1.74,236,162,12,0,0,0,0,0,10.50,13.87
2022-05-16 12:18:13,3.62,152,43,12,0,0,0,0,0,14.00,14.63
2022-05-16 12:19:20,5.31,170,166,12,0,0,0,0,0,24.50,35.52
2022-05-16 12:24:47,3.32,43,90,12,0,0,0,0,0,17.00,24.58
2022-05-16 12:29:52,0.40,236,236,12,0,0,0,0,0,5.00,4.98
2022-05-16 12:30:35,0.54,140,262,12,0,0,0,0,0,4.50,4.03
2022-05-16 12:31:54,1.61,164,162,12,0,0,0,0,0,8.50,10.12
2022-05-16 12:32:36,2.04,263,162,12,0,0,0,0,0,11.00,15.15
2022-05-16 12:34:00,5.94,88,161,12,0,0,0,0,0,23.57,26.00
2022-05-16 12:35:50,2.10,170,113,12,0,0,0,0,0,11.00,14.27
2022-05-16 12:36:00,1.60,186,233,12,0,0,0,0,0,10.50,14.88
2022-05-16 12:39:31,4.50,230,13,12,0,0,0,0,0,19.00,24.23
2022-05-16 12:41:55,1.64,170,79,12,0,0,0,0,0,8.00,8.65
2022-05-16 12:42:39,1.68,237,236,12,0,0,0,0,0,8.50,9.80
2022-05-16 12:42:48,0.90,263,236,12,0,0,0,0,0,7.00,8.48
2022-05-16 12:46:27,1.92,43,140,12,0,0,0,0,0,9.50,12.03
2022-05-16 12:47:09,5.70,238,158,12,0,0,0,0,0,20.50,21.28
2022-05-16 12:48:50,0.51,68,230,12,0,0,0,0,0,5.50,6.65
2022-05-16 12:49:52,2.27,237,238,12,0,0,0,0,0,10.00,9.62
2022-05-16 12:50:20,1.62,142,161,12,0,0,0,0,0,9.50,12.18
2022-05-16 12:51:06,4.80,230,13,12,0,0,0,0,0,20.00,24.02
2022-05-16 12:54:00,2.08,186,142,12,0,0,0,0,0,13.00,18.92
2022-05-16 12:58:42,16.91,48,1,12,0,1,0,0,0,65.50,38.08
2022-05-16 13:01:15,10.50,138,239,13,0,1,0,0,0,33.50,34.65
2022-05-16 13:02:40,1.40,234,246,13,0,0,0,0,0,10.50,17.92
2022-05-16 13:03:25,3.32,79,262,13,0,0,0,0,0,13.50,17.23
2022-05-16 13:06:00,2.75,143,164,13,0,0,0,0,0,13.81,21.00
2022-05-16 13:07:02,1.22,234,68,13,0,0,0,0,0,12.50,19.82
2022-05-16 13:09:13,0.91,236,237,13,0,0,0,0,0,5.50,5.05
2022-05-16 13:09:42,1.39,75,262,13,0,0,0,0,0,8.80,9.50
2022-05-16 13:13:34,0.88,170,137,13,0,0,0,0,0,5.50,5.20
2022-05-16 13:17:43,3.10,163,75,13,0,0,0,0,0,16.00,22.27
2022-05-16 13:19:48,1.20,161,233,13,0,0,0,0,0,8.50,12.12
2022-05-16 13:21:25,0.54,263,236,13,0,0,0,0,0,4.50,16.07
2022-05-16 13:23:12,1.37,100,163,13,0,0,0,0,0,7.00,7.62
2022-05-16 13:27:12,6.79,132,139,13,0,1,0,0,0,20.00,13.38
2022-05-16 13:28:13,5.50,238,107,13,0,0,0,0,0,21.00,28.87
2022-05-16 13:30:25,1.38,141,263,13,0,0,0,0,0,6.50,6.93
2022-05-16 13:30:36,2.10,234,48,13,0,0,0,0,0,11.00,14.65
2022-05-16 13:34:16,12.05,138,90,13,0,1,0,0,0,36.50,37.97
2022-05-16 13:34:31,7.46,146,97,13,0,0,0,0,0,31.00,44.97
2022-05-16 13:35:28,0.38,161,161,13,0,0,0,0,0,4.00,3.48
2022-05-16 13:36:37,0.70,163,163,13,0,0,0,0,0,6.50,7.80
2022-05-16 13:40:21,2.80,249,162,13,0,0,0,0,0,14.50,19.87
2022-05-16 13:40:21,1.75,239,141,13,0,0,0,0,0,10.00,13.48
2022-05-16 13:43:45,2.00,239,166,13,0,0,0,0,0,9.50,11.15
2022-05-16 13:46:23,1.12,239,151,13,0,0,0,0,0,6.50,6.05
2022-05-16 13:46:29,2.50,143,151,13,0,0,0,0,0,9.50,9.03
2022-05-16 13:47:43,1.00,142,163,13,0,0,0,0,0,7.50,9.13
2022-05-16 13:50:05,3.00,79,163,13,0,0,0,0,0,16.00,23.30
2022-05-16 13:54:32,1.00,68,234,13,0,0,0,0,0,7.00,8.60
2022-05-16 13:54:36,19.97,163,1,13,0,1,0,0,0,75.50,42.68
2022-05-16 13:55:32,3.60,231,161,13,0,0,0,0,0,17.00,23.90
2022-05-16 13:56:42,1.07,87,148,13,0,0,0,0,0,8.00,11.78
2022-05-16 13:56:47,2.28,87,249,13,0,0,0,0,0,12.00,16.03
2022-05-16 14:00:36,2.34,229,68,14,0,0,0,0,0,12.50,16.72
2022-05-16 14:03:43,7.50,70,41,14,0,0,0,0,0,22.50,18.12
2022-05-16 14:08:10,1.69,162,107,14,0,0,0,0,0,11.00,15.35
2022-05-16 14:09:49,1.84,263,239,14,0,0,0,0,0,13.00,19.07
2022-05-16 14:10:34,2.10,48,239,14,0,0,0,0,0,10.00,11.90
2022-05-16 14:11:25,4.81,161,166,14,0,0,0,0,0,19.50,27.58
2022-05-16 14:13:05,0.98,161,164,14,0,0,0,0,0,6.50,7.08
2022-05-16 14:19:04,5.21,142,13,14,0,0,0,0,0,22.00,28.70
2022-05-16 14:24:54,0.55,100,100,14,0,0,0,0,0,8.00,11.82
2022-05-16 14:26:02,3.48,237,79,14,0,0,0,0,0,18.50,27.12
2022-05-16 14:28:39,1.85,143,100,14,0,0,0,0,0,8.00,8.57
2022-05-16 14:37:48,2.33,48,237,14,0,0,0,0,0,11.00,13.63
2022-05-16 14:37:54,1.10,164,161,14,0,0,0,0,0,9.00,11.72
2022-05-16 14:38:31,2.30,74,236,14,0,0,0,0,0,13.00,18.62
2022-05-16 14:41:12,1.57,186,170,14,0,0,0,0,0,9.00,11.58
2022-05-16 14:44:00,0.90,24,166,14,0,0,0,0,0,8.80,5.00
2022-05-16 14:44:14,2.29,230,239,14,0,0,0,0,0,12.50,17.37
2022-05-16 14:52:10,0.90,164,170,14,0,0,0,0,0,7.00,8.42
2022-05-16 14:56:27,10.02,138,239,14,0,1,0,0,0,35.50,41.93
2022-05-16 14:59:04,1.40,88,45,14,0,0,0,0,0,9.00,11.52
2022-05-16 15:03:09,4.16,170,238,15,0,0,0,0,0,20.00,28.27
2022-05-16 15:04:04,2.30,68,163,15,0,0,0,0,0,12.00,17.10
2022-05-16 15:05:17,1.24,75,236,15,0,0,0,0,0,7.50,9.27
2022-05-16 15:05:22,0.92,237,237,15,0,0,0,0,0,4.50,6.23
2022-05-16 15:06:57,0.51,114,234,15,0,0,0,0,0,4.00,2.70
2022-05-16 15:07:02,2.89,88,4,15,0,0,0,0,0,10.00,6.13
2022-05-16 15:07:44,3.60,79,230,15,0,0,0,0,0,17.50,24.32
2022-05-16 15:08:38,1.09,114,107,15,0,0,0,0,0,7.50,8.72
2022-05-16 15:11:25,0.10,164,100,15,0,0,0,0,0,4.50,4.75
2022-05-16 15:12:23,0.30,229,141,15,0,0,0,0,0,5.00,5.10
2022-05-16 15:16:13,3.70,246,236,15,0,0,0,0,0,15.00,17.87
2022-05-16 15:16:20,1.50,142,50,15,0,0,0,0,0,9.00,11.17
2022-05-16 15:17:40,2.77,231,186,15,0,0,0,0,0,12.00,14.02
2022-05-16 15:21:53,6.33,162,13,15,0,0,0,0,0,22.50,27.35
2022-05-16 15:23:02,0.24,107,107,15,0,0,0,0,0,3.00,1.02
2022-05-16 15:23:49,9.30,138,234,15,0,1,0,0,0,33.00,39.05
2022-05-16 15:23:50,1.60,262,75,15,0,0,0,0,0,7.50,8.35
2022-05-16 15:25:56,5.27,161,13,15,0,0,0,0,0,26.50,38.65
2022-05-16 15:28:04,0.90,186,170,15,0,0,0,0,0,6.00,6.73
2022-05-16 15:28:18,1.04,68,100,15,0,0,0,0,0,11.00,16.55
2022-05-16 15:29:54,0.40,237,237,15,0,0,0,0,0,5.50,6.43
2022-05-16 15:36:03,2.83,263,143,15,0,0,0,0,0,12.50,15.80
2022-05-16 15:38:35,0.72,90,158,15,0,0,0,0,0,5.50,5.40
2022-05-16 15:41:48,1.48,263,75,15,0,0,0,0,0,9.00,11.45
2022-05-16 15:42:10,0.90,236,263,15,0,0,0,0,0,6.50,8.07
2022-05-16 15:44:20,1.90,13,211,15,0,0,0,0,0,9.50,12.23
2022-05-16 15:46:15,0.95,140,263,15,0,0,0,0,0,7.50,8.55
2022-05-16 15:47:52,1.07,170,186,15,0,0,0,0,0,6.50,7.95
2022-05-16 15:50:51,1.85,234,162,15,0,0,0,0,0,9.50,10.75
2022-05-16 15:58:40,2.53,170,79,15,0,0,0,0,0,11.50,15.10
2022-05-16 15:59:11,1.93,4,45,15,0,0,0,0,0,14.50,22.20
2022-05-16 16:01:12,1.97,142,68,16,0,0,0,1,0,9.00,9.88
2022-05-16 16:04:07,0.80,186,164,16,0,0,0,1,0,6.50,8.00
2022-05-16 16:04:44,1.20,140,263,16,0,0,0,1,0,7.00,7.27
2022-05-16 16:04:48,0.69,237,163,16,0,0,0,1,0,7.00,8.83
2022-05-16 16:07:20,1.78,163,186,16,0,0,0,1,0,12.00,18.37
2022-05-16 16:11:04,11.00,132,138,16,0,1,0,1,0,35.50,35.83
2022-05-16 16:11:27,1.90,239,141,16,0,0,0,1,0,11.50,17.43
2022-05-16 16:12:13,3.33,13,246,16,0,0,0,1,0,14.00,16.92
2022-05-16 16:13:26,1.54,100,68,16,0,0,0,1,0,7.50,8.33
2022-05-16 16:13:44,1.44,237,238,16,0,0,0,1,0,8.00,8.92
2022-05-16 16:13:59,1.26,249,234,16,0,0,0,1,0,7.00,7.65
2022-05-16 16:15:51,0.87,237,236,16,0,0,0,1,0,6.50,7.67
2022-05-16 16:16:23,2.28,90,48,16,0,0,0,1,0,12.00,16.13
2022-05-16 16:16:36,1.16,237,236,16,0,0,0,1,0,7.00,7.50
2022-05-16 16:16:51,1.30,236,238,16,0,0,0,1,0,7.50,10.63
2022-05-16 16:18:21,2.75,68,237,16,0,0,0,1,0,15.32,27.03
2022-05-16 16:22:22,1.50,161,143,16,0,0,0,1,0,8.50,10.30
2022-05-16 16:24:00,2.55,162,79,16,0,0,0,1,0,10.50,12.92
2022-05-16 16:25:07,1.79,237,164,16,0,0,0,1,0,13.00,19.82
2022-05-16 16:27:39,1.93,164,79,16,0,0,0,1,0,9.50,11.33
2022-05-16 16:30:20,1.49,224,162,16,0,0,0,1,0,7.50,8.10
2022-05-16 16:31:03,2.00,170,114,16,0,0,0,1,0,12.00,17.23
2022-05-16 16:32:49,1.75,236,142,16,0,0,0,1,0,9.00,9.73
2022-05-16 16:33:35,1.07,262,141,16,0,0,0,1,0,6.00,5.73
2022-05-16 16:36:22,1.51,142,170,16,0,0,0,1,0,9.50,13.17
2022-05-16 16:41:59,1.17,237,236,16,0,0,0,1,0,6.50,7.27
2022-05-16 16:44:11,0.46,140,141,16,0,0,0,1,0,4.00,2.88
2022-05-16 16:44:30,0.64,151,238,16,0,0,0,1,0,4.00,2.70
2022-05-16 16:45:28,2.11,246,143,16,0,0,0,1,0,8.50,7.32
2022-05-16 16:47:20,1.20,48,161,16,0,0,0,1,0,8.00,9.70
2022-05-16 16:53:22,2.70,246,231,16,0,0,0,1,0,14.50,20.83
2022-05-16 16:55:06,4.80,161,166,16,0,0,0,1,0,21.00,28.02
2022-05-16 16:57:01,2.85,42,151,16,0,0,0,1,0,16.39,19.88
2022-05-16 17:04:13,1.98,236,161,17,0,0,0,1,0,10.50,13.05
2022-05-16 17:08:26,1.20,246,164,17,0,0,0,1,0,8.00,9.88
2022-05-16 17:08:26,3.96,229,246,17,0,0,0,1,0,19.00,26.83
2022-05-16 17:12:14,18.14,132,90,17,0,1,0,1,0,52.00,46.73
2022-05-16 17:13:45,1.71,68,107,17,0,0,0,1,0,8.50,10.38
2022-05-16 17:13:52,5.21,239,246,17,0,0,0,1,0,27.50,41.67
2022-05-16 17:14:29,1.60,163,141,17,0,0,0,1,0,11.00,16.42
2022-05-16 17:15:23,0.74,237,237,17,0,0,0,1,0,6.00,6.33
2022-05-16 17:16:52,0.78,24,170,17,0,0,0,1,0,5.50,5.37
2022-05-16 17:18:51,1.90,163,107,17,0,0,0,1,0,11.00,14.60
2022-05-16 17:20:13,0.63,142,142,17,0,0,0,1,0,5.00,5.27
2022-05-16 17:21:51,0.70,158,68,17,0,0,0,1,0,5.50,5.48
2022-05-16 17:24:05,2.14,230,246,17,0,0,0,1,0,12.00,15.75
2022-05-16 17:26:52,1.00,164,107,17,0,0,0,1,0,7.00,8.87
2022-05-16 17:27:26,0.80,236,263,17,0,0,0,1,0,6.00,6.58
2022-05-16 17:27:55,0.70,231,13,17,0,0,0,1,0,5.50,6.77
2022-05-16 17:29:24,0.70,261,13,17,0,0,0,1,0,5.50,5.52
2022-05-16 17:30:35,1.11,263,75,17,0,0,0,1,0,6.00,6.47
2022-05-16 17:32:53,2.50,68,142,17,0,0,0,1,0,10.50,10.93
2022-05-16 17:33:45,3.00,229,146,17,0,0,0,1,0,12.50,14.50
2022-05-16 17:34:23,1.32,239,238,17,0,0,0,1,0,7.50,7.72
2022-05-16 17:34:52,1.83,161,142,17,0,0,0,1,0,10.00,14.03
2022-05-16 17:35:30,3.62,144,163,17,0,0,0,1,0,15.00,19.22
2022-05-16 17:37:08,1.70,161,239,17,0,0,0,1,0,10.50,12.72
2022-05-16 17:38:31,5.36,132,139,17,0,1,0,1,0,17.50,17.15
2022-05-16 17:40:57,1.00,237,161,17,0,0,0,1,0,8.00,9.97
2022-05-16 17:42:05,1.20,238,24,17,0,0,0,1,0,7.00,7.90
2022-05-16 17:44:15,2.55,65,87,17,0,0,0,1,0,11.00,11.08
2022-05-16 17:47:35,1.20,162,186,17,0,0,0,1,0,11.50,17.47
2022-05-16 17:49:26,1.80,162,50,17,0,0,0,1,0,12.50,17.98
2022-05-16 17:53:09,1.90,246,231,17,0,0,0,1,0,9.00,8.60
2022-05-16 17:54:32,0.70,236,237,17,0,0,0,1,0,5.50,5.73
2022-05-16 17:56:06,0.90,170,229,17,0,0,0,1,0,5.50,4.75
2022-05-16 17:56:33,17.50,132,230,17,0,1,0,1,0,52.00,58.10
2022-05-16 17:58:27,1.90,48,68,17,0,0,0,1,0,8.00,9.02
2022-05-16 17:58:48,0.50,237,237,17,0,0,0,1,0,4.00,2.53
2022-05-16 17:59:29,2.76,237,238,17,0,0,0,1,0,14.50,18.58
2022-05-16 18:00:20,1.75,170,79,18,0,0,0,1,0,8.50,10.27
2022-05-16 18:01:26,2.20,170,142,18,0,0,0,1,0,11.50,16.75
2022-05-16 18:01:57,1.60,186,162,18,0,0,0,1,0,10.00,13.17
2022-05-16 18:06:53,3.80,246,238,18,0,0,0,1,0,14.00,13.38
2022-05-16 18:08:59,1.29,230,50,18,0,0,0,1,0,8.50,10.30
2022-05-16 18:13:29,1.35,236,161,18,0,0,0,1,0,11.00,15.35
2022-05-16 18:15:37,0.54,236,237,18,0,0,0,1,0,4.00,2.95
2022-05-16 18:19:40,0.88,142,50,18,0,0,0,1,0,6.00,6.83
2022-05-16 18:21:20,0.42,163,230,18,0,0,0,1,0,4.00,2.72
2022-05-16 18:21:46,1.62,230,234,18,0,0,0,1,0,10.00,14.73
2022-05-16 18:22:17,0.91,143,239,18,0,0,0,1,0,6.00,6.05
2022-05-16 18:24:11,3.39,237,234,18,0,0,0,1,0,14.50,19.15
2022-05-16 18:24:38,3.73,125,50,18,0,0,0,1,0,13.50,13.43
2022-05-16 18:28:01,2.90,141,107,18,0,0,0,1,0,11.50,13.67
2022-05-16 18:32:01,2.63,140,237,18,0,0,0,1,0,13.50,19.50
2022-05-16 18:33:57,2.55,262,233,18,0,0,0,1,0,10.00,9.90
2022-05-16 18:37:00,0.94,238,239,18,0,0,0,1,0,5.00,3.47
2022-05-16 18:38:55,2.61,170,163,18,0,0,0,1,0,12.00,14.13
2022-05-16 18:40:23,3.04,229,148,18,0,0,0,1,0,14.00,20.77
2022-05-16 18:40:43,3.96,158,141,18,0,0,0,1,0,16.50,21.88
2022-05-16 18:42:41,1.28,236,237,18,0,0,0,1,0,7.50,8.48
2022-05-16 18:43:14,1.49,142,239,18,0,0,0,1,0,7.00,7.28
2022-05-16 18:45:25,1.52,163,68,18,0,0,0,1,0,10.50,14.85
2022-05-16 18:45:54,1.89,238,48,18,0,0,0,1,0,8.50,9.72
2022-05-16 18:46:18,2.36,231,113,18,0,0,0,1,0,13.00,17.65
2022-05-16 18:50:08,0.40,90,249,18,0,0,0,1,0,5.00,5.43
2022-05-16 18:51:24,2.37,161,236,18,0,0,0,1,0,11.50,15.57
2022-05-16 18:52:30,1.00,163,237,18,0,0,0,1,0,6.00,6.80
2022-05-16 18:53:04,1.80,246,249,18,0,0,0,1,0,10.00,13.52
2022-05-16 18:53:55,0.90,262,236,18,0,0,0,1,0,5.00,3.90
2022-05-16 18:54:45,0.68,142,48,18,0,0,0,1,0,5.50,5.37
2022-05-16 18:57:20,1.40,90,158,18,0,0,0,1,0,7.50,8.55
2022-05-16 19:01:01,1.78,186,229,19,0,0,0,1,0,13.50,20.20
2022-05-16 19:03:47,1.45,186,113,19,0,0,0,1,0,7.50,8.40
2022-05-16 19:05:04,0.67,236,75,19,0,0,0,1,0,4.50,2.90
2022-05-16 19:06:35,7.07,138,80,19,0,1,0,1,0,22.00,16.00
2022-05-16 19:12:17,0.70,239,239,19,0,0,0,1,0,5.00,3.88
2022-05-16 19:12:46,5.76,249,41,19,0,0,0,1,0,27.50,39.37
2022-05-16 19:15:12,1.58,163,233,19,0,0,0,1,0,9.00,12.27
2022-05-16 19:18:00,17.33,132,233,19,0,1,0,1,0,52.00,34.85
2022-05-16 19:20:10,1.72,142,50,19,0,0,0,1,0,10.00,12.13
2022-05-16 19:21:21,2.10,90,163,19,0,0,0,1,0,13.00,18.47
2022-05-16 19:28:21,0.70,163,229,19,0,0,0,1,0,5.50,5.53
2022-05-16 19:31:13,3.30,88,25,19,0,0,0,1,0,12.50,13.77
2022-05-16 19:35:40,0.76,239,142,19,0,0,0,1,0,5.50,5.95
2022-05-16 19:40:51,1.63,161,229,19,0,0,0,1,0,9.00,11.33
2022-05-16 19:42:14,19.41,132,41,19,0,1,0,1,0,52.00,42.88
2022-05-16 19:45:28,2.62,140,238,19,0,0,0,1,0,11.00,11.67
2022-05-16 19:49:11,4.08,186,4,19,0,0,0,1,0,11.50,15.32
2022-05-16 19:51:15,5.51,237,157,19,0,0,0,1,0,21.50,24.03
2022-05-16 19:52:50,15.26,161,155,19,0,0,0,1,0,45.50,44.37
2022-05-16 19:53:04,1.21,237,162,19,0,0,0,1,0,6.00,5.23
2022-05-16 19:55:06,0.60,238,239,19,0,0,0,1,0,4.50,2.97
2022-05-16 19:55:12,6.34,170,261,19,0,0,0,1,0,21.00,18.25
2022-05-16 19:58:27,2.80,48,151,19,0,0,0,1,0,12.50,14.28
2022-05-16 19:58:58,16.45,132,112,19,0,1,0,1,0,45.50,33.53
2022-05-16 19:58:59,3.39,143,151,19,0,0,0,1,0,14.39,9.52
2022-05-16 20:01:20,2.68,246,142,20,0,0,0,0,0,12.00,15.13
2022-05-16 20:02:41,1.00,238,239,20,0,0,0,0,0,5.00,3.80
2022-05-16 20:03:19,2.74,163,43,20,0,0,0,0,0,11.50,12.17
2022-05-16 20:05:36,2.00,140,170,20,0,0,0,0,0,8.50,10.43
2022-05-16 20:07:07,1.00,143,163,20,0,0,0,0,0,6.00,5.53
2022-05-16 20:09:07,5.50,79,181,20,0,0,0,0,0,18.50,18.97
2022-05-16 20:10:06,2.91,162,211,20,0,0,0,0,0,13.00,16.42
2022-05-16 20:10:37,17.66,132,164,20,0,1,0,0,0,52.00,36.22
2022-05-16 20:14:00,2.42,162,263,20,0,0,0,0,0,11.84,11.00
2022-05-16 20:14:39,4.40,142,231,20,0,0,0,0,0,19.00,26.35
2022-05-16 20:15:09,1.38,132,132,20,0,1,0,0,0,5.50,2.05
2022-05-16 20:15:58,2.60,142,262,20,0,0,0,0,0,11.00,11.63
2022-05-16 20:17:46,2.65,142,41,20,0,0,0,0,0,12.00,14.23
2022-05-16 20:21:21,1.65,162,141,20,0,0,0,0,0,10.00,14.40
2022-05-16 20:23:18,1.67,229,236,20,0,0,0,0,0,7.50,7.25
2022-05-16 20:28:33,2.96,238,162,20,0,0,0,0,0,13.00,15.48
2022-05-16 20:30:25,0.93,239,143,20,0,0,0,0,0,6.00,5.95
2022-05-16 20:35:08,0.52,246,48,20,0,0,0,0,0,4.00,2.82
2022-05-16 20:38:26,10.69,142,181,20,0,0,0,0,0,36.00,40.00
2022-05-16 20:39:56,2.13,230,140,20,0,0,0,0,0,10.50,13.38
2022-05-16 20:41:57,19.59,132,211,20,0,1,0,0,0,52.00,42.37
2022-05-16 20:43:09,2.92,249,229,20,0,0,0,0,0,13.50,18.08
2022-05-16 20:44:51,3.49,107,140,20,0,0,0,0,0,15.00,18.32
2022-05-16 20:46:33,6.60,4,151,20,0,0,0,0,0,22.00,19.80
2022-05-16 20:51:44,0.69,100,48,20,0,0,0,0,0,4.00,2.77
2022-05-16 20:53:07,1.80,237,239,20,0,0,0,0,0,9.00,9.72
2022-05-16 20:55:13,0.60,238,238,20,0,0,0,0,0,4.50,3.05
2022-05-16 20:56:05,6.87,138,42,20,0,1,0,0,0,21.00,15.22
2022-05-16 21:04:09,4.12,142,231,21,0,0,0,0,0,15.50,18.42
2022-05-16 21:11:49,4.00,142,42,21,0,0,0,0,0,15.50,17.90
2022-05-16 21:13:45,1.63,90,162,21,0,0,0,0,0,8.50,9.92
2022-05-16 21:15:23,2.10,65,87,21,0,0,0,0,0,9.00,8.03
2022-05-16 21:20:25,4.03,107,88,21,0,0,0,0,0,13.50,9.08
2022-05-16 21:22:16,0.90,142,50,21,0,0,0,0,0,6.00,6.57
2022-05-16 21:26:20,1.90,230,234,21,0,0,0,0,0,9.50,12.25
2022-05-16 21:29:43,1.92,48,142,21,0,0,0,0,0,8.50,8.52
2022-05-16 21:29:59,4.20,161,231,21,0,0,0,0,0,15.50,17.92
2022-05-16 21:32:06,1.09,236,239,21,0,0,0,0,0,5.50,3.95
2022-05-16 21:32:30,4.25,48,231,21,0,0,0,0,0,17.50,23.25
2022-05-16 21:33:01,1.10,262,236,21,0,0,0,0,0,6.50,6.72
2022-05-16 21:35:02,1.90,90,48,21,0,0,0,0,0,9.00,10.58
2022-05-16 21:43:37,3.22,231,163,21,0,0,0,0,0,13.00,14.78
2022-05-16 21:48:57,4.41,233,238,21,0,0,0,0,0,15.50,16.57
2022-05-16 21:50:22,2.07,114,230,21,0,0,0,0,0,10.00,11.95
2022-05-16 21:54:49,0.71,229,229,21,0,0,0,0,0,5.00,4.13
2022-05-16 22:01:50,1.68,161,237,22,0,0,0,0,0,7.50,7.12
2022-05-16 22:06:08,1.30,114,231,22,0,0,0,0,0,7.50,8.02
2022-05-16 22:09:38,1.02,141,237,22,0,0,0,0,0,5.50,4.10
2022-05-16 22:13:17,2.28,237,68,22,0,0,0,0,0,10.50,13.72
2022-05-16 22:14:26,18.10,132,113,22,0,1,0,0,0,52.00,34.48
2022-05-16 22:21:16,1.60,79,107,22,0,0,0,0,0,7.50,7.18
2022-05-16 22:21:55,2.58,107,141,22,0,0,0,0,0,11.50,13.67
2022-05-16 22:22:46,1.19,141,162,22,0,0,0,0,0,6.50,6.85
2022-05-16 22:25:18,0.83,74,75,22,0,0,0,0,0,5.50,5.70
2022-05-16 22:28:10,1.70,90,211,22,0,0,0,0,0,9.50,11.20
2022-05-16 22:29:33,2.15,68,230,22,0,0,0,0,0,9.00,8.75
2022-05-16 22:34:27,19.44,132,158,22,0,1,0,0,0,52.00,41.48
2022-05-16 22:36:48,6.29,236,223,22,0,0,0,0,0,20.50,16.82
2022-05-16 22:37:32,1.20,114,144,22,0,0,0,0,0,7.50,8.82
2022-05-16 22:38:07,2.84,170,263,22,0,0,0,0,0,10.00,8.30
2022-05-16 22:45:32,1.10,100,170,22,0,0,0,0,0,6.50,6.93
2022-05-16 22:53:11,0.30,142,142,22,0,0,0,0,0,3.50,1.95
2022-05-16 23:10:48,7.87,107,198,23,0,0,0,0,0,25.00,24.28
2022-05-16 23:11:52,1.30,237,262,23,0,0,0,0,0,6.50,6.47
2022-05-16 23:15:02,4.81,41,48,23,0,0,0,0,0,18.00,19.98
2022-05-16 23:17:15,0.49,230,164,23,0,0,0,0,0,4.00,3.17
2022-05-16 23:24:15,1.96,237,107,23,0,0,0,0,0,8.50,7.47
2022-05-16 23:27:43,0.90,237,263,23,0,0,0,0,0,5.00,3.78
2022-05-16 23:34:50,1.41,211,79,23,0,0,0,0,0,7.50,8.63
2022-05-16 23:36:00,6.95,142,243,23,0,0,0,0,0,23.38,14.00
2022-05-16 23:47:53,3.00,125,65,23,0,0,0,0,0,12.00,11.30
2022-05-17 00:03:41,3.80,262,42,0,1,0,0,0,0,12.50,11.63
2022-05-17 00:06:17,3.77,234,236,0,1,0,0,0,0,16.97,12.60
2022-05-17 00:11:30,17.06,132,170,0,1,1,0,0,0,52.00,30.68
2022-05-17 00:43:23,12.31,138,132,0,1,1,0,0,0,35.00,22.67
2022-05-17 00:45:00,5.05,114,263,0,1,0,0,0,0,22.51,21.00
2022-05-17 01:11:49,6.64,79,7,1,1,0,0,0,0,21.50,22.85
2022-05-17 01:20:01,8.37,138,164,1,1,1,0,0,0,24.50,16.22
2022-05-17 01:22:13,1.15,230,229,1,1,0,0,0,0,7.00,8.02
2022-05-17 01:38:43,2.18,141,239,1,1,0,0,0,0,9.50,8.95
2022-05-17 02:13:17,7.90,186,116,2,1,0,0,0,0,25.00,19.47
2022-05-17 02:19:02,20.69,132,141,2,1,1,0,0,0,52.00,30.82
2022-05-17 02:30:32,19.92,132,231,2,1,1,0,0,0,52.00,28.50
2022-05-17 02:41:00,10.33,132,56,2,1,1,0,0,0,28.50,16.53
2022-05-17 02:49:40,0.60,164,170,2,1,0,0,0,0,4.50,3.67
2022-05-17 03:20:37,2.59,211,100,3,1,0,0,0,0,9.00,6.68
2022-05-17 04:41:49,5.00,164,179,4,1,0,0,0,0,17.50,17.23
2022-05-17 05:20:02,18.70,132,143,5,1,1,0,0,0,52.00,50.00
2022-05-17 05:48:08,1.02,79,234,5,1,0,0,0,0,5.50,5.25
2022-05-17 06:06:58,16.72,164,132,6,1,1,0,0,0,52.00,34.23
2022-05-17 06:20:47,1.20,48,163,6,1,0,0,0,0,5.50,4.22
2022-05-17 06:25:22,5.20,141,231,6,1,0,0,0,0,18.50,21.82
2022-05-17 06:27:45,18.16,132,262,6,1,1,0,0,0,52.00,45.63
2022-05-17 06:32:53,18.52,132,230,6,1,1,0,0,0,52.00,60.07
2022-05-17 06:38:34,5.74,170,88,6,1,0,0,0,0,18.50,14.45
2022-05-17 06:46:01,2.00,148,137,6,1,0,0,0,0,8.00,6.57
2022-05-17 06:46:47,1.47,141,142,6,1,0,0,0,0,7.00,7.05
2022-05-17 07:01:05,4.18,238,234,7,1,0,1,0,0,16.50,18.80
2022-05-17 07:04:26,1.60,140,161,7,1,0,1,0,0,8.00,7.72
2022-05-17 07:08:26,2.80,236,166,7,1,0,1,0,0,11.50,12.93
2022-05-17 07:08:57,0.62,142,142,7,1,0,1,0,0,4.50,2.88
2022-05-17 07:10:07,2.00,263,163,7,1,0,1,0,0,9.50,11.62
2022-05-17 07:12:04,0.87,246,48,7,1,0,1,0,0,5.50,4.58
2022-05-17 07:12:18,0.72,263,236,7,1,0,1,0,0,4.50,3.43
2022-05-17 07:12:38,2.33,239,161,7,1,0,1,0,0,10.00,10.82
2022-05-17 07:13:04,9.10,138,140,7,1,1,1,0,0,28.00,29.60
2022-05-17 07:16:03,2.68,33,13,7,1,0,1,0,0,12.50,14.55
2022-05-17 07:21:30,3.70,236,234,7,1,0,1,0,0,15.00,18.52
2022-05-17 07:25:39,1.65,43,43,7,1,0,1,0,0,8.00,8.43
2022-05-17 07:33:05,0.99,43,230,7,1,0,1,0,0,5.50,4.30
2022-05-17 07:36:59,1.45,237,162,7,1,0,1,0,0,6.00,5.03
2022-05-17 07:37:48,2.88,249,162,7,1,0,1,0,0,13.00,16.62
2022-05-17 07:41:22,1.00,100,233,7,1,0,1,0,0,6.00,6.03
2022-05-17 07:41:28,1.59,230,246,7,1,0,1,0,0,7.50,8.70
2022-05-17 07:44:48,2.98,229,75,7,1,0,1,0,0,11.50,12.92
2022-05-17 07:45:57,1.10,162,48,7,1,0,1,0,0,6.50,6.37
2022-05-17 07:47:36,6.24,162,13,7,1,0,1,0,0,20.00,16.00
2022-05-17 07:48:27,4.19,24,233,7,1,0,1,0,0,21.50,31.67
2022-05-17 07:51:39,0.47,100,230,7,1,0,1,0,0,5.00,5.67
2022-05-17 07:52:12,1.39,249,170,7,1,0,1,0,0,7.50,8.28
2022-05-17 07:56:33,1.90,142,151,7,1,0,1,0,0,8.00,7.88
2022-05-17 07:59:45,0.10,170,170,7,1,0,1,0,0,3.50,3.57
2022-05-17 08:00:35,11.20,132,36,8,1,1,1,0,0,36.00,42.78
2022-05-17 08:02:25,1.08,79,234,8,1,0,1,0,0,6.50,7.37
2022-05-17 08:06:32,0.56,236,236,8,1,0,1,0,0,5.00,4.67
2022-05-17 08:06:48,1.42,162,107,8,1,0,1,0,0,7.50,8.92
2022-05-17 08:09:51,1.85,113,230,8,1,0,1,0,0,9.50,11.78
2022-05-17 08:12:10,3.00,140,50,8,1,0,1,0,0,21.00,33.32
2022-05-17 08:14:25,3.39,231,230,8,1,0,1,0,0,14.00,17.77
2022-05-17 08:39:34,1.60,142,140,8,1,0,1,0,0,12.50,18.10
2022-05-17 08:40:04,0.94,237,236,8,1,0,1,0,0,5.50,5.13
2022-05-17 08:44:58,1.10,142,237,8,1,0,1,0,0,7.50,9.17
2022-05-17 08:46:49,1.00,229,163,8,1,0,1,0,0,8.00,10.62
2022-05-17 08:47:09,1.00,163,164,8,1,0,1,0,0,6.50,7.75
2022-05-17 08:48:15,1.20,230,162,8,1,0,1,0,0,7.00,7.93
2022-05-17 08:48:28,0.84,170,162,8,1,0,1,0,0,6.00,6.15
2022-05-17 08:49:39,2.75,158,170,8,1,0,1,0,0,12.00,15.47
2022-05-17 08:50:03,1.30,68,125,8,1,0,1,0,0,8.50,11.10
2022-05-17 08:51:59,1.10,170,68,8,1,0,1,0,0,11.00,16.43
2022-05-17 08:59:00,2.01,262,229,8,1,0,1,0,0,13.89,13.00
2022-05-17 09:00:32,3.60,68,13,9,1,0,1,0,0,18.50,24.93
2022-05-17 09:04:55,1.43,158,68,9,1,0,1,0,0,6.50,5.63
2022-05-17 09:05:52,2.50,170,140,9,1,0,1,0,0,13.50,18.90
2022-05-17 09:22:26,6.19,13,170,9,1,0,1,0,0,22.00,24.92
2022-05-17 09:23:35,1.00,237,263,9,1,0,1,0,0,6.50,7.52
2022-05-17 09:25:22,5.73,75,224,9,1,0,1,0,0,21.50,26.48
2022-05-17 09:25:29,5.50,24,233,9,1,0,1,0,0,22.50,31.55
2022-05-17 09:25:36,1.70,161,234,9,1,0,1,0,0,13.00,18.78
2022-05-17 09:35:21,1.20,239,142,9,1,0,1,0,0,7.00,7.63
2022-05-17 09:41:33,2.15,239,162,9,1,0,1,0,0,12.00,15.67
2022-05-17 09:45:31,4.93,170,7,9,1,0,1,0,0,21.50,27.68
2022-05-17 09:49:56,1.59,107,233,9,1,0,1,0,0,7.00,5.90
2022-05-17 09:49:59,2.22,236,161,9,1,0,1,0,0,12.50,17.62
2022-05-17 09:54:16,1.76,224,144,9,1,0,1,0,0,11.00,14.10
2022-05-17 09:56:46,2.94,48,236,9,1,0,1,0,0,16.00,22.72
2022-05-17 09:58:41,2.12,162,239,9,1,0,1,0,0,12.00,15.00
2022-05-17 09:58:56,3.47,125,255,9,1,0,1,0,0,14.50,17.78
2022-05-17 09:59:30,6.20,162,261,9,1,0,1,0,0,23.50,24.75
2022-05-17 09:59:34,18.57,132,246,9,1,1,1,0,0,52.00,83.98
2022-05-17 10:05:09,1.70,186,162,10,1,0,0,0,0,10.00,13.07
2022-05-17 10:08:25,0.92,186,234,10,1,0,0,0,0,5.50,5.08
2022-05-17 10:10:19,1.90,234,161,10,1,0,0,0,0,10.50,13.35
2022-05-17 10:10:44,2.34,262,163,10,1,0,0,0,0,13.00,18.43
2022-05-17 10:12:43,12.40,170,138,10,1,1,0,0,0,38.50,38.23
2022-05-17 10:13:37,1.33,43,141,10,1,0,0,0,0,10.00,14.72
2022-05-17 10:15:11,4.26,87,246,10,1,0,0,0,0,16.50,17.68
2022-05-17 10:15:59,0.10,141,141,10,1,0,0,0,0,4.50,4.68
2022-05-17 10:16:22,2.86,233,43,10,1,0,0,0,0,15.50,22.43
2022-05-17 10:16:36,1.10,142,237,10,1,0,0,0,0,8.00,10.20
2022-05-17 10:19:08,3.32,237,42,10,1,0,0,0,0,14.50,18.05
2022-05-17 10:20:05,11.73,138,132,10,1,1,0,0,0,32.00,18.00
2022-05-17 10:21:11,2.00,142,236,10,1,0,0,0,0,11.00,13.98
2022-05-17 10:30:17,1.64,151,75,10,1,0,0,0,0,8.50,10.17
2022-05-17 10:36:26,7.80,68,195,10,1,0,0,0,0,27.50,32.40
2022-05-17 10:37:28,2.31,237,43,10,1,0,0,0,0,12.50,15.33
2022-05-17 10:46:18,2.14,186,50,10,1,0,0,0,0,12.50,17.48
2022-05-17 10:47:28,5.88,137,231,10,1,0,0,0,0,18.50,14.18
2022-05-17 10:48:52,2.06,140,143,10,1,0,0,0,0,12.50,17.55
2022-05-17 10:52:31,1.02,186,234,10,1,0,0,0,0,7.50,9.53
2022-05-17 10:53:37,1.51,249,233,10,1,0,0,0,0,9.00,11.17
2022-05-17 10:55:04,2.10,162,263,10,1,0,0,0,0,9.50,10.92
2022-05-17 10:57:06,1.71,236,237,10,1,0,0,0,0,12.00,17.65
2022-05-17 10:58:50,3.70,170,239,10,1,0,0,0,0,20.50,30.12
2022-05-17 11:00:18,4.30,68,236,11,1,0,0,0,0,22.50,33.85
2022-05-17 11:08:33,1.28,137,48,11,1,0,0,0,0,12.00,18.80
2022-05-17 11:09:13,2.07,143,162,11,1,0,0,0,0,15.50,24.90
2022-05-17 11:10:14,8.91,138,137,11,1,1,0,0,0,33.50,41.77
2022-05-17 11:12:50,2.35,263,162,11,1,0,0,0,0,16.50,25.75
2022-05-17 11:13:53,2.60,231,186,11,1,0,0,0,0,14.50,19.22
2022-05-17 11:15:11,2.43,151,236,11,1,0,0,0,0,13.50,18.10
2022-05-17 11:15:46,1.23,234,170,11,1,0,0,0,0,8.50,10.97
2022-05-17 11:21:43,4.55,24,230,11,1,0,0,0,0,24.50,33.70
2022-05-17 11:21:49,1.16,229,237,11,1,0,0,0,0,9.00,11.88
2022-05-17 11:26:07,0.36,161,162,11,1,0,0,0,0,3.50,2.03
2022-05-17 11:28:29,0.77,113,113,11,1,0,0,0,0,5.50,5.48
2022-05-17 11:29:14,1.00,170,234,11,1,0,0,0,0,6.00,6.05
2022-05-17 11:33:06,2.31,262,161,11,1,0,0,0,0,14.50,19.77
2022-05-17 11:34:37,2.14,246,161,11,1,0,0,0,0,20.00,33.37
2022-05-17 11:39:21,3.50,107,236,11,1,0,0,0,0,19.00,29.20
2022-05-17 11:40:59,1.76,68,48,11,1,0,0,0,0,14.00,20.97
2022-05-17 11:46:19,1.25,90,113,11,1,0,0,0,0,8.50,11.67
2022-05-17 11:47:45,1.10,170,90,11,1,0,0,0,0,7.50,8.95
2022-05-17 11:48:19,3.00,143,236,11,1,0,0,0,0,21.00,33.77
2022-05-17 11:49:51,11.20,142,200,11,1,0,0,0,0,33.00,22.80
2022-05-17 11:53:47,2.38,236,170,11,1,0,0,0,0,15.00,22.73
2022-05-17 11:55:50,1.06,161,43,11,1,0,0,0,0,12.00,18.72
2022-05-17 11:56:48,1.40,233,140,11,1,0,0,0,0,8.00,11.32
2022-05-17 12:04:14,0.81,170,161,12,1,0,0,0,0,7.00,9.53
2022-05-17 12:04:47,5.20,143,231,12,1,0,0,0,0,24.00,33.60
2022-05-17 12:04:55,1.10,88,231,12,1,0,0,0,0,7.00,8.23
2022-05-17 12:06:17,2.07,161,249,12,1,0,0,0,0,15.50,24.20
2022-05-17 12:07:53,0.80,141,236,12,1,0,0,0,0,6.50,7.50
2022-05-17 12:09:22,10.10,129,113,12,1,0,0,0,0,33.50,38.42
2022-05-17 12:11:51,2.66,229,143,12,1,0,0,0,0,25.00,43.67
2022-05-17 12:20:14,1.40,170,113,12,1,0,0,0,0,7.50,8.95
2022-05-17 12:26:21,0.59,114,158,12,1,0,0,0,0,6.00,6.83
2022-05-17 12:27:44,0.55,68,246,12,1,0,0,0,0,3.50,1.62
2022-05-17 12:29:14,0.60,164,137,12,1,0,0,0,0,6.00,6.75
2022-05-17 12:30:52,0.80,161,164,12,1,0,0,0,0,8.00,11.02
2022-05-17 12:31:59,1.16,231,211,12,1,0,0,0,0,8.50,10.55
2022-05-17 12:33:22,1.90,164,163,12,1,0,0,0,0,15.50,25.50
2022-05-17 12:36:28,11.22,142,129,12,1,0,0,0,0,43.50,56.02
2022-05-17 12:39:00,2.03,237,75,12,1,0,0,0,0,12.00,16.68
2022-05-17 12:39:54,2.75,114,161,12,1,0,0,0,0,19.50,31.68
2022-05-17 12:50:01,1.06,161,234,12,1,0,0,0,0,8.50,11.32
2022-05-17 12:54:31,2.76,234,141,12,1,0,0,0,0,16.50,23.52
2022-05-17 12:59:37,0.30,237,140,12,1,0,0,0,0,4.00,5.53
2022-05-17 13:00:05,17.00,230,132,13,1,1,0,0,0,52.00,53.17
2022-05-17 13:01:12,3.20,209,148,13,1,0,0,0,0,14.00,15.43
2022-05-17 13:03:29,5.29,158,43,13,1,0,0,0,0,22.50,28.75
2022-05-17 13:04:11,0.53,237,237,13,1,0,0,0,0,4.00,3.67
2022-05-17 13:04:43,2.40,142,90,13,1,0,0,0,0,15.50,23.87
2022-05-17 13:05:50,2.00,236,162,13,1,0,0,0,0,15.00,24.58
2022-05-17 13:06:39,0.57,161,162,13,1,0,0,0,0,5.50,6.37
2022-05-17 13:07:26,0.95,170,162,13,1,0,0,0,0,7.00,9.03
2022-05-17 13:07:55,1.24,107,170,13,1,0,0,0,0,9.50,13.02
2022-05-17 13:08:17,1.77,239,163,13,1,0,0,0,0,10.00,13.50
2022-05-17 13:10:50,9.40,170,138,13,1,1,0,0,0,28.00,23.78
2022-05-17 13:11:00,18.45,230,132,13,1,1,0,0,0,61.45,55.00
2022-05-17 13:14:39,0.33,230,163,13,1,0,0,0,0,5.00,5.60
2022-05-17 13:17:02,1.01,140,236,13,1,0,0,0,0,10.00,15.05
2022-05-17 13:20:41,0.64,164,137,13,1,0,0,0,0,6.50,8.43
2022-05-17 13:21:25,1.70,246,142,13,1,0,0,0,0,12.50,19.52
2022-05-17 13:25:54,1.21,48,237,13,1,0,0,0,0,8.50,10.85
2022-05-17 13:26:32,1.42,239,166,13,1,0,0,0,0,8.75,8.93
2022-05-17 13:39:35,1.60,236,229,13,1,0,0,0,0,15.50,25.20
2022-05-17 13:39:36,1.67,162,142,13,1,0,0,0,0,10.50,13.80
2022-05-17 13:47:07,0.70,249,186,13,1,0,0,0,0,6.50,8.08
2022-05-17 13:47:10,1.32,141,236,13,1,0,0,0,0,9.00,13.00
2022-05-17 13:48:34,1.45,142,50,13,1,0,0,0,0,7.50,7.55
2022-05-17 13:51:08,1.30,237,161,13,1,0,0,0,0,14.50,24.02
2022-05-17 13:57:25,2.70,161,113,13,1,0,0,0,0,14.50,21.75
2022-05-17 13:58:33,1.85,230,246,13,1,0,0,0,0,12.50,17.88
2022-05-17 13:58:34,0.76,237,236,13,1,0,0,0,0,5.00,4.47
2022-05-17 13:58:42,1.60,100,233,13,1,0,0,0,0,11.00,16.27
2022-05-17 13:59:06,3.95,13,50,13,1,0,0,0,0,20.00,27.62
2022-05-17 14:03:15,2.64,48,75,14,1,0,0,0,0,15.50,23.42
2022-05-17 14:06:06,1.70,236,142,14,1,0,0,0,0,9.00,10.78
2022-05-17 14:06:45,6.25,152,68,14,1,0,0,0,0,21.50,21.08
2022-05-17 14:07:01,2.92,234,140,14,1,0,0,0,0,17.50,27.10
2022-05-17 14:09:05,4.42,170,151,14,1,0,0,0,0,23.50,36.12
2022-05-17 14:11:20,5.45,162,12,14,1,0,0,0,0,17.50,16.42
2022-05-17 14:11:38,1.49,107,100,14,1,0,0,0,0,11.00,16.08
2022-05-17 14:12:16,1.85,211,107,14,1,0,0,0,0,11.00,16.73
2022-05-17 14:13:30,1.60,107,233,14,1,0,0,0,0,9.50,11.92
2022-05-17 14:16:26,2.04,246,230,14,1,0,0,0,0,16.50,26.40
2022-05-17 14:18:13,5.54,90,189,14,1,0,0,0,0,27.50,41.87
2022-05-17 14:20:05,8.00,239,128,14,1,0,0,0,0,27.00,26.80
2022-05-17 14:22:00,11.39,132,61,14,1,1,0,0,0,43.50,53.10
2022-05-17 14:24:52,0.90,233,229,14,1,0,0,0,0,7.50,10.00
2022-05-17 14:25:47,9.01,70,100,14,1,0,0,0,0,36.00,43.28
2022-05-17 14:26:20,0.73,161,161,14,1,0,0,0,0,6.00,6.92
2022-05-17 14:27:54,0.24,237,237,14,1,0,0,0,0,5.00,5.27
2022-05-17 14:28:45,1.60,233,164,14,1,0,0,0,0,13.00,20.23
2022-05-17 14:29:20,3.50,166,75,14,1,0,0,0,0,21.50,34.62
2022-05-17 14:31:04,3.20,166,239,14,1,0,0,0,0,15.50,21.30
2022-05-17 14:31:12,1.04,163,100,14,1,0,0,0,0,11.50,18.08
2022-05-17 14:31:45,5.54,236,148,14,1,0,0,0,0,30.00,44.97
2022-05-17 14:36:00,1.70,74,43,14,1,0,0,0,0,10.01,16.00
2022-05-17 14:36:35,7.40,70,236,14,1,0,0,0,0,26.50,28.23
2022-05-17 14:36:42,1.82,143,162,14,1,0,0,0,0,9.50,11.90
2022-05-17 14:37:09,2.50,229,236,14,1,0,0,0,0,13.00,18.65
2022-05-17 14:39:18,1.67,237,164,14,1,0,0,0,0,11.50,16.40
2022-05-17 14:40:36,3.50,239,234,14,1,0,0,0,0,18.50,28.08
2022-05-17 14:43:42,1.70,48,186,14,1,0,0,0,0,12.00,18.22
2022-05-17 14:44:19,0.62,236,75,14,1,0,0,0,0,6.00,6.67
2022-05-17 14:45:12,0.98,48,161,14,1,0,0,0,0,8.00,10.37
2022-05-17 14:45:39,1.38,234,170,14,1,0,0,0,0,10.00,14.25
2022-05-17 14:47:01,3.27,209,90,14,1,0,0,0,0,17.50,26.43
2022-05-17 14:47:43,0.88,143,238,14,1,0,0,0,0,6.00,6.15
2022-05-17 14:51:04,2.83,43,151,14,1,0,0,0,0,15.00,21.63
2022-05-17 14:51:09,0.52,100,230,14,1,0,0,0,0,4.00,2.63
2022-05-17 14:57:01,1.06,236,141,14,1,0,0,0,0,9.00,12.62
2022-05-17 14:58:28,0.40,238,238,14,1,0,0,0,0,4.00,3.00
2022-05-17 14:59:40,4.06,13,100,14,1,0,0,0,0,17.00,20.75
2022-05-17 15:01:20,0.66,100,170,15,1,0,0,0,0,7.00,9.07
2022-05-17 15:02:23,1.04,236,239,15,1,0,0,0,0,6.50,6.55
2022-05-17 15:07:46,1.40,237,263,15,1,0,0,0,0,9.00,11.27
2022-05-17 15:09:55,1.29,234,233,15,1,0,0,0,0,12.00,18.12
2022-05-17 15:10:17,1.10,236,237,15,1,0,0,0,0,8.00,10.25
2022-05-17 15:12:29,1.05,163,142,15,1,0,0,0,0,9.00,11.83
2022-05-17 15:12:32,1.46,114,234,15,1,0,0,0,0,8.50,10.60
2022-05-17 15:14:56,8.52,200,166,15,1,0,0,0,0,27.38,24.73
2022-05-17 15:15:36,0.76,263,43,15,1,0,0,0,0,8.00,11.27
2022-05-17 15:23:52,17.50,132,90,15,1,1,0,0,0,52.00,65.20
2022-05-17 15:23:52,2.65,142,236,15,1,0,0,0,0,16.00,24.30
2022-05-17 15:24:12,0.77,142,230,15,1,0,0,0,0,6.00,6.35
2022-05-17 15:29:06,0.68,137,233,15,1,0,0,0,0,4.50,3.67
2022-05-17 15:32:42,18.99,138,25,15,1,1,0,0,0,36.50,44.12
2022-05-17 15:37:07,18.19,138,225,15,1,1,0,0,0,36.00,43.70
2022-05-17 15:39:00,2.11,90,148,15,1,0,0,0,0,14.50,22.95
2022-05-17 15:41:00,17.55,132,164,15,1,1,0,0,0,52.00,66.23
2022-05-17 15:44:27,1.74,143,237,15,1,0,0,0,0,9.50,11.82
2022-05-17 15:45:17,2.87,152,159,15,1,0,0,0,0,22.00,36.40
2022-05-17 15:45:19,2.71,236,233,15,1,0,0,0,0,18.00,29.03
2022-05-17 15:50:53,2.43,107,246,15,1,0,0,0,0,18.00,29.50
2022-05-17 15:54:11,1.80,239,151,15,1,0,0,0,0,10.00,13.15
2022-05-17 15:56:20,3.30,261,68,15,1,0,0,0,0,13.50,16.50
2022-05-17 15:59:22,1.31,230,48,15,1,0,0,0,0,8.50,10.12
2022-05-17 16:00:33,1.21,239,236,16,1,0,0,1,0,7.50,8.23
2022-05-17 16:01:52,1.97,88,148,16,1,0,0,1,0,11.00,14.45
2022-05-17 16:02:18,1.08,162,230,16,1,0,0,1,0,9.00,12.93
2022-05-17 16:05:39,0.98,140,263,16,1,0,0,1,0,6.00,6.18
2022-05-17 16:07:58,7.18,144,7,16,1,0,0,1,0,28.75,56.95
2022-05-17 16:08:03,2.60,90,148,16,1,0,0,1,0,19.50,32.32
2022-05-17 16:09:13,1.49,166,74,16,1,0,0,1,0,11.50,17.63
2022-05-17 16:11:17,3.70,79,237,16,1,0,0,1,0,17.50,24.38
2022-05-17 16:11:37,7.50,132,95,16,1,1,0,1,0,26.00,30.87
2022-05-17 16:13:18,0.50,107,170,16,1,0,0,1,0,6.50,8.02
2022-05-17 16:13:37,0.41,137,107,16,1,0,0,1,0,5.50,6.60
2022-05-17 16:13:47,17.20,132,137,16,1,1,0,1,0,52.00,58.80
2022-05-17 16:14:48,3.25,238,244,16,1,0,0,1,0,16.00,22.22
2022-05-17 16:22:47,4.40,113,236,16,1,0,0,1,0,23.50,36.00
2022-05-17 16:23:09,1.95,237,164,16,1,0,0,1,0,15.50,24.30
2022-05-17 16:26:25,0.82,236,262,16,1,0,0,1,0,7.50,9.95
2022-05-17 16:28:37,2.10,238,263,16,1,0,0,1,0,12.00,15.55
2022-05-17 16:32:42,4.12,233,238,16,1,0,0,1,0,20.00,30.28
2022-05-17 16:32:55,4.68,142,158,16,1,0,0,1,0,24.00,35.25
2022-05-17 16:35:55,1.49,233,140,16,1,0,0,1,0,9.50,11.95
2022-05-17 16:36:15,3.14,48,236,16,1,0,0,1,0,15.50,20.47
2022-05-17 16:37:42,1.33,142,48,16,1,0,0,1,0,8.50,10.48
2022-05-17 16:38:00,0.69,90,186,16,1,0,0,1,0,6.50,7.37
2022-05-17 16:38:55,0.80,237,140,16,1,0,0,1,0,7.00,8.30
2022-05-17 16:42:42,2.80,161,211,16,1,0,0,1,0,16.00,24.85
2022-05-17 16:43:50,3.87,107,143,16,1,0,0,1,0,22.00,35.65
2022-05-17 16:48:19,1.89,211,186,16,1,0,0,1,0,13.50,20.22
2022-05-17 16:48:26,4.49,107,255,16,1,0,0,1,0,24.50,35.92
2022-05-17 16:48:50,18.80,132,211,16,1,1,0,1,0,52.00,60.83
2022-05-17 16:50:18,0.80,263,236,16,1,0,0,1,0,5.00,3.80
2022-05-17 16:56:37,1.14,233,137,16,1,0,0,1,0,7.50,9.65
2022-05-17 16:59:24,0.50,114,113,16,1,0,0,1,0,4.00,2.65
2022-05-17 17:00:47,2.90,170,211,17,1,0,0,1,0,16.50,25.15
2022-05-17 17:03:47,1.99,237,238,17,1,0,0,1,0,13.00,19.58
2022-05-17 17:05:12,1.76,151,142,17,1,0,0,1,0,11.00,14.58
2022-05-17 17:05:41,1.00,90,230,17,1,0,0,1,0,12.00,19.13
2022-05-17 17:05:59,1.66,236,143,17,1,0,0,1,0,10.00,13.10
2022-05-17 17:06:41,0.78,237,236,17,1,0,0,1,0,6.00,6.85
2022-05-17 17:07:06,7.20,138,255,17,1,1,0,1,0,24.50,24.58
2022-05-17 17:08:33,1.57,141,236,17,1,0,0,1,0,9.00,12.20
2022-05-17 17:08:36,0.60,230,186,17,1,0,0,1,0,6.50,8.02
2022-05-17 17:10:09,1.43,142,237,17,1,0,0,1,0,11.50,16.75
2022-05-17 17:12:08,3.30,246,88,17,1,0,0,1,0,15.00,19.78
2022-05-17 17:17:22,0.90,186,234,17,1,0,0,1,0,6.00,6.12
2022-05-17 17:17:57,0.60,231,125,17,1,0,0,1,0,7.00,8.95
2022-05-17 17:19:11,2.66,144,34,17,1,0,0,1,0,17.00,24.55
2022-05-17 17:22:13,0.65,151,238,17,1,0,0,1,0,4.50,4.03
2022-05-17 17:22:37,2.91,162,239,17,1,0,0,1,0,25.00,42.97
2022-05-17 17:23:18,0.88,125,249,17,1,0,0,1,0,5.50,5.05
2022-05-17 17:28:38,1.90,238,237,17,1,0,0,1,0,14.00,21.23
2022-05-17 17:29:55,0.90,68,48,17,1,0,0,1,0,6.00,6.32
2022-05-17 17:32:24,2.17,186,162,17,1,0,0,1,0,18.00,30.53
2022-05-17 17:33:57,1.61,231,113,17,1,0,0,1,0,8.00,8.85
2022-05-17 17:34:34,1.50,158,186,17,1,0,0,1,0,8.00,8.70
2022-05-17 17:37:48,5.20,87,161,17,1,0,0,1,0,21.00,25.32
2022-05-17 17:40:08,4.09,79,140,17,1,0,0,1,0,22.00,32.52
2022-05-17 17:40:18,2.12,186,79,17,1,0,0,1,0,12.00,16.58
2022-05-17 17:40:32,21.83,132,239,17,1,1,0,1,0,52.00,66.82
2022-05-17 17:42:11,3.63,161,158,17,1,0,0,1,0,26.00,45.03
2022-05-17 17:43:33,1.29,229,141,17,1,0,0,1,0,7.50,8.47
2022-05-17 17:45:51,1.23,113,211,17,1,0,0,1,0,7.00,8.83
2022-05-17 17:46:06,1.03,234,68,17,1,0,0,1,0,11.00,16.83
2022-05-17 17:46:31,0.97,237,236,17,1,0,0,1,0,6.00,5.43
2022-05-17 17:47:36,1.44,164,113,17,1,0,0,1,0,10.50,14.67
2022-05-17 17:48:46,0.96,163,230,17,1,0,0,1,0,19.50,34.63
2022-05-17 17:49:30,1.10,161,186,17,1,0,0,1,0,11.50,18.02
2022-05-17 17:49:46,1.53,163,239,17,1,0,0,1,0,9.50,11.73
2022-05-17 17:51:47,0.52,237,237,17,1,0,0,1,0,4.50,3.28
2022-05-17 17:55:31,2.31,142,43,17,1,0,0,1,0,10.00,11.08
2022-05-17 17:55:42,1.06,186,230,17,1,0,0,1,0,13.00,20.18
2022-05-17 17:56:45,6.53,237,88,17,1,0,0,1,0,32.00,42.43
2022-05-17 17:58:53,1.51,239,48,17,1,0,0,1,0,8.50,9.93
2022-05-17 17:59:00,7.62,42,164,17,1,0,0,1,0,30.22,58.00
2022-05-17 18:00:30,18.20,132,163,18,1,1,0,1,0,52.00,84.70
2022-05-17 18:02:42,5.77,140,211,18,1,0,0,1,0,22.50,28.50
2022-05-17 18:04:01,2.70,236,143,18,1,0,0,1,0,13.00,17.75
2022-05-17 18:07:24,1.57,75,74,18,1,0,0,1,0,7.00,6.32
2022-05-17 18:08:05,1.20,87,144,18,1,0,0,1,0,8.50,11.72
2022-05-17 18:08:59,1.06,237,263,18,1,0,0,1,0,6.00,5.50
2022-05-17 18:09:18,1.78,249,137,18,1,0,0,1,0,9.50,11.73
2022-05-17 18:10:21,2.66,230,114,18,1,0,0,1,0,21.00,33.75
2022-05-17 18:10:48,2.50,246,162,18,1,0,0,1,0,18.00,28.22
2022-05-17 18:11:10,2.80,238,230,18,1,0,0,1,0,22.00,36.52
2022-05-17 18:11:53,2.83,141,238,18,1,0,0,1,0,13.00,17.33
2022-05-17 18:12:00,1.75,246,230,18,1,0,0,1,0,13.50,21.37
2022-05-17 18:13:32,1.73,107,230,18,1,0,0,1,0,14.50,23.20
2022-05-17 18:14:55,0.92,236,262,18,1,0,0,1,0,7.50,9.10
2022-05-17 18:20:07,1.45,236,237,18,1,0,0,1,0,11.50,17.38
2022-05-17 18:27:40,1.09,164,107,18,1,0,0,1,0,7.50,9.37
2022-05-17 18:28:28,1.00,142,143,18,1,0,0,1,0,7.50,9.33
2022-05-17 18:29:55,1.70,41,74,18,1,0,0,1,0,9.00,11.45
2022-05-17 18:30:11,1.00,234,68,18,1,0,0,1,0,9.00,12.35
2022-05-17 18:30:22,4.27,161,232,18,1,0,0,1,0,22.50,31.78
2022-05-17 18:31:04,2.40,90,50,18,1,0,0,1,0,14.50,20.92
2022-05-17 18:35:48,2.63,13,113,18,1,0,0,1,0,12.00,14.28
2022-05-17 18:39:00,2.36,87,158,18,1,0,0,1,0,11.86,13.00
2022-05-17 18:39:10,1.90,143,236,18,1,0,0,1,0,8.50,8.53
2022-05-17 18:41:33,3.09,143,249,18,1,0,0,1,0,15.50,21.87
2022-05-17 18:44:43,2.52,113,87,18,1,0,0,1,0,16.50,25.82
2022-05-17 18:47:09,6.35,144,238,18,1,0,0,1,0,28.50,38.08
2022-05-17 18:48:09,9.29,170,95,18,1,0,0,1,0,29.50,30.00
2022-05-17 18:48:34,3.94,87,68,18,1,0,0,1,0,16.00,18.60
2022-05-17 18:50:07,1.82,151,142,18,1,0,0,1,0,8.50,9.72
2022-05-17 18:50:08,19.14,132,255,18,1,1,0,1,0,54.50,43.52
2022-05-17 18:50:11,0.73,239,238,18,1,0,0,1,0,6.00,6.42
2022-05-17 18:50:13,2.38,229,113,18,1,0,0,1,0,12.50,16.83
2022-05-17 18:50:31,1.32,143,50,18,1,0,0,1,0,8.00,8.85
2022-05-17 18:55:05,2.10,164,144,18,1,0,0,1,0,9.50,11.02
2022-05-17 18:56:44,1.80,164,144,18,1,0,0,1,0,10.00,13.37
2022-05-17 18:58:56,1.80,125,107,18,1,0,0,1,0,8.00,10.63
2022-05-17 18:59:18,1.60,234,231,18,1,0,0,1,0,9.00,11.48
2022-05-17 19:01:18,1.23,43,151,19,1,0,0,1,0,6.50,5.58
2022-05-17 19:01:27,1.80,68,125,19,1,0,0,1,0,10.00,12.43
2022-05-17 19:05:03,0.32,239,239,19,1,0,0,1,0,3.50,1.62
2022-05-17 19:09:56,1.04,114,158,19,1,0,0,1,0,7.50,9.73
2022-05-17 19:11:33,0.70,249,249,19,1,0,0,1,0,4.50,3.05
2022-05-17 19:13:11,2.80,170,231,19,1,0,0,1,0,16.00,22.93
2022-05-17 19:13:46,1.42,237,236,19,1,0,0,1,0,7.50,7.53
2022-05-17 19:14:52,1.81,170,79,19,1,0,0,1,0,8.00,9.13
2022-05-17 19:15:08,2.72,231,186,19,1,0,0,1,0,12.50,14.98
2022-05-17 19:16:15,0.86,236,238,19,1,0,0,1,0,6.00,6.05
2022-05-17 19:16:49,3.52,163,41,19,1,0,0,1,0,16.00,20.43
2022-05-17 19:18:47,2.10,163,246,19,1,0,0,1,0,10.50,12.80
2022-05-17 19:20:06,0.39,141,141,19,1,0,0,1,0,3.50,1.57
2022-05-17 19:20:18,0.67,142,239,19,1,0,0,1,0,5.00,4.12
2022-05-17 19:22:10,0.72,261,231,19,1,0,0,1,0,5.50,5.38
2022-05-17 19:22:46,1.63,143,141,19,1,0,0,1,0,9.00,11.97
2022-05-17 19:24:33,2.11,142,141,19,1,0,0,1,0,12.50,16.68
2022-05-17 19:24:57,0.94,170,68,19,1,0,0,1,0,11.50,18.25
2022-05-17 19:26:04,0.94,163,161,19,1,0,0,1,0,6.00,5.48
2022-05-17 19:27:28,2.17,231,90,19,1,0,0,1,0,12.00,15.82
2022-05-17 19:27:55,1.84,237,229,19,1,0,0,1,0,10.00,12.65
2022-05-17 19:28:07,1.65,48,170,19,1,0,0,1,0,10.50,14.17
2022-05-17 19:32:18,1.77,161,43,19,1,0,0,1,0,9.50,12.22
2022-05-17 19:33:53,5.27,161,209,19,1,0,0,1,0,19.00,21.88
2022-05-17 19:35:14,10.30,138,40,19,1,1,0,1,0,30.50,30.55
2022-05-17 19:35:48,10.60,138,125,19,1,1,0,1,0,37.50,37.37
2022-05-17 19:37:16,2.79,234,45,19,1,0,0,1,0,14.00,19.32
2022-05-17 19:37:50,3.70,236,234,19,1,0,0,1,0,18.50,26.68
2022-05-17 19:41:07,1.30,107,4,19,1,0,0,1,0,9.00,12.00
2022-05-17 19:55:24,4.46,68,262,19,1,0,0,1,0,19.50,26.73
2022-05-17 19:58:19,2.41,107,229,19,1,0,0,1,0,9.50,9.70
2022-05-17 20:00:02,7.62,70,80,20,1,0,0,0,0,25.00,22.83
2022-05-17 20:00:35,1.30,231,114,20,1,0,0,0,0,12.50,19.75
2022-05-17 20:01:45,4.18,236,249,20,1,0,0,0,0,18.50,25.68
2022-05-17 20:03:22,0.30,48,100,20,1,0,0,0,0,4.00,4.32
2022-05-17 20:06:53,2.12,161,113,20,1,0,0,0,0,10.00,12.52
2022-05-17 20:07:04,3.48,237,144,20,1,0,0,0,0,17.50,25.58
2022-05-17 20:07:16,1.40,163,48,20,1,0,0,0,0,8.50,10.25
2022-05-17 20:07:25,1.08,43,140,20,1,0,0,0,0,7.00,7.52
2022-05-17 20:07:49,1.54,161,142,20,1,0,0,0,0,8.50,9.12
2022-05-17 20:09:42,1.57,263,229,20,1,0,0,0,0,8.00,9.68
2022-05-17 20:10:00,2.06,140,75,20,1,0,0,0,0,8.50,8.77
2022-05-17 20:11:23,1.31,234,170,20,1,0,0,0,0,7.50,8.43
2022-05-17 20:12:14,1.60,229,170,20,1,0,0,0,0,8.50,10.38
2022-05-17 20:14:40,1.80,162,236,20,1,0,0,0,0,8.00,8.48
2022-05-17 20:15:07,4.58,163,13,20,1,0,0,0,0,17.00,19.88
2022-05-17 20:15:14,1.89,162,263,20,1,0,0,0,0,8.00,8.40
2022-05-17 20:15:18,1.70,152,151,20,1,0,0,0,0,9.00,9.18
2022-05-17 20:16:00,16.28,132,255,20,1,1,0,0,0,45.00,33.88
2022-05-17 20:16:07,3.82,238,186,20,1,0,0,0,0,18.50,26.08
2022-05-17 20:17:35,1.10,48,246,20,1,0,0,0,0,5.50,3.92
2022-05-17 20:17:41,18.48,132,163,20,1,1,0,0,0,52.00,33.05
2022-05-17 20:19:16,2.52,90,45,20,1,0,0,0,0,15.00,22.18
2022-05-17 20:22:48,1.15,237,141,20,1,0,0,0,0,6.00,5.78
2022-05-17 20:24:17,0.77,162,229,20,1,0,0,0,0,6.00,6.92
2022-05-17 20:25:25,2.20,163,151,20,1,0,0,0,0,10.00,10.63
2022-05-17 20:27:50,1.00,161,162,20,1,0,0,0,0,6.00,6.40
2022-05-17 20:28:55,1.59,237,236,20,1,0,0,0,0,8.00,8.63
2022-05-17 20:29:29,0.93,48,50,20,1,0,0,0,0,5.50,5.05
2022-05-17 20:31:58,0.90,48,142,20,1,0,0,0,0,5.00,4.00
2022-05-17 20:34:24,2.21,234,142,20,1,0,0,0,0,13.00,18.02
2022-05-17 20:35:41,4.10,262,68,20,1,0,0,0,0,16.00,20.40
2022-05-17 20:40:34,0.40,151,151,20,1,0,0,0,0,4.00,2.42
2022-05-17 20:46:31,1.54,237,142,20,1,0,0,0,0,8.50,9.10
2022-05-17 20:46:40,2.75,163,113,20,1,0,0,0,0,11.00,11.98
2022-05-17 20:46:47,1.09,107,170,20,1,0,0,0,0,8.00,10.33
2022-05-17 20:51:06,0.72,236,263,20,1,0,0,0,0,5.00,4.58
2022-05-17 20:52:40,2.82,161,231,20,1,0,0,0,0,13.00,16.95
2022-05-17 20:57:15,0.51,107,164,20,1,0,0,0,0,5.50,5.47
2022-05-17 20:57:36,1.21,170,246,20,1,0,0,0,0,9.50,13.33
2022-05-17 21:06:19,0.70,163,230,21,1,0,0,0,0,6.00,5.87
2022-05-17 21:06:20,3.34,50,113,21,1,0,0,0,0,13.50,16.33
2022-05-17 21:08:42,1.98,234,48,21,1,0,0,0,0,9.50,11.40
2022-05-17 21:12:45,2.40,239,186,21,1,0,0,0,0,11.50,14.68
2022-05-17 21:13:01,1.13,162,107,21,1,0,0,0,0,6.00,5.82
2022-05-17 21:13:01,3.13,162,239,21,1,0,0,0,0,12.00,12.75
2022-05-17 21:13:06,1.85,162,43,21,1,0,0,0,0,9.00,9.10
2022-05-17 21:16:18,3.18,140,186,21,1,0,0,0,0,12.00,12.70
2022-05-17 21:17:13,3.60,263,186,21,1,0,0,0,0,16.50,25.08
2022-05-17 21:23:57,4.60,236,113,21,1,0,0,0,0,19.50,26.55
2022-05-17 21:24:11,1.20,239,163,21,1,0,0,0,0,7.00,6.68
2022-05-17 21:25:01,2.56,87,231,21,1,0,0,0,0,11.50,12.82
2022-05-17 21:28:14,7.81,231,72,21,1,0,0,0,0,36.08,43.67
2022-05-17 21:32:21,3.49,13,90,21,1,0,0,0,0,13.50,13.42
2022-05-17 21:34:44,3.94,162,262,21,1,0,0,0,0,14.51,17.08
2022-05-17 21:34:50,4.10,231,162,21,1,0,0,0,0,17.50,23.38
2022-05-17 21:35:30,1.38,114,186,21,1,0,0,0,0,7.00,7.12
2022-05-17 21:37:10,0.99,140,263,21,1,0,0,0,0,5.50,4.10
2022-05-17 21:38:35,1.41,107,162,21,1,0,0,0,0,7.50,8.30
2022-05-17 21:40:15,10.09,138,163,21,1,1,0,0,0,32.00,27.58
2022-05-17 21:40:33,1.70,163,43,21,1,0,0,0,0,8.00,8.27
2022-05-17 21:40:51,6.74,170,25,21,1,0,0,0,0,21.50,19.20
2022-05-17 21:40:53,1.19,186,107,21,1,0,0,0,0,8.50,12.13
2022-05-17 21:41:00,1.81,142,161,21,1,0,0,0,0,8.50,9.77
2022-05-17 21:43:55,2.83,161,226,21,1,0,0,0,0,11.00,11.10
2022-05-17 21:44:45,1.20,141,236,21,1,0,0,0,0,5.50,3.18
2022-05-17 21:45:14,11.80,138,40,21,1,1,0,0,0,34.00,25.00
2022-05-17 21:49:40,2.99,231,68,21,1,0,0,0,0,11.00,10.33
2022-05-17 21:50:25,6.79,141,87,21,1,0,0,0,0,23.00,20.38
2022-05-17 21:51:08,8.58,231,41,21,1,0,0,0,0,31.00,40.40
2022-05-17 21:52:20,2.90,113,230,21,1,0,0,0,0,12.00,13.72
2022-05-17 21:54:29,1.70,142,238,21,1,0,0,0,0,8.00,7.03
2022-05-17 21:55:38,6.22,144,74,21,1,0,0,0,0,20.00,21.27
2022-05-17 21:56:36,2.30,229,263,21,1,0,0,0,0,8.50,7.25
2022-05-17 21:58:59,3.07,148,68,21,1,0,0,0,0,12.50,14.55
2022-05-17 21:59:17,1.36,161,164,21,1,0,0,0,0,7.00,7.90
2022-05-17 21:59:35,0.90,233,170,21,1,0,0,0,0,5.50,4.55
2022-05-17 22:02:52,10.91,138,181,22,1,1,0,0,0,32.50,22.13
2022-05-17 22:03:00,0.39,141,141,22,1,0,0,0,0,3.50,1.42
2022-05-17 22:03:00,6.62,80,68,22,1,0,0,0,0,25.27,26.00
2022-05-17 22:04:31,1.37,263,229,22,1,0,0,0,0,7.00,7.05
2022-05-17 22:04:36,5.93,162,87,22,1,0,0,0,0,18.50,14.37
2022-05-17 22:04:37,3.30,237,249,22,1,0,0,0,0,14.00,18.22
2022-05-17 22:04:40,5.21,162,87,22,1,0,0,0,0,17.50,14.23
2022-05-17 22:05:01,2.26,231,234,22,1,0,0,0,0,10.00,11.32
2022-05-17 22:07:06,2.65,141,238,22,1,0,0,0,0,11.00,11.33
2022-05-17 22:07:42,6.27,87,140,22,1,0,0,0,0,20.00,17.90
2022-05-17 22:08:19,2.62,186,140,22,1,0,0,0,0,12.50,15.65
2022-05-17 22:08:25,0.82,75,238,22,1,0,0,0,0,5.00,3.43
2022-05-17 22:19:44,5.84,48,42,22,1,0,0,0,0,20.00,19.28
2022-05-17 22:25:26,1.79,170,114,22,1,0,0,0,0,9.00,11.20
2022-05-17 22:27:18,3.66,249,142,22,1,0,0,0,0,14.50,18.25
2022-05-17 22:30:14,1.22,141,229,22,1,0,0,0,0,6.00,5.30
2022-05-17 22:31:01,4.42,230,179,22,1,0,0,0,0,18.00,23.18
2022-05-17 22:33:48,2.06,68,233,22,1,0,0,0,0,10.50,13.63
2022-05-17 22:38:15,5.31,142,231,22,1,0,0,0,0,19.50,21.33
2022-05-17 22:39:43,6.56,164,198,22,1,0,0,0,0,20.50,18.85
2022-05-17 22:44:55,7.00,163,209,22,1,0,0,0,0,26.50,34.82
2022-05-17 22:45:07,0.60,170,230,22,1,0,0,0,0,6.00,6.97
2022-05-17 22:47:11,13.07,132,189,22,1,1,0,0,0,39.00,34.22
2022-05-17 22:48:47,1.60,79,209,22,1,0,0,0,0,9.00,11.78
2022-05-17 22:49:17,2.39,48,236,22,1,0,0,0,0,11.50,13.40
2022-05-17 22:50:18,1.70,234,48,22,1,0,0,0,0,10.50,14.48
2022-05-17 22:54:16,10.64,79,95,22,1,0,0,0,0,31.00,21.40
2022-05-17 23:03:41,4.52,141,211,23,1,0,0,0,0,17.00,18.68
2022-05-17 23:04:54,0.50,163,229,23,1,0,0,0,0,4.50,4.33
2022-05-17 23:07:40,2.16,148,90,23,1,0,0,0,0,10.00,11.20
2022-05-17 23:11:29,2.77,246,13,23,1,0,0,0,0,11.00,11.15
2022-05-17 23:14:05,2.50,170,262,23,1,0,0,0,0,9.50,8.68
2022-05-17 23:15:40,4.50,249,145,23,1,0,0,0,0,18.00,23.27
2022-05-17 23:17:37,6.09,90,142,23,1,0,0,0,0,25.50,36.02
2022-05-17 23:19:23,20.50,132,239,23,1,1,0,0,0,52.00,34.63
2022-05-17 23:21:25,12.30,138,18,23,1,1,0,0,0,36.00,25.73
2022-05-17 23:22:01,4.00,249,263,23,1,0,0,0,0,14.00,18.52
2022-05-17 23:27:05,2.27,239,229,23,1,0,0,0,0,9.50,10.02
2022-05-17 23:28:00,5.41,43,211,23,1,0,0,0,0,18.00,18.43
2022-05-17 23:28:24,3.20,209,107,23,1,0,0,0,0,13.50,16.73
2022-05-17 23:45:33,10.90,141,197,23,1,0,0,0,0,32.00,34.28
2022-05-17 23:54:17,3.84,114,97,23,1,0,0,0,0,15.50,17.73
2022-05-17 23:55:00,3.00,164,141,23,1,0,0,0,0,11.00,11.63
2022-05-17 23:55:11,7.21,142,244,23,1,0,0,0,0,22.00,16.37
2022-05-17 23:57:19,6.73,132,122,23,1,1,0,0,0,20.50,17.87
2022-05-17 23:58:28,2.63,137,50,23,1,0,0,0,0,11.00,11.57
2022-05-18 00:02:10,2.53,224,231,0,2,0,0,0,0,12.50,16.42
2022-05-18 00:14:55,1.40,230,142,0,2,0,0,0,0,8.00,9.43
2022-05-18 00:15:29,5.90,79,62,0,2,0,0,0,0,20.50,24.05
2022-05-18 00:43:52,0.30,48,163,0,2,0,0,0,0,3.50,2.40
2022-05-18 00:49:36,3.17,230,145,0,2,0,0,0,0,14.50,18.92
2022-05-18 00:52:44,1.40,48,239,0,2,0,0,0,0,6.50,6.45
2022-05-18 00:54:51,1.70,230,239,0,2,0,0,0,0,8.00,6.70
2022-05-18 01:25:36,8.29,138,262,1,2,1,0,0,0,24.00,13.50
2022-05-18 01:36:13,2.32,79,233,1,2,0,0,0,0,8.00,6.15
2022-05-18 01:36:19,12.58,232,243,1,2,0,0,0,0,36.00,24.27
2022-05-18 01:57:11,2.15,107,48,1,2,0,0,0,0,10.00,11.03
2022-05-18 02:07:35,10.18,163,37,2,2,0,0,0,0,31.50,29.72
2022-05-18 02:08:29,1.85,233,79,2,2,0,0,0,0,7.00,4.73
2022-05-18 02:14:23,0.90,237,145,2,2,0,0,0,0,5.50,15.15
2022-05-18 02:21:38,1.90,246,163,2,2,0,0,0,0,8.00,6.55
2022-05-18 02:23:09,2.72,163,163,2,2,0,0,0,0,14.00,18.75
2022-05-18 02:31:29,1.18,158,234,2,2,0,0,0,0,6.00,4.82
2022-05-18 02:50:54,2.48,262,161,2,2,0,0,0,0,10.00,10.78
2022-05-18 04:10:20,4.17,148,189,4,2,0,0,0,0,15.50,15.13
2022-05-18 04:11:22,1.60,162,48,4,2,0,0,0,0,7.50,7.10
2022-05-18 05:03:00,13.50,145,132,5,2,1,0,0,0,52.00,17.07
2022-05-18 05:10:22,19.50,132,236,5,2,1,0,0,0,52.00,25.65
2022-05-18 05:18:22,0.97,107,170,5,2,0,0,0,0,6.00,5.85
2022-05-18 05:39:23,2.34,42,43,5,2,0,0,0,0,8.50,6.40
2022-05-18 05:47:42,2.00,170,237,5,2,0,0,0,0,7.50,4.90
2022-05-18 05:53:00,1.90,186,161,5,2,0,0,0,0,9.50,10.55
2022-05-18 06:13:17,2.60,100,140,6,2,0,0,0,0,11.50,12.82
2022-05-18 06:41:50,3.62,151,68,6,2,0,0,0,0,12.00,10.43
2022-05-18 06:49:29,1.50,234,144,6,2,0,0,0,0,8.00,8.67
2022-05-18 06:54:31,0.73,48,170,6,2,0,0,0,0,7.50,9.67
2022-05-18 06:55:56,18.69,132,158,6,2,1,0,0,0,52.00,63.68
2022-05-18 06:58:23,1.30,237,75,6,2,0,0,0,0,6.00,4.72
2022-05-18 07:00:16,1.99,142,236,7,2,0,1,0,0,9.00,10.18
2022-05-18 07:00:39,1.76,236,161,7,2,0,1,0,0,8.50,8.70
2022-05-18 07:05:07,1.80,239,230,7,2,0,1,0,0,9.00,9.32
2022-05-18 07:13:10,1.18,48,237,7,2,0,1,0,0,7.00,6.75
2022-05-18 07:14:40,11.40,132,188,7,2,1,1,0,0,40.50,48.08
2022-05-18 07:15:20,3.60,224,263,7,2,0,1,0,0,12.50,13.10
2022-05-18 07:19:46,2.08,262,162,7,2,0,1,0,0,10.00,12.08
2022-05-18 07:21:00,2.69,262,161,7,2,0,1,0,0,11.00,12.07
2022-05-18 07:25:07,19.70,132,163,7,2,1,1,0,0,52.00,91.70
2022-05-18 07:32:33,3.40,236,107,7,2,0,1,0,0,13.50,14.62
2022-05-18 07:33:15,4.36,140,68,7,2,0,1,0,0,18.00,20.20
2022-05-18 07:36:47,1.72,142,162,7,2,0,1,0,0,8.50,9.42
2022-05-18 07:40:00,2.40,158,170,7,2,0,1,0,0,12.00,15.20
2022-05-18 07:47:41,2.40,13,68,7,2,0,1,0,0,10.50,12.00
2022-05-18 07:51:03,1.10,236,141,7,2,0,1,0,0,7.00,7.45
2022-05-18 07:51:41,0.98,237,162,7,2,0,1,0,0,5.00,2.98
2022-05-18 07:51:53,19.32,132,24,7,2,1,1,0,0,52.00,69.27
2022-05-18 07:52:24,1.80,249,234,7,2,0,1,0,0,7.50,6.83
2022-05-18 07:53:21,3.01,141,137,7,2,0,1,0,0,12.00,12.83
2022-05-18 07:53:28,1.60,162,137,7,2,0,1,0,0,10.50,14.83
2022-05-18 07:54:58,1.40,161,90,7,2,0,1,0,0,8.00,9.23
2022-05-18 07:56:46,2.33,239,166,7,2,0,1,0,0,11.00,14.43
2022-05-18 07:59:09,2.87,161,144,7,2,0,1,0,0,11.50,13.30
2022-05-18 08:00:37,8.20,229,244,8,2,0,1,0,0,29.50,31.10
2022-05-18 08:06:25,1.56,90,161,8,2,0,1,0,0,8.00,9.47
2022-05-18 08:08:08,2.46,263,239,8,2,0,1,0,0,16.00,23.82
2022-05-18 08:10:15,2.89,137,262,8,2,0,1,0,0,12.00,13.48
2022-05-18 08:19:59,1.55,236,43,8,2,0,1,0,0,9.00,11.23
2022-05-18 08:23:22,1.59,249,231,8,2,0,1,0,0,8.00,10.12
2022-05-18 08:26:04,12.74,132,189,8,2,1,1,0,0,44.00,54.82
2022-05-18 08:32:47,3.81,170,80,8,2,0,1,0,0,16.00,20.87
2022-05-18 08:34:42,2.11,238,166,8,2,0,1,0,0,14.00,20.00
2022-05-18 08:40:06,4.47,238,113,8,2,0,1,0,0,20.50,29.20
2022-05-18 08:46:14,1.50,164,113,8,2,0,1,0,0,8.00,10.73
2022-05-18 08:46:33,1.27,75,236,8,2,0,1,0,0,8.50,12.43
2022-05-18 08:46:43,1.30,237,75,8,2,0,1,0,0,7.00,7.92
2022-05-18 08:47:57,5.00,87,164,8,2,0,1,0,0,18.00,18.20
2022-05-18 08:48:03,1.90,13,148,8,2,0,1,0,0,11.50,15.65
2022-05-18 08:49:30,4.73,162,166,8,2,0,1,0,0,25.00,38.10
2022-05-18 08:50:11,1.91,236,161,8,2,0,1,0,0,10.00,14.42
2022-05-18 08:51:04,2.02,238,43,8,2,0,1,0,0,9.00,9.47
2022-05-18 09:01:50,2.00,158,48,9,2,0,1,0,0,11.00,15.10
2022-05-18 09:01:54,5.14,230,12,9,2,0,1,0,0,20.00,24.52
2022-05-18 09:02:55,1.40,144,79,9,2,0,1,0,0,8.00,9.85
2022-05-18 09:03:52,9.40,70,230,9,2,0,1,0,0,54.00,86.05
2022-05-18 09:08:15,1.99,237,48,9,2,0,1,0,0,13.00,18.23
2022-05-18 09:08:56,10.11,100,138,9,2,1,1,0,0,36.50,37.88
2022-05-18 09:10:10,1.60,48,237,9,2,0,1,0,0,11.50,15.70
2022-05-18 09:15:34,14.22,234,1,9,2,1,1,0,0,56.94,32.10
2022-05-18 09:19:00,5.26,140,158,9,2,0,1,0,0,35.48,26.00
2022-05-18 09:20:36,1.29,137,186,9,2,0,1,0,0,10.00,14.97
2022-05-18 09:23:14,1.60,113,100,9,2,0,1,0,0,9.50,12.27
2022-05-18 09:23:15,1.16,261,13,9,2,0,1,0,0,6.00,5.22
2022-05-18 09:24:34,3.37,231,170,9,2,0,1,0,0,17.00,23.93
2022-05-18 09:26:56,1.30,152,244,9,2,0,1,0,0,7.00,6.42
2022-05-18 09:27:03,17.40,132,42,9,2,1,1,0,0,52.00,66.87
2022-05-18 09:36:59,1.00,186,161,9,2,0,1,0,0,9.50,14.12
2022-05-18 09:38:02,1.81,140,163,9,2,0,1,0,0,10.00,13.22
2022-05-18 09:42:58,2.25,166,143,9,2,0,1,0,0,12.00,16.87
2022-05-18 09:43:23,1.30,48,142,9,2,0,1,0,0,8.00,10.32
2022-05-18 09:44:38,6.50,13,161,9,2,0,1,0,0,22.00,22.53
2022-05-18 09:47:10,2.48,151,74,9,2,0,1,0,0,13.00,16.30
2022-05-18 09:48:49,2.71,140,161,9,2,0,1,0,0,12.00,12.75
2022-05-18 09:56:35,6.43,262,87,9,2,0,1,0,0,20.00,12.92
2022-05-18 09:57:33,0.97,236,237,9,2,0,1,0,0,6.50,7.02
2022-05-18 10:04:49,1.81,140,236,10,2,0,0,0,0,10.00,12.52
2022-05-18 10:07:17,1.46,161,43,10,2,0,0,0,0,9.00,11.10
2022-05-18 10:09:51,1.00,237,237,10,2,0,0,0,0,7.50,9.03
2022-05-18 10:18:07,2.00,238,48,10,2,0,0,0,0,11.50,15.17
2022-05-18 10:24:32,1.60,163,236,10,2,0,0,0,0,10.50,14.52
2022-05-18 10:25:41,1.61,50,233,10,2,0,0,0,0,12.00,17.95
2022-05-18 10:27:13,1.30,143,230,10,2,0,0,0,0,9.00,12.38
2022-05-18 10:27:59,2.84,151,48,10,2,0,0,0,0,14.50,18.10
2022-05-18 10:28:55,1.43,236,43,10,2,0,0,0,0,10.00,13.62
2022-05-18 10:29:06,1.60,230,239,10,2,0,0,0,0,8.00,8.23
2022-05-18 10:29:58,0.20,236,236,10,2,0,0,0,0,4.00,3.65
2022-05-18 10:33:26,1.18,237,229,10,2,0,0,0,0,8.00,9.73
2022-05-18 10:35:33,1.49,238,166,10,2,0,0,0,0,8.50,9.35
2022-05-18 10:41:22,2.21,229,236,10,2,0,0,0,0,11.00,14.60
2022-05-18 10:42:14,0.79,237,141,10,2,0,0,0,0,5.50,5.88
2022-05-18 10:44:06,2.76,140,164,10,2,0,0,0,0,15.50,19.58
2022-05-18 10:47:29,0.68,163,43,10,2,0,0,0,0,4.50,3.52
2022-05-18 10:47:44,2.38,234,43,10,2,0,0,0,0,15.00,22.68
2022-05-18 10:55:12,3.00,79,229,10,2,0,0,0,0,14.00,17.80
2022-05-18 10:55:32,1.56,186,233,10,2,0,0,0,0,14.00,21.83
2022-05-18 11:04:14,3.60,234,140,11,2,0,0,0,0,19.00,28.22
2022-05-18 11:05:57,1.26,161,164,11,2,0,0,0,0,8.00,10.50
2022-05-18 11:07:54,5.10,236,145,11,2,0,0,0,0,22.00,30.92
2022-05-18 11:10:05,1.16,249,234,11,2,0,0,0,0,8.50,11.58
2022-05-18 11:10:41,9.79,138,49,11,2,1,0,0,0,36.50,47.88
2022-05-18 11:14:24,2.30,141,238,11,2,0,0,0,0,10.50,12.18
2022-05-18 11:14:34,5.13,234,255,11,2,0,0,0,0,20.00,24.40
2022-05-18 11:14:48,0.77,262,140,11,2,0,0,0,0,5.00,3.97
2022-05-18 11:16:33,14.44,13,138,11,2,1,0,0,0,40.00,28.75
2022-05-18 11:18:03,1.90,239,230,11,2,0,0,0,0,11.00,15.05
2022-05-18 11:19:48,0.75,186,164,11,2,0,0,0,0,9.50,14.77
2022-05-18 11:23:29,0.90,233,141,11,2,0,0,0,0,5.50,5.08
2022-05-18 11:26:57,1.07,43,43,11,2,0,0,0,0,7.00,7.47
2022-05-18 11:31:54,9.00,138,68,11,2,1,0,0,0,38.50,54.88
2022-05-18 11:35:30,0.48,140,141,11,2,0,0,0,0,4.50,3.62
2022-05-18 11:39:52,1.57,236,161,11,2,0,0,0,0,13.50,20.67
2022-05-18 11:41:30,11.69,161,138,11,2,1,0,0,0,36.00,31.27
2022-05-18 11:41:36,1.68,68,142,11,2,0,0,0,0,11.50,16.27
2022-05-18 11:42:30,1.30,48,239,11,2,0,0,0,0,7.50,10.35
2022-05-18 11:46:47,1.83,140,161,11,2,0,0,0,0,13.00,19.23
2022-05-18 11:47:08,2.20,113,246,11,2,0,0,0,0,18.50,31.02
2022-05-18 11:47:10,1.50,249,231,11,2,0,0,0,0,10.00,13.75
2022-05-18 11:48:41,1.60,161,140,11,2,0,0,0,0,10.00,12.57
2022-05-18 11:51:56,8.50,50,247,11,2,0,0,0,0,25.50,18.67
2022-05-18 11:58:06,6.66,43,232,11,2,0,0,0,0,23.50,26.35
2022-05-18 11:59:06,4.00,186,231,11,2,0,0,0,0,20.00,27.88
2022-05-18 12:00:12,0.48,231,125,12,2,0,0,0,0,4.50,3.80
2022-05-18 12:03:35,1.00,261,148,12,2,0,0,0,0,9.50,14.32
2022-05-18 12:04:41,0.65,170,233,12,2,0,0,0,0,7.50,9.88
2022-05-18 12:05:56,0.39,141,237,12,2,0,0,0,0,5.50,6.78
2022-05-18 12:06:12,1.21,229,237,12,2,0,0,0,0,7.50,8.82
2022-05-18 12:07:39,2.33,236,162,12,2,0,0,0,0,14.50,21.58
2022-05-18 12:09:35,2.20,113,170,12,2,0,0,0,0,13.50,19.32
2022-05-18 12:10:05,2.40,237,170,12,2,0,0,0,0,17.00,26.22
2022-05-18 12:13:09,0.79,236,140,12,2,0,0,0,0,8.00,10.65
2022-05-18 12:13:22,1.30,158,113,12,2,0,0,0,0,7.50,9.27
2022-05-18 12:18:06,0.85,236,237,12,2,0,0,0,0,9.00,13.03
2022-05-18 12:18:26,0.76,233,161,12,2,0,0,0,0,8.00,10.87
2022-05-18 12:22:07,18.10,132,230,12,2,1,0,0,0,52.00,58.30
2022-05-18 12:23:56,0.91,141,237,12,2,0,0,0,0,7.50,10.25
2022-05-18 12:25:12,3.79,142,249,12,2,0,0,0,0,16.50,21.28
2022-05-18 12:25:54,4.40,237,211,12,2,0,0,0,0,23.50,36.05
2022-05-18 12:30:08,1.39,68,48,12,2,0,0,0,0,8.00,10.05
2022-05-18 12:37:17,1.20,230,50,12,2,0,0,0,0,9.00,12.13
2022-05-18 12:37:37,0.66,164,162,12,2,0,0,0,0,6.00,7.18
2022-05-18 12:39:07,1.13,142,48,12,2,0,0,0,0,7.50,8.93
2022-05-18 12:39:11,1.80,166,239,12,2,0,0,0,0,10.00,12.33
2022-05-18 12:39:48,0.80,151,151,12,2,0,0,0,0,6.00,7.27
2022-05-18 12:44:41,6.36,132,93,12,2,1,0,0,0,19.50,15.15
2022-05-18 12:47:26,2.00,238,142,12,2,0,0,0,0,10.50,13.53
2022-05-18 12:49:11,1.40,237,170,12,2,0,0,0,0,11.00,15.62
2022-05-18 12:49:53,4.06,163,152,12,2,0,0,0,0,19.50,27.15
2022-05-18 12:50:05,2.40,236,162,12,2,0,0,0,0,15.50,22.90
2022-05-18 12:50:07,1.70,142,236,12,2,0,0,0,0,9.00,9.37
2022-05-18 12:52:21,2.33,13,231,12,2,0,0,0,0,11.50,13.27
2022-05-18 12:52:33,1.06,161,237,12,2,0,0,0,0,7.50,8.47
2022-05-18 12:55:13,1.21,142,48,12,2,0,0,0,0,9.00,11.85
2022-05-18 12:55:17,6.11,161,88,12,2,0,0,0,0,23.50,25.92
2022-05-18 13:03:56,0.90,7,179,13,2,0,0,0,0,5.50,5.05
2022-05-18 13:06:12,1.29,158,246,13,2,0,0,0,0,7.00,7.53
2022-05-18 13:08:21,5.88,137,238,13,2,0,0,0,0,21.50,24.95
2022-05-18 13:09:48,1.80,236,237,13,2,0,0,0,0,11.00,15.13
2022-05-18 13:28:00,0.62,230,100,13,2,0,0,0,0,7.00,8.80
2022-05-18 13:36:54,1.36,48,246,13,2,0,0,0,0,7.50,8.40
2022-05-18 13:39:11,1.50,142,236,13,2,0,0,0,0,8.50,9.08
2022-05-18 13:44:18,1.97,161,114,13,2,0,0,0,0,10.50,13.53
2022-05-18 13:45:08,5.06,132,124,13,2,1,0,0,0,17.00,16.10
2022-05-18 13:48:44,1.55,68,48,13,2,0,0,0,0,9.50,12.65
2022-05-18 13:50:56,0.79,48,163,13,2,0,0,0,0,10.00,15.12
2022-05-18 13:51:54,1.64,262,141,13,2,0,0,0,0,7.00,18.68
2022-05-18 13:54:29,0.94,163,161,13,2,0,0,0,0,8.00,11.25
2022-05-18 13:55:01,0.99,230,186,13,2,0,0,0,0,9.00,12.78
2022-05-18 13:57:18,0.70,239,43,13,2,0,0,0,0,5.00,4.45
2022-05-18 13:57:36,2.08,162,234,13,2,0,0,0,0,11.50,16.42
2022-05-18 13:58:06,5.40,142,13,13,2,0,0,0,0,22.00,29.28
2022-05-18 13:59:49,1.34,143,239,13,2,0,0,0,0,8.00,10.42
2022-05-18 14:00:24,20.57,230,132,14,2,1,0,0,0,52.00,71.20
2022-05-18 14:02:37,4.40,87,234,14,2,0,0,0,0,17.00,19.42
2022-05-18 14:03:01,2.73,161,158,14,2,0,0,0,0,14.00,19.30
2022-05-18 14:07:13,1.00,237,236,14,2,0,0,0,0,8.00,10.73
2022-05-18 14:08:01,0.40,236,43,14,2,0,0,0,0,3.50,2.42
2022-05-18 14:08:28,0.80,238,239,14,2,0,0,0,0,6.00,5.90
2022-05-18 14:09:53,1.08,75,74,14,2,0,0,0,0,6.00,5.40
2022-05-18 14:11:16,1.06,163,163,14,2,0,0,0,0,11.00,17.42
2022-05-18 14:12:12,1.48,237,142,14,2,0,0,0,0,10.00,14.43
2022-05-18 14:14:28,0.90,140,237,14,2,0,0,0,0,6.00,5.92
2022-05-18 14:14:58,1.67,68,142,14,2,0,0,0,0,11.00,15.40
2022-05-18 14:17:49,1.89,50,164,14,2,0,0,0,0,16.50,26.82
2022-05-18 14:18:33,0.90,239,238,14,2,0,0,0,0,5.00,3.60
2022-05-18 14:20:51,0.20,236,236,14,2,0,0,0,0,3.50,2.78
2022-05-18 14:21:15,2.09,161,262,14,2,0,0,0,0,11.00,14.62
2022-05-18 14:22:24,12.53,132,62,14,2,1,0,0,0,43.00,49.92
2022-05-18 14:25:03,1.20,158,68,14,2,0,0,0,0,6.50,6.38
2022-05-18 14:26:26,1.02,137,234,14,2,0,0,0,0,8.50,11.23
2022-05-18 14:31:23,1.00,137,164,14,2,0,0,0,0,9.00,12.80
2022-05-18 14:35:06,0.60,142,142,14,2,0,0,0,0,5.50,6.00
2022-05-18 14:42:02,16.88,132,224,14,2,1,0,0,0,52.00,74.78
2022-05-18 14:43:29,0.80,170,162,14,2,0,0,0,0,5.00,4.58
2022-05-18 14:44:00,18.90,65,1,14,2,1,0,0,0,73.00,49.07
2022-05-18 14:46:49,15.80,161,132,14,2,1,0,0,0,52.00,60.92
2022-05-18 14:48:36,2.33,170,125,14,2,0,0,0,0,13.50,19.95
2022-05-18 14:49:32,1.85,140,236,14,2,0,0,0,0,13.00,19.42
2022-05-18 14:49:33,3.50,41,237,14,2,0,0,0,0,19.00,28.47
2022-05-18 14:51:04,11.66,161,138,14,2,1,0,0,0,40.00,51.37
2022-05-18 14:51:16,1.34,43,236,14,2,0,0,0,0,9.00,11.43
2022-05-18 14:52:58,1.40,107,233,14,2,0,0,0,0,7.50,9.53
2022-05-18 14:56:00,1.03,141,237,14,2,0,0,0,0,8.00,10.20
2022-05-18 15:01:09,5.33,79,238,15,2,0,0,0,0,28.50,46.12
2022-05-18 15:01:19,1.30,162,236,15,2,0,0,0,0,9.00,12.23
2022-05-18 15:02:46,1.15,143,163,15,2,0,0,0,0,9.00,12.37
2022-05-18 15:07:52,0.80,238,236,15,2,0,0,0,0,5.00,4.30
2022-05-18 15:07:56,3.29,246,238,15,2,0,0,0,0,18.00,26.78
2022-05-18 15:11:00,3.76,261,65,15,2,0,0,0,0,13.00,13.20
2022-05-18 15:16:04,1.18,90,107,15,2,0,0,0,0,10.00,14.70
2022-05-18 15:16:25,2.29,68,163,15,2,0,0,0,0,17.50,28.02
2022-05-18 15:17:04,15.42,233,132,15,2,1,0,0,0,52.00,62.83
2022-05-18 15:18:46,1.70,233,237,15,2,0,0,0,0,10.00,13.50
2022-05-18 15:19:43,3.50,140,186,15,2,0,0,0,0,26.50,45.23
2022-05-18 15:24:00,2.42,239,100,15,2,0,0,0,0,12.50,16.87
2022-05-18 15:34:28,3.00,143,164,15,2,0,0,0,0,17.50,27.32
2022-05-18 15:34:57,0.78,163,230,15,2,0,0,0,0,6.50,7.60
2022-05-18 15:37:30,4.26,262,237,15,2,0,0,0,0,19.00,31.53
2022-05-18 15:39:06,2.80,236,170,15,2,0,0,0,0,17.00,29.53
2022-05-18 15:46:34,0.58,237,236,15,2,0,0,0,0,7.50,9.95
2022-05-18 15:46:43,2.25,163,186,15,2,0,0,0,0,19.50,32.35
2022-05-18 15:48:22,3.57,236,233,15,2,0,0,0,0,16.50,20.95
2022-05-18 15:48:55,1.65,262,229,15,2,0,0,0,0,9.00,9.83
2022-05-18 15:50:38,1.93,142,140,15,2,0,0,0,0,14.50,22.43
2022-05-18 15:54:44,2.24,68,170,15,2,0,0,0,0,15.00,23.50
2022-05-18 15:57:55,19.60,238,132,15,2,1,0,0,0,52.00,85.95
2022-05-18 15:59:55,2.95,143,236,15,2,0,0,0,0,19.00,30.87
2022-05-18 16:02:08,0.60,107,137,16,2,0,0,1,0,5.00,4.83
2022-05-18 16:02:21,3.60,239,116,16,2,0,0,1,0,20.50,31.70
2022-05-18 16:05:35,0.60,48,163,16,2,0,0,1,0,5.00,5.57
2022-05-18 16:07:09,0.49,237,236,16,2,0,0,1,0,6.00,7.02
2022-05-18 16:07:10,1.35,107,186,16,2,0,0,1,0,12.00,18.08
2022-05-18 16:11:34,1.20,211,79,16,2,0,0,1,0,9.00,12.37
2022-05-18 16:19:23,1.33,163,236,16,2,0,0,1,0,8.50,10.60
2022-05-18 16:19:36,0.70,114,249,16,2,0,0,1,0,5.50,5.17
2022-05-18 16:20:52,2.70,141,239,16,2,0,0,1,0,15.50,22.97
2022-05-18 16:25:44,1.10,238,236,16,2,0,0,1,0,7.00,8.22
2022-05-18 16:28:28,3.37,236,90,16,2,0,0,1,0,20.00,30.58
2022-05-18 16:29:21,1.90,68,113,16,2,0,0,1,0,9.50,12.02
2022-05-18 16:30:24,1.22,87,144,16,2,0,0,1,0,9.50,13.25
2022-05-18 16:30:26,3.80,151,140,16,2,0,0,1,0,21.50,31.50
2022-05-18 16:31:28,0.57,237,237,16,2,0,0,1,0,6.50,7.55
2022-05-18 16:33:13,16.00,107,132,16,2,1,0,1,0,52.00,90.88
2022-05-18 16:35:46,2.23,161,262,16,2,0,0,1,0,12.00,16.10
2022-05-18 16:36:33,2.18,186,79,16,2,0,0,1,0,15.50,24.43
2022-05-18 16:37:52,3.95,13,100,16,2,0,0,1,0,19.00,27.33
2022-05-18 16:43:09,2.10,166,143,16,2,0,0,1,0,11.00,13.80
2022-05-18 16:48:31,18.61,132,230,16,2,1,0,1,0,52.00,84.42
2022-05-18 16:49:25,17.96,132,161,16,2,1,0,1,0,52.00,84.67
2022-05-18 16:49:30,2.00,113,246,16,2,0,0,1,0,11.00,13.97
2022-05-18 16:51:54,1.22,262,236,16,2,0,0,1,0,7.50,9.58
2022-05-18 16:55:27,3.96,114,237,16,2,0,0,1,0,21.00,32.07
2022-05-18 16:56:00,0.53,137,170,16,2,0,0,1,0,6.00,7.07
2022-05-18 16:56:14,1.35,230,233,16,2,0,0,1,0,13.00,20.83
2022-05-18 16:56:43,3.07,239,116,16,2,0,0,1,0,17.00,24.65
2022-05-18 16:57:17,5.00,13,25,16,2,0,0,1,0,19.50,24.03
2022-05-18 16:57:39,1.10,236,262,16,2,0,0,1,0,7.00,8.92
2022-05-18 16:58:22,1.36,142,43,16,2,0,0,1,0,11.00,16.63
2022-05-18 17:03:43,4.00,238,164,17,2,0,0,1,0,31.50,54.48
2022-05-18 17:03:53,7.77,138,263,17,2,1,0,1,0,38.00,62.62
2022-05-18 17:05:21,5.26,211,143,17,2,0,0,1,0,22.50,31.40
2022-05-18 17:07:15,1.07,233,161,17,2,0,0,1,0,7.00,8.25
2022-05-18 17:08:38,5.73,170,42,17,2,0,0,1,0,27.50,40.58
2022-05-18 17:09:53,2.30,237,74,17,2,0,0,1,0,12.50,17.50
2022-05-18 17:10:06,1.60,144,87,17,2,0,0,1,0,15.00,23.57
2022-05-18 17:11:29,1.41,234,211,17,2,0,0,1,0,8.50,10.88
2022-05-18 17:11:48,1.85,237,239,17,2,0,0,1,0,11.50,16.72
2022-05-18 17:15:15,1.27,234,158,17,2,0,0,1,0,9.00,11.62
2022-05-18 17:15:21,1.10,144,158,17,2,0,0,1,0,13.50,21.55
2022-05-18 17:15:34,1.13,234,170,17,2,0,0,1,0,10.00,14.33
2022-05-18 17:17:04,9.24,138,100,17,2,1,0,1,0,43.50,66.12
2022-05-18 17:20:33,0.65,50,48,17,2,0,0,1,0,7.50,10.27
2022-05-18 17:22:44,8.30,236,138,17,2,1,0,1,0,28.00,37.28
2022-05-18 17:43:42,2.70,100,231,17,2,0,0,1,0,23.00,37.57
2022-05-18 17:45:02,2.93,50,166,17,2,0,0,1,0,11.50,13.65
2022-05-18 17:47:15,3.70,239,246,17,2,0,0,1,0,23.50,38.15
2022-05-18 17:47:48,4.70,144,140,17,2,0,0,1,0,18.50,24.45
2022-05-18 17:49:02,0.85,236,43,17,2,0,0,1,0,7.00,8.28
2022-05-18 17:49:06,12.40,234,14,17,2,0,0,1,0,40.00,41.80
2022-05-18 17:49:53,8.64,170,138,17,2,1,0,1,0,27.50,35.93
2022-05-18 17:50:30,1.09,142,239,17,2,0,0,1,0,8.00,9.77
2022-05-18 17:53:57,3.19,163,262,17,2,0,0,1,0,14.50,18.60
2022-05-18 17:55:12,3.51,75,48,17,2,0,0,1,0,21.00,31.68
2022-05-18 17:56:30,0.96,246,90,17,2,0,0,1,0,6.00,5.90
2022-05-18 17:56:47,2.50,113,246,17,2,0,0,1,0,22.50,38.65
2022-05-18 17:59:51,1.51,238,142,17,2,0,0,1,0,9.50,12.35
2022-05-18 18:01:00,0.44,239,239,18,2,0,0,1,0,5.00,5.53
2022-05-18 18:01:42,1.00,143,48,18,2,0,0,1,0,12.50,19.87
2022-05-18 18:02:41,1.46,234,48,18,2,0,0,1,0,16.50,27.52
2022-05-18 18:05:14,2.20,164,142,18,2,0,0,1,0,14.50,21.87
2022-05-18 18:05:22,1.54,107,186,18,2,0,0,1,0,9.50,12.22
2022-05-18 18:07:43,0.89,52,33,18,2,0,0,1,0,6.00,6.82
2022-05-18 18:08:48,2.57,238,237,18,2,0,0,1,0,14.00,18.17
2022-05-18 18:10:56,1.30,161,143,18,2,0,0,1,0,9.50,13.00
2022-05-18 18:14:06,0.45,140,140,18,2,0,0,1,0,3.50,1.78
2022-05-18 18:14:25,2.95,87,79,18,2,0,0,1,0,11.50,10.67
2022-05-18 18:14:33,2.50,107,141,18,2,0,0,1,0,9.50,9.97
2022-05-18 18:15:31,2.51,239,166,18,2,0,0,1,0,12.00,14.22
2022-05-18 18:19:09,0.66,74,74,18,2,0,0,1,0,6.00,9.37
2022-05-18 18:21:01,3.67,236,186,18,2,0,0,1,0,20.00,29.37
2022-05-18 18:22:07,0.70,90,68,18,2,0,0,1,0,5.00,4.00
2022-05-18 18:22:08,1.32,151,143,18,2,0,0,1,0,7.50,8.22
2022-05-18 18:27:54,3.25,148,141,18,2,0,0,1,0,12.00,11.50
2022-05-18 18:30:40,1.10,161,237,18,2,0,0,1,0,11.50,17.82
2022-05-18 18:30:45,2.12,230,107,18,2,0,0,1,0,15.50,24.33
2022-05-18 18:31:18,1.29,68,230,18,2,0,0,1,0,8.00,10.45
2022-05-18 18:38:47,0.70,144,79,18,2,0,0,1,0,6.00,6.62
2022-05-18 18:39:30,1.06,163,229,18,2,0,0,1,0,8.00,30.77
2022-05-18 18:41:58,0.70,113,79,18,2,0,0,1,0,5.50,5.52
2022-05-18 18:43:18,0.75,236,237,18,2,0,0,1,0,5.50,5.67
2022-05-18 18:43:41,2.50,158,148,18,2,0,0,1,0,13.00,17.87
2022-05-18 18:45:17,2.02,48,238,18,2,0,0,1,0,10.00,12.33
2022-05-18 18:47:58,1.54,239,163,18,2,0,0,1,0,9.00,10.97
2022-05-18 18:49:49,7.97,237,138,18,2,1,0,1,0,26.50,28.62
2022-05-18 18:50:54,1.80,237,233,18,2,0,0,1,0,10.00,13.32
2022-05-18 18:51:08,0.60,75,75,18,2,0,0,1,0,6.00,6.12
2022-05-18 18:51:37,1.96,238,230,18,2,0,0,1,0,9.50,11.03
2022-05-18 18:55:59,2.13,237,239,18,2,0,0,1,0,10.00,10.92
2022-05-18 18:58:44,1.39,164,113,18,2,0,0,1,0,7.00,7.07
2022-05-18 19:00:34,3.20,144,255,19,2,0,0,1,0,15.50,20.42
2022-05-18 19:00:41,1.43,231,158,19,2,0,0,1,0,7.50,7.40
2022-05-18 19:01:11,3.30,237,148,19,2,0,0,1,0,15.50,21.38
2022-05-18 19:03:33,2.25,236,161,19,2,0,0,1,0,17.50,27.58
2022-05-18 19:05:03,1.00,48,161,19,2,0,0,1,0,10.00,14.85
2022-05-18 19:07:25,2.80,229,226,19,2,0,0,1,0,11.50,11.80
2022-05-18 19:10:31,8.51,138,263,19,2,1,0,1,0,26.50,24.30
2022-05-18 19:11:04,1.00,43,238,19,2,0,0,1,0,5.50,4.10
2022-05-18 19:12:02,0.96,236,237,19,2,0,0,1,0,6.50,6.02
2022-05-18 19:17:03,1.40,163,143,19,2,0,0,1,0,8.00,9.75
2022-05-18 19:17:44,2.61,163,68,19,2,0,0,1,0,18.00,28.57
2022-05-18 19:19:00,2.56,142,161,19,2,0,0,1,0,15.03,18.00
2022-05-18 19:21:56,0.87,42,41,19,2,0,0,1,0,5.50,4.53
2022-05-18 19:26:43,1.20,90,170,19,2,0,0,1,0,7.00,7.90
2022-05-18 19:29:12,1.24,48,50,19,2,0,0,1,0,8.00,9.25
2022-05-18 19:29:30,0.69,144,114,19,2,0,0,1,0,6.50,7.67
2022-05-18 19:35:08,2.65,162,148,19,2,0,0,1,0,14.00,20.50
2022-05-18 19:35:32,6.50,52,36,19,2,0,0,1,0,25.50,28.62
2022-05-18 19:37:42,4.00,140,179,19,2,0,0,1,0,14.00,14.75
2022-05-18 19:43:01,7.61,246,244,19,2,0,0,1,0,29.50,38.22
2022-05-18 19:43:50,1.80,237,234,19,2,0,0,1,0,10.50,14.88
2022-05-18 19:46:15,1.88,234,148,19,2,0,0,1,0,11.00,14.82
2022-05-18 19:46:30,1.68,237,234,19,2,0,0,1,0,11.00,15.63
2022-05-18 19:47:29,1.30,164,162,19,2,0,0,1,0,7.00,7.65
2022-05-18 19:49:00,1.36,163,239,19,2,0,0,1,0,7.50,8.30
2022-05-18 19:50:02,2.76,162,236,19,2,0,0,1,0,12.00,13.83
2022-05-18 19:53:30,2.60,246,163,19,2,0,0,1,0,7.50,8.88
2022-05-18 19:56:27,3.06,230,263,19,2,0,0,1,0,16.00,21.80
2022-05-18 19:57:22,4.00,50,114,19,2,0,0,1,0,18.50,26.83
2022-05-18 19:58:19,1.40,43,142,19,2,0,0,1,0,7.50,7.82
2022-05-18 19:58:50,19.60,132,236,19,2,1,0,1,0,52.00,42.45
2022-05-18 20:01:33,4.00,234,43,20,2,0,0,0,0,17.50,22.97
2022-05-18 20:02:09,1.58,142,238,20,2,0,0,0,0,7.00,6.80
2022-05-18 20:04:42,3.00,162,148,20,2,0,0,0,0,16.50,24.40
2022-05-18 20:06:29,2.36,141,75,20,2,0,0,0,0,9.00,9.02
2022-05-18 20:07:04,19.98,132,69,20,2,1,0,0,0,58.00,49.63
2022-05-18 20:07:58,3.66,140,90,20,2,0,0,0,0,16.50,21.83
2022-05-18 20:08:15,2.20,236,239,20,2,0,0,0,0,10.50,12.80
2022-05-18 20:09:17,0.90,263,43,20,2,0,0,0,0,6.50,8.57
2022-05-18 20:09:34,4.02,48,148,20,2,0,0,0,0,19.50,27.07
2022-05-18 20:14:45,0.78,79,148,20,2,0,0,0,0,5.50,5.72
2022-05-18 20:16:09,1.47,234,170,20,2,0,0,0,0,7.50,8.35
2022-05-18 20:18:22,0.96,249,79,20,2,0,0,0,0,7.50,8.95
2022-05-18 20:23:32,0.67,263,141,20,2,0,0,0,0,8.75,2.90
2022-05-18 20:24:41,1.45,114,45,20,2,0,0,0,0,8.50,10.67
2022-05-18 20:24:48,4.19,79,50,20,2,0,0,0,0,19.00,28.58
2022-05-18 20:26:08,3.67,249,143,20,2,0,0,0,0,16.00,20.15
2022-05-18 20:27:00,2.92,113,142,20,2,0,0,0,0,15.00,21.43
2022-05-18 20:27:45,0.91,237,236,20,2,0,0,0,0,5.50,4.48
2022-05-18 20:28:08,0.77,50,161,20,2,0,0,0,0,5.50,5.48
2022-05-18 20:31:41,1.80,158,79,20,2,0,0,0,0,11.00,16.12
2022-05-18 20:32:27,4.28,144,17,20,2,0,0,0,0,20.20,24.60
2022-05-18 20:33:56,16.38,132,37,20,2,1,0,0,0,47.00,39.82
2022-05-18 20:38:07,3.26,262,48,20,2,0,0,0,0,14.00,17.63
2022-05-18 20:40:38,0.90,141,262,20,2,0,0,0,0,6.00,5.90
2022-05-18 20:45:01,0.26,132,132,20,2,1,0,0,0,4.00,3.18
2022-05-18 20:47:23,5.05,244,143,20,2,0,0,0,0,17.00,14.68
2022-05-18 20:48:09,0.40,113,79,20,2,0,0,0,0,4.00,3.60
2022-05-18 20:53:19,0.70,237,163,20,2,0,0,0,0,5.50,4.95
2022-05-18 20:53:32,2.42,79,230,20,2,0,0,0,0,11.50,15.27
2022-05-18 20:57:01,1.25,162,170,20,2,0,0,0,0,8.00,10.13
2022-05-18 21:00:51,2.97,132,10,21,2,1,0,0,0,10.50,7.20
2022-05-18 21:00:53,19.62,132,65,21,2,1,0,0,0,56.00,52.95
2022-05-18 21:02:16,3.30,166,48,21,2,0,0,0,0,15.00,18.27
2022-05-18 21:02:57,1.40,237,263,21,2,0,0,0,0,6.50,4.63
2022-05-18 21:10:39,3.25,170,209,21,2,0,0,0,0,15.00,19.70
2022-05-18 21:12:35,2.80,234,140,21,2,0,0,0,0,11.00,11.90
2022-05-18 21:16:55,6.78,79,151,21,2,0,0,0,0,28.00,36.73
2022-05-18 21:20:05,4.14,231,229,21,2,0,0,0,0,17.00,21.33
2022-05-18 21:22:47,1.06,141,236,21,2,0,0,0,0,6.00,5.45
2022-05-18 21:24:11,0.76,161,43,21,2,0,0,0,0,4.50,2.82
2022-05-18 21:24:58,18.41,132,125,21,2,1,0,0,0,52.00,51.75
2022-05-18 21:26:40,3.94,170,238,21,2,0,0,0,0,16.00,20.63
2022-05-18 21:31:22,7.59,249,238,21,2,0,0,0,0,25.50,23.92
2022-05-18 21:31:25,3.20,263,170,21,2,0,0,0,0,14.00,15.52
2022-05-18 21:33:55,0.50,107,113,21,2,0,0,0,0,4.00,3.12
2022-05-18 21:35:16,4.40,114,140,21,2,0,0,0,0,17.00,21.43
2022-05-18 21:38:50,1.20,263,141,21,2,0,0,0,0,6.50,6.82
2022-05-18 21:39:26,8.50,231,141,21,2,0,0,0,0,26.83,24.55
2022-05-18 21:43:45,1.30,142,43,21,2,0,0,0,0,6.50,5.78
2022-05-18 21:45:03,1.29,48,230,21,2,0,0,0,0,9.50,13.20
2022-05-18 21:46:04,2.19,263,163,21,2,0,0,0,0,10.00,11.95
2022-05-18 21:46:38,1.10,48,164,21,2,0,0,0,0,8.50,12.05
2022-05-18 21:47:04,2.80,239,170,21,2,0,0,0,0,13.50,17.95
2022-05-18 21:48:17,1.59,90,170,21,2,0,0,0,0,9.00,11.02
2022-05-18 21:51:19,0.35,148,211,21,2,0,0,0,0,4.50,3.85
2022-05-18 21:51:54,1.28,48,186,21,2,0,0,0,0,7.00,8.38
2022-05-18 21:52:15,7.56,132,93,21,2,1,0,0,0,21.50,12.97
2022-05-18 21:56:08,2.20,33,231,21,2,0,0,0,0,11.00,13.23
2022-05-18 21:59:00,2.10,163,262,21,2,0,0,0,0,11.00,14.35
2022-05-18 22:03:22,1.14,79,148,22,2,0,0,0,0,6.50,6.40
2022-05-18 22:03:23,0.72,237,43,22,2,0,0,0,0,5.50,5.95
2022-05-18 22:03:34,8.90,79,116,22,2,0,0,0,0,33.00,42.18
2022-05-18 22:04:00,5.23,107,255,22,2,0,0,0,0,22.68,20.72
2022-05-18 22:04:26,1.25,211,249,22,2,0,0,0,0,7.00,8.33
2022-05-18 22:08:28,1.00,79,148,22,2,0,0,0,0,6.00,6.57
2022-05-18 22:08:52,2.62,237,137,22,2,0,0,0,0,11.00,12.57
2022-05-18 22:09:22,11.04,50,61,22,2,0,0,0,0,39.00,48.08
2022-05-18 22:09:37,10.39,138,161,22,2,1,0,0,0,29.50,19.30
2022-05-18 22:09:39,2.45,148,229,22,2,0,0,0,0,11.00,13.12
2022-05-18 22:10:54,2.70,50,238,22,2,0,0,0,0,10.00,9.18
2022-05-18 22:12:19,1.93,163,239,22,2,0,0,0,0,9.50,10.98
2022-05-18 22:13:37,3.80,231,50,22,2,0,0,0,0,15.00,16.92
2022-05-18 22:14:34,3.33,79,97,22,2,0,0,0,0,14.50,16.98
2022-05-18 22:17:08,2.06,113,233,22,2,0,0,0,0,10.00,11.62
2022-05-18 22:18:09,2.63,249,163,22,2,0,0,0,0,12.00,14.85
2022-05-18 22:18:52,1.30,163,141,22,2,0,0,0,0,6.00,5.32
2022-05-18 22:19:32,2.30,237,146,22,2,0,0,0,0,10.00,11.78
2022-05-18 22:23:09,2.44,249,230,22,2,0,0,0,0,10.50,12.15
2022-05-18 22:26:16,3.54,261,49,22,2,0,0,0,0,15.50,20.55
2022-05-18 22:34:54,1.88,143,236,22,2,0,0,0,0,9.50,11.17
2022-05-18 22:35:16,3.09,230,262,22,2,0,0,0,0,14.50,18.35
2022-05-18 22:36:35,3.56,161,231,22,2,0,0,0,0,13.50,14.85
2022-05-18 22:37:54,3.40,113,237,22,2,0,0,0,0,14.00,18.03
2022-05-18 22:38:08,2.20,229,50,22,2,0,0,0,0,13.00,19.00
2022-05-18 22:42:30,0.78,234,170,22,2,0,0,0,0,6.50,7.52
2022-05-18 22:42:57,3.00,161,158,22,2,0,0,0,0,13.50,17.17
2022-05-18 22:48:37,2.36,230,140,22,2,0,0,0,0,15.50,22.93
2022-05-18 22:50:56,1.38,13,125,22,2,0,0,0,0,6.50,4.93
2022-05-18 22:51:32,2.68,142,141,22,2,0,0,0,0,13.00,16.40
2022-05-18 22:52:38,3.97,261,161,22,2,0,0,0,0,17.50,24.12
2022-05-18 22:57:02,1.50,231,114,22,2,0,0,0,0,6.50,6.40
2022-05-18 22:59:38,6.70,138,145,22,2,1,0,0,0,20.00,12.75
2022-05-18 23:06:12,18.48,132,48,23,2,1,0,0,0,52.00,70.55
2022-05-18 23:06:40,0.91,237,233,23,2,0,0,0,0,6.00,5.48
2022-05-18 23:10:36,2.50,90,233,23,2,0,0,0,0,11.50,14.18
2022-05-18 23:12:25,0.60,211,231,23,2,0,0,0,0,4.50,4.08
2022-05-18 23:18:33,1.70,229,230,23,2,0,0,0,0,10.00,13.13
2022-05-18 23:20:42,4.20,229,112,23,2,0,0,0,0,16.00,18.10
2022-05-18 23:34:22,1.59,161,233,23,2,0,0,0,0,9.00,11.10
2022-05-18 23:35:03,1.30,141,142,23,2,0,0,0,0,7.50,8.00
2022-05-18 23:35:44,11.96,42,17,23,2,0,0,0,0,37.50,36.32
2022-05-18 23:39:00,5.40,125,236,23,2,0,0,0,0,20.53,21.00
2022-05-18 23:44:13,6.55,48,244,23,2,0,0,0,0,20.50,14.42
2022-05-18 23:47:08,3.82,79,48,23,2,0,0,0,0,14.50,16.17
2022-05-18 23:50:16,1.49,79,45,23,2,0,0,0,0,8.50,9.87
2022-05-18 23:56:17,1.41,237,170,23,2,0,0,0,0,6.50,4.75
2022-05-18 23:56:20,5.31,140,69,23,2,0,0,0,0,16.50,13.23
2022-05-19 00:00:06,3.16,48,114,0,3,0,0,0,0,14.00,17.05
2022-05-19 00:03:32,1.53,161,90,0,3,0,0,0,0,8.50,10.53
2022-05-19 00:05:06,3.30,148,230,0,3,0,0,0,0,12.00,12.45
2022-05-19 00:05:42,3.20,148,25,0,3,0,0,0,0,13.50,14.82
2022-05-19 00:20:50,6.37,236,68,0,3,0,0,0,0,21.50,23.57
2022-05-19 00:24:55,2.46,161,239,0,3,0,0,0,0,10.50,12.10
2022-05-19 00:30:48,13.59,142,165,0,3,0,0,0,0,40.00,37.50
2022-05-19 00:30:57,0.50,142,143,0,3,0,0,0,0,4.00,3.07
2022-05-19 00:33:21,0.87,161,164,0,3,0,0,0,0,5.00,3.68
2022-05-19 00:38:17,0.67,148,114,0,3,0,0,0,0,5.00,3.78
2022-05-19 00:47:07,9.00,79,152,0,3,0,0,0,0,27.50,24.42
2022-05-19 01:03:27,4.40,163,4,1,3,0,0,0,0,17.00,17.98
2022-05-19 01:46:24,2.90,231,97,1,3,0,0,0,0,12.00,11.58
2022-05-19 01:48:03,1.00,249,234,1,3,0,0,0,0,6.00,5.93
2022-05-19 01:51:14,1.10,164,48,1,3,0,0,0,0,5.50,4.85
2022-05-19 01:53:47,2.94,246,229,1,3,0,0,0,0,14.00,18.62
2022-05-19 02:07:40,2.85,211,233,2,3,0,0,0,0,13.19,9.45
2022-05-19 03:10:42,4.65,68,262,3,3,0,0,0,0,16.00,17.23
2022-05-19 03:37:49,1.00,230,170,3,3,0,0,0,0,5.50,4.70
2022-05-19 04:28:00,10.82,48,138,4,3,1,0,0,0,41.48,28.00
2022-05-19 05:19:13,0.85,48,186,5,3,0,0,0,0,5.50,4.92
2022-05-19 05:38:13,0.86,230,43,5,3,0,0,0,0,5.50,4.43
2022-05-19 05:43:11,11.64,164,138,5,3,1,0,0,0,34.00,27.73
2022-05-19 05:49:47,0.70,132,132,5,3,1,0,0,0,4.00,2.08
2022-05-19 05:55:51,1.30,100,234,5,3,0,0,0,0,7.00,9.45
2022-05-19 06:03:44,2.44,132,10,6,3,1,0,0,0,10.50,10.95
2022-05-19 06:06:07,6.73,195,230,6,3,0,0,0,0,20.50,17.42
2022-05-19 06:10:00,1.79,237,170,6,3,0,0,0,0,7.00,4.57
2022-05-19 06:13:40,1.88,234,230,6,3,0,0,0,0,8.00,6.95
2022-05-19 06:15:03,2.36,263,162,6,3,0,0,0,0,10.98,9.33
2022-05-19 06:19:41,4.82,238,137,6,3,0,0,0,0,17.87,14.48
2022-05-19 06:19:41,0.70,161,230,6,3,0,0,0,0,4.50,3.93
2022-05-19 06:28:26,2.18,249,137,6,3,0,0,0,0,10.00,12.05
2022-05-19 06:43:25,0.30,100,186,6,3,0,0,0,0,3.50,2.13
2022-05-19 06:54:14,2.20,236,229,6,3,0,0,0,0,8.50,7.83
2022-05-19 06:55:03,2.30,263,230,6,3,0,0,0,0,10.00,11.47
2022-05-19 06:57:12,3.69,231,100,6,3,0,0,0,0,14.00,14.87
2022-05-19 07:03:26,0.85,262,140,7,3,0,1,0,0,5.50,4.65
2022-05-19 07:04:01,3.56,231,163,7,3,0,1,0,0,13.00,13.70
2022-05-19 07:08:14,12.70,236,95,7,3,0,1,0,0,38.00,31.70
2022-05-19 07:14:49,2.49,234,4,7,3,0,1,0,0,11.00,12.55
2022-05-19 07:15:51,2.10,68,237,7,3,0,1,0,0,9.50,9.90
2022-05-19 07:15:53,3.10,107,263,7,3,0,1,0,0,11.50,13.85
2022-05-19 07:19:13,3.60,40,231,7,3,0,1,0,0,13.50,16.98
2022-05-19 07:23:01,1.40,186,161,7,3,0,1,0,0,8.00,9.95
2022-05-19 07:25:50,0.84,43,75,7,3,0,1,0,0,6.50,7.77
2022-05-19 07:26:20,1.80,186,162,7,3,0,1,0,0,9.00,10.90
2022-05-19 07:28:25,0.30,163,161,7,3,0,1,0,0,4.00,3.25
2022-05-19 07:29:13,1.30,234,230,7,3,0,1,0,0,8.50,9.93
2022-05-19 07:29:14,1.00,226,146,7,3,0,1,0,0,6.00,5.13
2022-05-19 07:36:23,4.72,33,68,7,3,0,1,0,0,17.00,18.17
2022-05-19 07:39:10,2.88,140,137,7,3,0,1,0,0,9.50,6.05
2022-05-19 07:48:12,1.70,143,246,7,3,0,1,0,0,7.00,6.32
2022-05-19 07:52:28,9.59,237,138,7,3,1,1,0,0,35.00,36.52
2022-05-19 07:52:33,5.27,107,238,7,3,0,1,0,0,25.81,36.20
2022-05-19 07:55:57,1.70,107,162,7,3,0,1,0,0,9.00,11.22
2022-05-19 07:59:02,4.03,236,113,7,3,0,1,0,0,15.50,18.87
2022-05-19 08:01:07,0.60,236,75,8,3,0,1,0,0,6.00,6.47
2022-05-19 08:03:38,1.56,244,116,8,3,0,1,0,0,7.50,8.20
2022-05-19 08:11:39,0.91,90,164,8,3,0,1,0,0,5.00,3.88
2022-05-19 08:12:36,2.31,141,137,8,3,0,1,0,0,10.00,12.05
2022-05-19 08:14:07,12.71,138,162,8,3,1,1,0,0,49.00,70.27
2022-05-19 08:15:03,0.90,229,162,8,3,0,1,0,0,6.00,6.20
2022-05-19 08:15:27,0.44,152,166,8,3,0,1,0,0,5.00,4.78
2022-05-19 08:18:29,3.90,229,125,8,3,0,1,0,0,16.00,20.38
2022-05-19 08:19:09,1.57,143,230,8,3,0,1,0,0,8.00,9.18
2022-05-19 08:19:21,1.59,237,233,8,3,0,1,0,0,7.50,7.25
2022-05-19 08:38:02,6.27,141,211,8,3,0,1,0,0,30.80,28.12
2022-05-19 08:38:29,17.50,132,230,8,3,1,1,0,0,52.00,93.10
2022-05-19 08:38:51,1.30,79,125,8,3,0,1,0,0,7.00,7.75
2022-05-19 08:40:02,10.03,238,138,8,3,1,1,0,0,34.50,34.60
2022-05-19 08:43:12,5.58,87,162,8,3,0,1,0,0,21.00,24.93
2022-05-19 08:44:24,6.05,209,163,8,3,0,1,0,0,28.74,28.75
2022-05-19 08:46:23,4.64,151,234,8,3,0,1,0,0,25.00,40.02
2022-05-19 08:50:14,0.50,261,231,8,3,0,1,0,0,4.00,2.53
2022-05-19 08:51:21,1.06,170,161,8,3,0,1,0,0,8.00,10.22
2022-05-19 08:52:51,0.81,237,237,8,3,0,1,0,0,6.00,5.62
2022-05-19 08:54:58,20.21,132,116,8,3,1,1,0,0,52.00,83.07
2022-05-19 08:55:00,12.01,54,138,8,3,1,1,0,0,44.22,22.00
2022-05-19 08:55:08,1.21,234,162,8,3,0,1,0,0,7.50,9.38
2022-05-19 08:55:50,3.01,238,161,8,3,0,1,0,0,15.00,21.08
2022-05-19 08:57:44,5.58,262,179,8,3,0,1,0,0,21.00,21.98
2022-05-19 08:58:13,5.20,88,233,8,3,0,1,0,0,17.00,16.53
2022-05-19 09:04:00,0.70,236,238,9,3,0,1,0,0,4.50,3.00
2022-05-19 09:04:46,1.96,125,107,9,3,0,1,0,0,9.50,11.12
2022-05-19 09:04:49,1.30,164,170,9,3,0,1,0,0,9.00,11.88
2022-05-19 09:05:18,1.73,237,161,9,3,0,1,0,0,12.50,18.68
2022-05-19 09:05:51,2.60,142,234,9,3,0,1,0,0,15.00,21.70
2022-05-19 09:14:46,1.00,137,234,9,3,0,1,0,0,6.00,6.48
2022-05-19 09:20:14,5.01,161,166,9,3,0,1,0,0,25.50,37.97
2022-05-19 09:21:02,1.58,230,237,9,3,0,1,0,0,10.50,14.12
2022-05-19 09:22:38,4.01,230,13,9,3,0,1,0,0,21.84,25.83
2022-05-19 09:27:25,1.41,238,143,9,3,0,1,0,0,8.00,9.55
2022-05-19 09:28:18,0.70,13,231,9,3,0,1,0,0,5.00,3.93
2022-05-19 09:32:19,5.89,68,166,9,3,0,1,0,0,21.50,22.27
2022-05-19 09:32:45,3.50,236,68,9,3,0,1,0,0,14.00,17.55
2022-05-19 09:34:12,1.46,249,231,9,3,0,1,0,0,8.50,9.48
2022-05-19 09:41:39,1.81,125,186,9,3,0,1,0,0,9.50,11.60
2022-05-19 09:43:00,3.02,239,162,9,3,0,1,0,0,24.00,39.97
2022-05-19 09:43:08,0.77,244,243,9,3,0,1,0,0,6.50,7.30
2022-05-19 09:45:36,2.58,236,164,9,3,0,1,0,0,15.50,24.22
2022-05-19 09:46:28,1.13,162,186,9,3,0,1,0,0,6.50,7.73
2022-05-19 09:51:33,1.30,170,137,9,3,0,1,0,0,9.50,13.40
2022-05-19 09:54:02,2.26,170,68,9,3,0,1,0,0,11.50,15.73
2022-05-19 09:54:25,1.00,237,236,9,3,0,1,0,0,8.00,10.50
2022-05-19 09:54:55,1.10,237,236,9,3,0,1,0,0,6.00,6.58
2022-05-19 09:54:56,1.84,143,162,9,3,0,1,0,0,10.50,14.33
2022-05-19 09:56:39,14.55,97,244,9,3,0,1,0,0,48.84,37.42
2022-05-19 09:58:22,0.90,229,161,9,3,0,1,0,0,9.50,13.77
2022-05-19 09:59:00,1.53,163,263,9,3,0,1,0,0,10.31,10.00
2022-05-19 10:00:51,0.75,249,186,10,3,0,0,0,0,4.00,2.07
2022-05-19 10:01:50,1.81,113,170,10,3,0,0,0,0,12.50,18.72
2022-05-19 10:05:33,0.47,186,100,10,3,0,0,0,0,8.00,11.80
2022-05-19 10:09:49,11.48,132,138,10,3,1,0,0,0,34.00,31.17
2022-05-19 10:10:06,1.20,237,161,10,3,0,0,0,0,10.50,14.38
2022-05-19 10:12:57,6.40,261,161,10,3,0,0,0,0,22.50,24.03
2022-05-19 10:19:21,2.83,249,162,10,3,0,0,0,0,19.00,30.85
2022-05-19 10:23:01,2.90,164,231,10,3,0,0,0,0,14.00,19.22
2022-05-19 10:23:34,2.25,162,68,10,3,0,0,0,0,14.00,20.47
2022-05-19 10:28:19,9.82,138,230,10,3,1,0,0,0,54.00,84.97
2022-05-19 10:29:18,1.00,140,163,10,3,0,0,0,0,9.00,12.73
2022-05-19 10:37:46,1.34,162,164,10,3,0,0,0,0,9.50,12.83
2022-05-19 10:38:18,0.87,239,143,10,3,0,0,0,0,5.00,4.55
2022-05-19 10:43:18,2.80,113,88,10,3,0,0,0,0,13.00,17.87
2022-05-19 10:46:01,0.46,140,263,10,3,0,0,0,0,4.00,2.78
2022-05-19 10:50:21,9.60,138,68,10,3,1,0,0,0,37.50,51.58
2022-05-19 10:51:07,0.60,166,24,10,3,0,0,0,0,5.00,4.20
2022-05-19 10:51:46,2.21,249,164,10,3,0,0,0,0,12.50,18.07
2022-05-19 10:51:49,1.55,249,100,10,3,0,0,0,0,11.50,16.62
2022-05-19 10:54:26,2.90,186,140,10,3,0,0,0,0,26.00,48.25
2022-05-19 10:54:44,0.67,163,237,10,3,0,0,0,0,5.50,5.72
2022-05-19 10:56:20,2.36,162,141,10,3,0,0,0,0,13.50,19.73
2022-05-19 10:57:57,1.91,141,161,10,3,0,0,0,0,13.00,19.62
2022-05-19 11:00:22,1.85,170,246,11,3,0,0,0,0,10.50,13.52
2022-05-19 11:05:59,1.60,234,161,11,3,0,0,0,0,10.00,13.55
2022-05-19 11:06:16,1.40,141,236,11,3,0,0,0,0,7.50,7.53
2022-05-19 11:07:50,2.77,166,43,11,3,0,0,0,0,14.50,19.82
2022-05-19 11:10:57,1.54,107,186,11,3,0,0,0,0,12.00,18.10
2022-05-19 11:11:52,1.70,229,263,11,3,0,0,0,0,8.00,9.28
2022-05-19 11:12:43,0.85,237,140,11,3,0,0,0,0,7.00,8.27
2022-05-19 11:15:25,1.00,142,237,11,3,0,0,0,0,9.50,15.35
2022-05-19 11:16:20,2.58,231,232,11,3,0,0,0,0,11.50,11.15
2022-05-19 11:17:01,1.87,141,170,11,3,0,0,0,0,10.50,14.30
2022-05-19 11:18:06,1.40,142,237,11,3,0,0,0,0,11.00,16.77
2022-05-19 11:18:48,3.26,24,163,11,3,0,0,0,0,16.50,25.10
2022-05-19 11:22:49,2.40,143,186,11,3,0,0,0,0,13.50,21.43
2022-05-19 11:22:49,9.32,141,102,11,3,0,0,0,0,32.50,37.53
2022-05-19 11:23:15,2.76,161,236,11,3,0,0,0,0,16.50,24.42
2022-05-19 11:23:36,0.78,113,79,11,3,0,0,0,0,5.50,5.40
2022-05-19 11:23:44,0.78,137,164,11,3,0,0,0,0,8.50,11.85
2022-05-19 11:24:26,4.71,166,68,11,3,0,0,0,0,20.00,29.13
2022-05-19 11:29:56,1.43,236,262,11,3,0,0,0,0,9.50,13.02
2022-05-19 11:32:40,10.54,138,25,11,3,1,0,0,0,34.00,42.22
2022-05-19 11:34:50,2.04,230,234,11,3,0,0,0,0,12.50,19.25
2022-05-19 11:37:52,18.60,132,68,11,3,1,0,0,0,52.00,67.23
2022-05-19 11:40:06,0.63,237,162,11,3,0,0,0,0,6.00,7.35
2022-05-19 11:41:26,17.92,230,50,11,3,0,0,0,0,50.50,38.63
2022-05-19 11:42:09,2.82,239,68,11,3,0,0,0,0,16.00,23.63
2022-05-19 11:42:44,0.71,151,166,11,3,0,0,0,0,5.00,4.58
2022-05-19 11:48:06,3.70,162,231,11,3,0,0,0,0,20.50,31.60
2022-05-19 11:49:05,1.92,230,234,11,3,0,0,0,0,11.50,16.70
2022-05-19 11:55:08,1.04,164,246,11,3,0,0,0,0,10.50,16.05
2022-05-19 11:55:59,1.30,233,140,11,3,0,0,0,0,7.00,7.97
2022-05-19 11:59:12,6.30,230,261,11,3,0,0,0,0,29.00,39.15
2022-05-19 12:00:32,0.50,236,236,12,3,0,0,0,0,7.00,9.67
2022-05-19 12:01:16,2.38,249,230,12,3,0,0,0,0,19.50,32.33
2022-05-19 12:02:49,1.74,113,68,12,3,0,0,0,0,10.00,14.17
2022-05-19 12:03:09,3.00,164,158,12,3,0,0,0,0,16.50,23.78
2022-05-19 12:03:34,0.63,237,237,12,3,0,0,0,0,6.00,7.60
2022-05-19 12:04:23,3.40,186,43,12,3,0,0,0,0,16.50,23.90
2022-05-19 12:04:35,0.92,100,48,12,3,0,0,0,0,7.00,8.47
2022-05-19 12:05:51,3.33,144,97,12,3,0,0,0,0,15.00,19.97
2022-05-19 12:05:51,5.97,88,161,12,3,0,0,0,0,23.50,24.80
2022-05-19 12:10:46,4.07,90,236,12,3,0,0,0,0,26.50,44.38
2022-05-19 12:13:23,4.53,246,263,12,3,0,0,0,0,22.00,33.57
2022-05-19 12:13:36,0.74,100,234,12,3,0,0,0,0,8.00,12.32
2022-05-19 12:16:42,1.37,113,90,12,3,0,0,0,0,8.50,11.25
2022-05-19 12:22:14,0.96,90,68,12,3,0,0,0,0,11.50,17.28
2022-05-19 12:24:48,1.44,238,43,12,3,0,0,0,0,7.00,6.12
2022-05-19 12:40:11,1.84,230,234,12,3,0,0,0,0,12.00,17.38
2022-05-19 12:40:50,2.60,237,107,12,3,0,0,0,0,15.00,22.72
2022-05-19 12:42:19,1.40,234,79,12,3,0,0,0,0,9.50,13.72
2022-05-19 12:44:38,1.30,237,162,12,3,0,0,0,0,9.50,12.75
2022-05-19 12:45:41,0.60,237,162,12,3,0,0,0,0,5.50,5.83
2022-05-19 12:49:07,1.60,140,75,12,3,0,0,0,0,11.00,16.88
2022-05-19 12:49:18,8.98,138,151,12,3,1,0,0,0,29.00,28.85
2022-05-19 12:51:48,10.23,138,142,12,3,1,0,0,0,38.50,48.43
2022-05-19 12:58:49,1.80,239,163,12,3,0,0,0,0,12.00,17.58
2022-05-19 13:06:25,1.26,249,107,13,3,0,0,0,0,10.00,14.85
2022-05-19 13:09:25,1.30,48,229,13,3,0,0,0,0,11.00,16.77
2022-05-19 13:09:28,1.00,237,236,13,3,0,0,0,0,8.50,10.30
2022-05-19 13:09:39,2.89,142,236,13,3,0,0,0,0,13.50,18.27
2022-05-19 13:11:03,1.61,100,113,13,3,0,0,0,0,11.50,17.05
2022-05-19 13:11:22,2.33,237,186,13,3,0,0,0,0,19.50,33.30
2022-05-19 13:14:15,1.30,239,142,13,3,0,0,0,0,7.00,10.32
2022-05-19 13:15:11,3.02,162,249,13,3,0,0,0,0,16.50,24.38
2022-05-19 13:16:07,0.59,237,140,13,3,0,0,0,0,5.50,5.82
2022-05-19 13:18:34,0.80,161,161,13,3,0,0,0,0,8.00,11.60
2022-05-19 13:20:05,3.99,100,13,13,3,0,0,0,0,18.50,25.50
2022-05-19 13:20:43,4.37,166,243,13,3,0,0,0,0,18.50,24.23
2022-05-19 13:24:30,0.50,234,137,13,3,0,0,0,0,7.00,9.63
2022-05-19 13:24:42,1.43,151,236,13,3,0,0,0,0,9.00,11.18
2022-05-19 13:26:03,8.80,138,164,13,3,1,0,0,0,28.50,31.20
2022-05-19 13:27:31,0.40,170,137,13,3,0,0,0,0,5.50,6.27
2022-05-19 13:32:25,2.75,90,162,13,3,0,0,0,0,18.50,29.77
2022-05-19 13:32:42,2.98,161,75,13,3,0,0,0,0,18.50,28.62
2022-05-19 13:32:45,9.19,138,100,13,3,1,0,0,0,32.00,34.90
2022-05-19 13:33:58,2.51,43,48,13,3,0,0,0,0,13.50,19.53
2022-05-19 13:35:21,2.08,186,211,13,3,0,0,0,0,11.50,17.10
2022-05-19 13:35:47,1.14,107,170,13,3,0,0,0,0,6.50,6.33
2022-05-19 13:40:47,3.10,143,170,13,3,0,0,0,0,20.00,32.18
2022-05-19 13:42:17,4.66,263,113,13,3,0,0,0,0,20.00,24.52
2022-05-19 13:42:43,1.37,79,232,13,3,0,0,0,0,8.50,10.53
2022-05-19 13:42:45,4.14,142,42,13,3,0,0,0,0,15.50,18.00
2022-05-19 13:44:12,9.51,138,65,13,3,1,0,0,0,33.50,42.82
2022-05-19 13:50:45,1.00,24,43,13,3,0,0,0,0,9.50,14.05
2022-05-19 13:53:38,2.11,107,161,13,3,0,0,0,0,11.00,13.67
2022-05-19 13:55:02,3.54,261,66,13,3,0,0,0,0,14.00,14.63
2022-05-19 13:58:04,0.52,230,142,13,3,0,0,0,0,4.00,2.37
2022-05-19 14:01:34,1.11,161,164,14,3,0,0,0,0,10.50,15.07
2022-05-19 14:02:05,1.14,161,43,14,3,0,0,0,0,12.50,19.90
2022-05-19 14:03:10,11.00,138,230,14,3,1,0,0,0,39.00,47.88
2022-05-19 14:04:38,2.00,107,162,14,3,0,0,0,0,12.50,17.72
2022-05-19 14:06:32,2.10,140,239,14,3,0,0,0,0,11.50,14.48
2022-05-19 14:09:17,1.85,161,236,14,3,0,0,0,0,15.00,23.28
2022-05-19 14:10:44,1.18,230,186,14,3,0,0,0,0,10.00,14.10
2022-05-19 14:13:21,17.78,132,100,14,3,1,0,0,0,52.00,91.40
2022-05-19 14:14:49,4.53,13,4,14,3,0,0,0,0,17.00,17.07
2022-05-19 14:15:54,0.55,236,262,14,3,0,0,0,0,5.50,5.72
2022-05-19 14:16:33,0.70,137,164,14,3,0,0,0,0,8.50,12.40
2022-05-19 14:16:49,1.70,140,233,14,3,0,0,0,0,12.50,16.33
2022-05-19 14:16:55,1.20,170,162,14,3,0,0,0,0,8.00,10.15
2022-05-19 14:17:47,1.38,163,142,14,3,0,0,0,0,10.00,14.23
2022-05-19 14:18:54,2.70,246,13,14,3,0,0,0,0,12.00,13.42
2022-05-19 14:18:55,1.90,79,164,14,3,0,0,0,0,12.00,16.75
2022-05-19 14:22:35,2.26,230,238,14,3,0,0,0,0,12.00,15.90
2022-05-19 14:23:48,1.34,162,164,14,3,0,0,0,0,8.50,11.00
2022-05-19 14:30:04,2.20,237,234,14,3,0,0,0,0,12.00,17.35
2022-05-19 14:33:20,0.70,263,141,14,3,0,0,0,0,4.50,2.98
2022-05-19 14:34:45,14.29,88,1,14,3,1,0,0,0,64.50,48.73
2022-05-19 14:37:53,2.17,68,249,14,3,0,0,0,0,14.00,21.30
2022-05-19 14:42:45,2.38,164,50,14,3,0,0,0,0,18.00,29.15
2022-05-19 14:50:03,8.30,138,263,14,3,1,0,0,0,30.00,38.63
2022-05-19 14:51:55,0.62,162,229,14,3,0,0,0,0,7.00,9.27
2022-05-19 14:58:26,9.49,138,237,14,3,1,0,0,0,40.00,58.28
2022-05-19 14:58:44,1.70,142,170,14,3,0,0,0,0,14.50,22.68
2022-05-19 15:03:17,0.65,234,186,15,3,0,0,0,0,4.50,3.80
2022-05-19 15:03:48,5.37,13,234,15,3,0,0,0,0,20.00,21.97
2022-05-19 15:04:32,1.00,48,161,15,3,0,0,0,0,8.00,10.92
2022-05-19 15:05:02,15.75,132,231,15,3,1,0,0,0,52.00,79.95
2022-05-19 15:05:39,18.80,132,148,15,3,1,0,0,0,52.00,71.82
2022-05-19 15:13:49,2.41,161,238,15,3,0,0,0,0,18.00,28.33
2022-05-19 15:15:55,1.20,236,140,15,3,0,0,0,0,10.50,16.08
2022-05-19 15:19:03,14.70,237,138,15,3,1,0,0,0,35.50,50.92
2022-05-19 15:19:14,2.38,161,239,15,3,0,0,0,0,16.00,25.82
2022-05-19 15:20:18,2.68,161,43,15,3,0,0,0,0,12.50,16.48
2022-05-19 15:21:28,2.20,237,262,15,3,0,0,0,0,15.50,22.82
2022-05-19 15:25:26,2.02,230,246,15,3,0,0,0,0,18.50,31.05
2022-05-19 15:30:30,2.30,166,239,15,3,0,0,0,0,12.50,17.08
2022-05-19 15:30:55,1.70,163,239,15,3,0,0,0,0,12.50,18.58
2022-05-19 15:33:01,2.50,246,143,15,3,0,0,0,0,10.00,10.33
2022-05-19 15:38:06,1.30,237,229,15,3,0,0,0,0,12.00,19.12
2022-05-19 15:38:24,15.95,132,48,15,3,1,0,0,0,52.00,77.37
2022-05-19 15:38:55,8.35,13,236,15,3,0,0,0,0,29.00,37.15
2022-05-19 15:40:09,0.60,237,236,15,3,0,0,0,0,5.50,6.43
2022-05-19 15:42:08,1.63,143,238,15,3,0,0,0,0,10.00,14.32
2022-05-19 15:46:03,1.30,170,234,15,3,0,0,0,0,8.00,9.77
2022-05-19 15:50:49,0.99,238,236,15,3,0,0,0,0,7.00,8.13
2022-05-19 15:51:02,1.28,234,137,15,3,0,0,0,0,7.50,8.90
2022-05-19 15:51:28,2.02,234,234,15,3,0,0,0,0,12.50,18.43
2022-05-19 15:53:29,0.70,90,113,15,3,0,0,0,0,6.00,6.57
2022-05-19 15:56:33,0.70,234,107,15,3,0,0,0,0,5.50,5.88
2022-05-19 15:57:02,2.50,79,161,15,3,0,0,0,0,13.50,19.20
2022-05-19 15:57:06,1.90,239,48,15,3,0,0,0,0,13.50,20.47
2022-05-19 15:57:07,3.20,236,107,15,3,0,0,0,0,20.50,31.62
2022-05-19 15:57:16,1.89,239,230,15,3,0,0,0,0,14.00,21.12
2022-05-19 15:59:33,1.83,41,75,15,3,0,0,0,0,9.50,11.27
2022-05-19 15:59:51,2.99,234,140,15,3,0,0,0,0,17.00,24.82
2022-05-19 16:03:21,8.74,261,263,16,3,0,0,1,0,34.00,43.32
2022-05-19 16:05:43,18.57,246,1,16,3,1,0,1,0,70.50,42.68
2022-05-19 16:06:02,0.54,237,43,16,3,0,0,1,0,7.50,10.83
2022-05-19 16:07:51,3.02,231,161,16,3,0,0,1,0,18.00,27.23
2022-05-19 16:09:52,1.50,107,170,16,3,0,0,1,0,11.00,15.85
2022-05-19 16:09:55,0.99,43,151,16,3,0,0,1,0,9.00,12.67
2022-05-19 16:12:39,0.95,239,238,16,3,0,0,1,0,6.50,6.83
2022-05-19 16:13:29,0.90,142,237,16,3,0,0,1,0,4.50,12.67
2022-05-19 16:15:19,0.99,237,236,16,3,0,0,1,0,6.50,6.52
2022-05-19 16:17:56,5.53,158,112,16,3,0,0,1,0,25.50,37.23
2022-05-19 16:19:35,3.08,236,137,16,3,0,0,1,0,20.50,33.60
2022-05-19 16:23:35,1.63,239,236,16,3,0,0,1,0,9.00,11.10
2022-05-19 16:27:06,17.73,132,230,16,3,1,0,1,0,52.00,71.23
2022-05-19 16:28:10,18.43,132,230,16,3,1,0,1,0,52.00,91.03
2022-05-19 16:36:16,2.19,142,229,16,3,0,0,1,0,16.00,25.60
2022-05-19 16:38:28,9.60,138,48,16,3,1,0,1,0,41.00,59.87
2022-05-19 16:40:59,1.10,151,239,16,3,0,0,1,0,7.00,7.50
2022-05-19 16:41:11,0.80,170,186,16,3,0,0,1,0,12.00,18.85
2022-05-19 16:41:13,4.70,261,230,16,3,0,0,1,0,20.50,27.38
2022-05-19 16:41:17,1.26,48,68,16,3,0,0,1,0,6.50,6.52
2022-05-19 16:42:24,3.80,246,140,16,3,0,0,1,0,23.00,38.72
2022-05-19 16:42:28,0.91,229,162,16,3,0,0,1,0,5.00,4.73
2022-05-19 16:42:43,1.20,239,43,16,3,0,0,1,0,8.00,11.20
2022-05-19 16:43:37,6.98,162,33,16,3,0,0,1,0,25.50,34.47
2022-05-19 16:45:08,0.90,236,237,16,3,0,0,1,0,8.00,10.95
2022-05-19 16:45:34,0.80,162,161,16,3,0,0,1,0,7.00,8.57
2022-05-19 16:49:08,2.50,143,229,16,3,0,0,1,0,15.50,21.83
2022-05-19 16:49:50,1.35,79,90,16,3,0,0,1,0,9.50,12.48
2022-05-19 16:50:19,17.19,79,132,16,3,1,0,1,0,68.35,82.82
2022-05-19 16:52:10,1.86,161,142,16,3,0,0,1,0,14.50,23.02
2022-05-19 16:52:12,0.70,43,236,16,3,0,0,1,0,5.00,4.75
2022-05-19 16:54:28,2.16,90,43,16,3,0,0,1,0,14.00,20.88
2022-05-19 16:55:39,2.38,239,100,16,3,0,0,1,0,17.00,26.77
2022-05-19 17:00:00,0.50,230,100,17,3,0,0,1,0,6.50,7.77
2022-05-19 17:00:48,1.99,236,229,17,3,0,0,1,0,18.00,29.78
2022-05-19 17:09:39,3.01,48,263,17,3,0,0,1,0,15.00,21.37
2022-05-19 17:11:10,1.60,229,48,17,3,0,0,1,0,14.50,24.05
2022-05-19 17:11:40,4.47,209,234,17,3,0,0,1,0,17.50,17.52
2022-05-19 17:11:58,13.80,138,261,17,3,1,0,1,0,47.50,63.67
2022-05-19 17:14:26,2.25,107,163,17,3,0,0,1,0,22.00,37.03
2022-05-19 17:15:38,4.61,262,113,17,3,0,0,1,0,20.00,26.65
2022-05-19 17:18:19,1.90,68,164,17,3,0,0,1,0,10.50,13.32
2022-05-19 17:19:33,3.90,43,116,17,3,0,0,1,0,18.00,25.67
2022-05-19 17:22:44,0.44,236,237,17,3,0,0,1,0,4.50,3.88
2022-05-19 17:23:05,0.70,107,107,17,3,0,0,1,0,6.50,7.95
2022-05-19 17:26:48,1.05,263,141,17,3,0,0,1,0,6.00,6.12
2022-05-19 17:28:33,2.50,233,143,17,3,0,0,1,0,17.00,28.15
2022-05-19 17:35:13,9.13,132,196,17,3,1,0,1,0,29.00,32.53
2022-05-19 17:36:47,5.26,138,160,17,3,1,0,1,0,24.50,34.20
2022-05-19 17:40:27,2.00,231,87,17,3,0,0,1,0,9.50,9.25
2022-05-19 17:41:06,2.70,162,211,17,3,0,0,1,0,16.50,23.28
2022-05-19 17:42:25,1.16,143,239,17,3,0,0,1,0,8.00,9.95
2022-05-19 17:42:56,1.20,263,141,17,3,0,0,1,0,8.50,10.27
2022-05-19 17:43:09,1.94,143,238,17,3,0,0,1,0,13.00,19.50
2022-05-19 17:44:07,0.82,43,141,17,3,0,0,1,0,7.00,8.35
2022-05-19 17:44:22,1.00,68,90,17,3,0,0,1,0,6.00,5.85
2022-05-19 17:45:18,4.20,239,244,17,3,0,0,1,0,22.00,32.42
2022-05-19 17:46:51,1.40,114,231,17,3,0,0,1,0,11.00,16.13
2022-05-19 17:51:21,1.09,237,236,17,3,0,0,1,0,7.00,7.95
2022-05-19 17:52:26,1.96,239,163,17,3,0,0,1,0,11.00,15.08
2022-05-19 17:52:37,1.86,246,234,17,3,0,0,1,0,10.00,12.92
2022-05-19 17:53:34,1.25,236,237,17,3,0,0,1,0,9.50,12.12
2022-05-19 17:55:30,1.19,237,236,17,3,0,0,1,0,6.00,5.32
2022-05-19 17:58:16,4.30,170,75,17,3,0,0,1,0,19.00,29.50
2022-05-19 17:58:23,0.37,140,263,17,3,0,0,1,0,4.50,4.28
2022-05-19 18:00:03,2.70,246,231,18,3,0,0,1,0,16.50,22.72
2022-05-19 18:02:12,4.13,75,163,18,3,0,0,1,0,18.50,25.42
2022-05-19 18:06:40,1.20,236,239,18,3,0,0,1,0,7.00,7.62
2022-05-19 18:07:04,1.70,239,48,18,3,0,0,1,0,11.50,16.45
2022-05-19 18:07:43,1.39,142,43,18,3,0,0,1,0,7.50,8.50
2022-05-19 18:12:00,1.60,68,249,18,3,0,0,1,0,8.50,10.02
2022-05-19 18:12:53,1.80,164,249,18,3,0,0,1,0,10.00,13.32
2022-05-19 18:21:23,9.47,138,68,18,3,1,0,1,0,40.50,55.40
2022-05-19 18:22:10,0.80,237,236,18,3,0,0,1,0,6.50,8.52
2022-05-19 18:22:52,0.57,239,239,18,3,0,0,1,0,5.00,4.92
2022-05-19 18:25:59,0.49,239,239,18,3,0,0,1,0,4.00,2.97
2022-05-19 18:29:17,1.58,161,107,18,3,0,0,1,0,13.00,19.42
2022-05-19 18:31:25,1.67,90,246,18,3,0,0,1,0,10.50,13.23
2022-05-19 18:33:57,2.62,237,74,18,3,0,0,1,0,11.50,13.92
2022-05-19 18:36:12,19.10,230,132,18,3,1,0,1,0,52.00,91.45
2022-05-19 18:36:49,1.86,66,45,18,3,0,0,1,0,11.50,18.25
2022-05-19 18:38:21,2.93,79,48,18,3,0,0,1,0,21.00,34.15
2022-05-19 18:40:51,0.06,246,246,18,3,0,0,1,0,3.00,1.92
2022-05-19 18:41:58,0.40,229,229,18,3,0,0,1,0,3.50,2.50
2022-05-19 18:43:52,0.89,79,249,18,3,0,0,1,0,7.50,9.65
2022-05-19 18:44:04,1.78,229,236,18,3,0,0,1,0,8.00,8.18
2022-05-19 18:44:59,3.40,162,238,18,3,0,0,1,0,20.50,30.53
2022-05-19 18:45:59,4.18,237,158,18,3,0,0,1,0,22.50,34.72
2022-05-19 18:48:26,2.51,48,234,18,3,0,0,1,0,19.00,32.43
2022-05-19 18:52:06,1.19,230,142,18,3,0,0,1,0,7.00,7.27
2022-05-19 18:54:39,1.36,229,137,18,3,0,0,1,0,8.00,9.58
2022-05-19 18:54:43,7.42,43,79,18,3,0,0,1,0,26.50,29.42
2022-05-19 18:55:57,1.20,162,163,18,3,0,0,1,0,8.00,10.07
2022-05-19 18:56:08,1.50,229,107,18,3,0,0,1,0,9.50,12.85
2022-05-19 18:59:17,0.71,100,164,18,3,0,0,1,0,7.00,8.55
2022-05-19 19:00:00,0.82,163,162,19,3,0,0,1,0,9.00,13.67
2022-05-19 19:01:35,1.10,170,229,19,3,0,0,1,0,6.50,6.27
2022-05-19 19:02:44,3.96,25,79,19,3,0,0,1,0,20.03,27.42
2022-05-19 19:03:33,2.87,162,143,19,3,0,0,1,0,16.00,23.55
2022-05-19 19:05:43,0.70,163,143,19,3,0,0,1,0,6.00,7.25
2022-05-19 19:06:00,1.00,100,246,19,3,0,0,1,0,8.50,11.02
2022-05-19 19:06:17,1.15,237,233,19,3,0,0,1,0,9.00,11.98
2022-05-19 19:06:43,1.50,143,100,19,3,0,0,1,0,7.00,6.43
2022-05-19 19:07:04,4.12,231,163,19,3,0,0,1,0,19.50,28.10
2022-05-19 19:11:07,4.68,233,209,19,3,0,0,1,0,22.34,30.23
2022-05-19 19:12:09,2.81,113,229,19,3,0,0,1,0,12.00,13.27
2022-05-19 19:13:17,5.34,234,87,19,3,0,0,1,0,21.50,25.43
2022-05-19 19:18:09,2.91,107,145,19,3,0,0,1,0,11.00,9.95
2022-05-19 19:19:02,3.05,162,151,19,3,0,0,1,0,12.00,12.97
2022-05-19 19:19:12,21.02,132,151,19,3,1,0,1,0,52.00,47.43
2022-05-19 19:21:35,1.56,162,236,19,3,0,0,1,0,7.00,7.30
2022-05-19 19:28:33,3.80,138,7,19,3,1,0,1,0,15.00,15.78
2022-05-19 19:29:55,3.20,45,161,19,3,0,0,1,0,17.00,24.98
2022-05-19 19:30:25,0.80,143,48,19,3,0,0,1,0,5.50,5.30
2022-05-19 19:30:27,9.93,138,238,19,3,1,0,1,0,31.00,29.23
2022-05-19 19:33:05,1.93,161,142,19,3,0,0,1,0,11.00,14.03
2022-05-19 19:34:47,2.54,114,230,19,3,0,0,1,0,13.51,13.15
2022-05-19 19:35:33,0.77,48,142,19,3,0,0,1,0,4.00,2.25
2022-05-19 19:37:30,4.70,238,68,19,3,0,0,1,0,18.00,20.28
2022-05-19 19:38:01,2.83,262,233,19,3,0,0,1,0,11.00,11.70
2022-05-19 19:39:01,1.55,90,125,19,3,0,0,1,0,7.50,7.57
2022-05-19 19:40:19,2.00,161,236,19,3,0,0,1,0,11.50,13.78
2022-05-19 19:40:56,1.20,79,114,19,3,0,0,1,0,8.50,10.37
2022-05-19 19:42:04,1.76,48,246,19,3,0,0,1,0,11.50,15.52
2022-05-19 19:43:45,0.50,79,113,19,3,0,0,1,0,4.00,3.42
2022-05-19 19:47:40,1.36,68,142,19,3,0,0,1,0,7.00,7.48
2022-05-19 19:49:20,1.98,170,141,19,3,0,0,1,0,8.50,8.57
2022-05-19 19:54:03,1.72,239,48,19,3,0,0,1,0,7.50,7.12
2022-05-19 19:54:20,4.86,246,263,19,3,0,0,1,0,19.50,25.57
2022-05-19 19:55:32,1.52,162,100,19,3,0,0,1,0,8.50,10.65
2022-05-19 19:56:49,5.70,186,88,19,3,0,0,1,0,22.50,24.52
2022-05-19 19:56:54,0.94,230,143,19,3,0,0,1,0,5.00,4.27
2022-05-19 19:57:37,2.16,144,234,19,3,0,0,1,0,11.50,15.58
2022-05-19 19:59:41,0.60,140,237,19,3,0,0,1,0,6.50,9.33
2022-05-19 20:00:56,1.22,79,148,20,3,0,0,0,0,7.00,7.27
2022-05-19 20:02:48,16.85,132,7,20,3,1,0,0,0,47.00,33.07
2022-05-19 20:02:52,19.40,132,158,20,3,1,0,0,0,52.00,48.70
2022-05-19 20:06:04,4.02,238,229,20,3,0,0,0,0,18.50,26.08
2022-05-19 20:07:15,12.00,138,107,20,3,1,0,0,0,38.00,35.92
2022-05-19 20:08:08,10.52,138,125,20,3,1,0,0,0,35.50,35.68
2022-05-19 20:10:41,2.44,144,170,20,3,0,0,0,0,14.00,21.07
2022-05-19 20:11:08,0.92,144,113,20,3,0,0,0,0,7.00,8.03
2022-05-19 20:13:16,2.60,237,107,20,3,0,0,0,0,14.00,18.97
2022-05-19 20:14:13,0.86,231,144,20,3,0,0,0,0,7.50,10.15
2022-05-19 20:14:20,1.12,141,163,20,3,0,0,0,0,8.50,11.02
2022-05-19 20:15:53,1.80,170,141,20,3,0,0,0,0,8.50,8.87
2022-05-19 20:15:58,0.70,100,48,20,3,0,0,0,0,7.00,8.80
2022-05-19 20:17:34,3.68,239,68,20,3,0,0,0,0,15.00,16.75
2022-05-19 20:23:02,2.20,161,113,20,3,0,0,0,0,13.50,19.40
2022-05-19 20:25:32,4.50,143,145,20,3,0,0,0,0,24.00,36.90
2022-05-19 20:27:12,17.94,132,68,20,3,1,0,0,0,52.00,42.50
2022-05-19 20:31:02,0.55,79,107,20,3,0,0,0,0,4.50,4.17
2022-05-19 20:31:11,4.00,162,238,20,3,0,0,0,0,15.50,18.45
2022-05-19 20:32:09,1.67,237,236,20,3,0,0,0,0,7.00,7.08
2022-05-19 20:32:32,9.67,231,236,20,3,0,0,0,0,30.00,24.78
2022-05-19 20:32:54,2.70,162,142,20,3,0,0,0,0,13.50,18.83
2022-05-19 20:34:13,1.99,229,263,20,3,0,0,0,0,8.00,6.90
2022-05-19 20:37:40,5.83,161,256,20,3,0,0,0,0,27.36,34.10
2022-05-19 20:41:28,1.92,263,239,20,3,0,0,0,0,9.50,11.35
2022-05-19 20:43:59,1.06,262,262,20,3,0,0,0,0,6.50,6.65
2022-05-19 20:44:31,0.64,137,233,20,3,0,0,0,0,4.50,3.40
2022-05-19 20:46:35,1.90,230,137,20,3,0,0,0,0,12.00,17.70
2022-05-19 20:48:27,9.84,138,90,20,3,1,0,0,0,30.50,26.50
2022-05-19 20:49:33,3.40,141,263,20,3,0,0,0,0,13.50,16.47
2022-05-19 20:50:12,0.30,48,50,20,3,0,0,0,0,3.00,2.27
2022-05-19 20:50:40,0.94,238,151,20,3,0,0,0,0,5.50,5.07
2022-05-19 20:51:42,1.35,48,186,20,3,0,0,0,0,8.00,9.87
2022-05-19 20:52:04,5.33,164,88,20,3,0,0,0,0,19.50,20.55
2022-05-19 20:52:35,2.30,48,151,20,3,0,0,0,0,10.50,11.93
2022-05-19 20:53:56,7.05,246,42,20,3,0,0,0,0,25.50,28.03
2022-05-19 20:56:24,0.90,164,113,20,3,0,0,0,0,5.50,5.17
2022-05-19 20:57:40,1.35,142,237,20,3,0,0,0,0,7.50,7.93
2022-05-19 20:59:35,2.30,142,151,20,3,0,0,0,0,10.50,13.08
2022-05-19 21:03:48,2.28,161,107,21,3,0,0,0,0,11.00,13.13
2022-05-19 21:04:57,13.20,132,149,21,3,1,0,0,0,36.50,24.87
2022-05-19 21:10:01,0.80,141,263,21,3,0,0,0,0,5.50,5.25
2022-05-19 21:11:05,0.42,100,230,21,3,0,0,0,0,4.50,4.83
2022-05-19 21:12:50,1.02,249,90,21,3,0,0,0,0,6.00,5.78
2022-05-19 21:15:41,2.35,229,143,21,3,0,0,0,0,13.60,12.52
2022-05-19 21:18:40,1.90,246,158,21,3,0,0,0,0,8.50,7.05
2022-05-19 21:22:09,1.90,231,107,21,3,0,0,0,0,9.00,10.88
2022-05-19 21:22:18,4.70,239,114,21,3,0,0,0,0,19.00,25.10
2022-05-19 21:24:02,7.94,209,145,21,3,0,0,0,0,26.50,26.52
2022-05-19 21:24:15,0.60,170,233,21,3,0,0,0,0,5.00,4.13
2022-05-19 21:30:14,1.48,107,162,21,3,0,0,0,0,8.00,8.58
2022-05-19 21:31:02,7.72,100,116,21,3,0,0,0,0,25.50,23.03
2022-05-19 21:40:51,2.86,230,107,21,3,0,0,0,0,12.50,15.73
2022-05-19 21:42:19,1.30,107,148,21,3,0,0,0,0,8.00,8.82
2022-05-19 21:42:24,3.74,140,186,21,3,0,0,0,0,16.50,20.97
2022-05-19 21:43:01,1.93,142,263,21,3,0,0,0,0,10.50,12.50
2022-05-19 21:44:22,1.73,211,234,21,3,0,0,0,0,7.50,7.07
2022-05-19 21:51:04,1.94,231,68,21,3,0,0,0,0,9.00,9.15
2022-05-19 21:56:03,7.20,142,244,21,3,0,0,0,0,21.00,12.95
2022-05-19 21:58:16,3.43,142,113,21,3,0,0,0,0,16.00,22.22
2022-05-19 21:59:20,3.70,113,142,21,3,0,0,0,0,17.00,22.43
2022-05-19 22:01:03,1.20,237,141,22,3,0,0,0,0,7.00,7.72
2022-05-19 22:05:57,2.61,238,41,22,3,0,0,0,0,11.00,12.43
2022-05-19 22:06:33,3.80,79,125,22,3,0,0,0,0,20.50,29.75
2022-05-19 22:07:02,1.83,41,236,22,3,0,0,0,0,9.00,10.15
2022-05-19 22:07:02,5.74,263,244,22,3,0,0,0,0,19.00,15.75
2022-05-19 22:07:37,3.64,79,237,22,3,0,0,0,0,14.00,16.20
2022-05-19 22:09:58,1.20,229,141,22,3,0,0,0,0,6.00,5.68
2022-05-19 22:10:16,7.77,261,151,22,3,0,0,0,0,26.50,28.38
2022-05-19 22:13:29,4.70,164,256,22,3,0,0,0,0,21.50,29.08
2022-05-19 22:14:18,1.07,79,137,22,3,0,0,0,0,6.00,5.55
2022-05-19 22:15:46,9.48,132,35,22,3,1,0,0,0,30.00,27.32
2022-05-19 22:16:57,2.54,238,141,22,3,0,0,0,0,11.00,12.58
2022-05-19 22:17:34,2.97,164,141,22,3,0,0,0,0,18.50,29.75
2022-05-19 22:19:13,1.50,239,262,22,3,0,0,0,0,8.50,8.90
2022-05-19 22:23:36,3.29,236,234,22,3,0,0,0,0,15.00,19.33
2022-05-19 22:24:22,1.22,48,164,22,3,0,0,0,0,7.00,7.57
2022-05-19 22:25:04,2.26,164,148,22,3,0,0,0,0,10.50,12.42
2022-05-19 22:25:30,2.80,79,48,22,3,0,0,0,0,12.50,18.65
2022-05-19 22:29:09,1.51,229,141,22,3,0,0,0,0,7.00,6.08
2022-05-19 22:29:44,3.38,43,68,22,3,0,0,0,0,13.50,14.85
2022-05-19 22:35:07,0.80,107,234,22,3,0,0,0,0,6.00,6.33
2022-05-19 22:38:27,1.31,142,68,22,3,0,0,0,0,7.50,7.90
2022-05-19 22:39:50,0.65,161,237,22,3,0,0,0,0,4.50,3.87
2022-05-19 22:41:31,1.16,246,142,22,3,0,0,0,0,5.50,4.23
2022-05-19 22:42:30,3.10,162,74,22,3,0,0,0,0,11.00,9.33
2022-05-19 22:44:14,1.46,230,143,22,3,0,0,0,0,9.00,10.75
2022-05-19 22:45:13,3.19,236,143,22,3,0,0,0,0,12.50,14.52
2022-05-19 22:46:37,0.60,237,237,22,3,0,0,0,0,4.50,3.27
2022-05-19 22:49:07,1.37,249,100,22,3,0,0,0,0,7.00,7.75
2022-05-19 22:56:01,1.20,144,107,22,3,0,0,0,0,6.50,6.80
2022-05-19 23:02:01,1.52,143,48,23,3,0,0,0,0,7.50,8.12
2022-05-19 23:02:08,1.45,114,79,23,3,0,0,0,0,7.00,7.00
2022-05-19 23:06:35,0.90,170,161,23,3,0,0,0,0,5.50,6.97
2022-05-19 23:06:53,1.72,68,249,23,3,0,0,0,0,8.50,10.53
2022-05-19 23:09:51,5.77,236,244,23,3,0,0,0,0,18.00,12.73
2022-05-19 23:10:00,4.17,231,161,23,3,0,0,0,0,29.27,17.00
2022-05-19 23:11:28,2.13,170,237,23,3,0,0,0,0,8.50,7.73
2022-05-19 23:16:10,0.89,162,161,23,3,0,0,0,0,5.50,6.27
2022-05-19 23:17:21,2.16,231,90,23,3,0,0,0,0,9.50,11.27
2022-05-19 23:19:30,3.12,263,137,23,3,0,0,0,0,11.00,11.07
2022-05-19 23:20:03,3.10,170,158,23,3,0,0,0,0,15.50,21.98
2022-05-19 23:23:18,3.82,41,230,23,3,0,0,0,0,15.00,15.93
2022-05-19 23:24:26,1.80,237,170,23,3,0,0,0,0,7.50,6.13
2022-05-19 23:26:30,3.50,142,114,23,3,0,0,0,0,14.00,18.32
2022-05-19 23:36:31,3.30,48,262,23,3,0,0,0,0,15.00,19.30
2022-05-19 23:36:58,2.48,48,238,23,3,0,0,0,0,9.50,8.07
2022-05-19 23:37:43,2.81,90,143,23,3,0,0,0,0,10.50,10.98
2022-05-19 23:40:22,19.81,132,125,23,3,1,0,0,0,52.00,39.10
2022-05-19 23:43:18,18.31,132,232,23,3,1,0,0,0,52.00,35.15
2022-05-19 23:44:05,2.12,161,142,23,3,0,0,0,0,10.50,12.38
2022-05-19 23:44:27,2.33,162,263,23,3,0,0,0,0,9.50,9.40
2022-05-19 23:54:49,1.43,234,164,23,3,0,0,0,0,8.00,8.70
2022-05-20 00:08:33,1.46,164,137,0,4,0,0,0,0,8.50,10.78
2022-05-20 00:10:18,7.25,140,36,0,4,0,0,0,0,27.00,35.85
2022-05-20 00:12:12,2.11,161,140,0,4,0,0,0,0,9.00,9.45
2022-05-20 00:13:47,1.23,114,249,0,4,0,0,0,0,7.00,7.95
2022-05-20 00:14:54,7.80,249,7,0,4,0,0,0,0,29.50,39.45
2022-05-20 00:16:58,1.10,233,107,0,4,0,0,0,0,5.50,4.30
2022-05-20 00:17:30,3.62,162,211,0,4,0,0,0,0,14.00,15.70
2022-05-20 00:26:22,1.48,237,48,0,4,0,0,0,0,7.00,6.90
2022-05-20 00:27:55,3.00,138,223,0,4,1,0,0,0,11.00,9.25
2022-05-20 00:28:22,1.49,161,113,0,4,0,0,0,0,7.00,5.78
2022-05-20 00:29:36,1.18,237,236,0,4,0,0,0,0,5.50,4.22
2022-05-20 00:30:31,10.00,79,179,0,4,0,0,0,0,30.50,21.47
2022-05-20 00:34:57,1.30,249,186,0,4,0,0,0,0,7.00,7.72
2022-05-20 00:35:36,0.78,230,163,0,4,0,0,0,0,5.00,4.75
2022-05-20 00:35:49,2.36,230,140,0,4,0,0,0,0,10.50,11.83
2022-05-20 00:38:39,2.06,262,238,0,4,0,0,0,0,10.00,11.38
2022-05-20 00:46:30,2.30,161,143,0,4,0,0,0,0,10.00,11.00
2022-05-20 00:47:11,2.05,148,158,0,4,0,0,0,0,9.50,11.05
2022-05-20 00:55:07,0.54,163,230,0,4,0,0,0,0,4.00,2.07
2022-05-20 01:02:24,0.98,100,48,1,4,0,0,0,0,5.50,4.78
2022-05-20 01:09:16,1.60,48,162,1,4,0,0,0,0,8.50,9.33
2022-05-20 01:13:07,3.81,158,239,1,4,0,0,0,0,13.50,13.92
2022-05-20 01:31:36,1.41,114,234,1,4,0,0,0,0,8.00,8.92
2022-05-20 01:35:33,2.21,186,229,1,4,0,0,0,0,10.00,11.15
2022-05-20 01:37:04,1.46,166,116,1,4,0,0,0,0,6.50,5.70
2022-05-20 01:43:00,8.74,163,36,1,4,0,0,0,0,29.00,31.57
2022-05-20 01:44:55,5.30,141,144,1,4,0,0,0,0,18.50,15.73
2022-05-20 01:54:02,3.44,231,161,1,4,0,0,0,0,12.50,11.18
2022-05-20 02:02:17,5.30,211,188,2,4,0,0,0,0,18.00,17.43
2022-05-20 02:06:17,0.86,112,255,2,4,0,0,0,0,5.50,4.75
2022-05-20 02:07:55,4.44,148,49,2,4,0,0,0,0,16.00,16.05
2022-05-20 02:13:07,0.91,79,107,2,4,0,0,0,0,5.50,4.52
2022-05-20 02:14:49,2.97,249,170,2,4,0,0,0,0,13.00,17.17
2022-05-20 02:22:15,0.94,234,90,2,4,0,0,0,0,5.50,4.60
2022-05-20 02:26:23,5.06,48,87,2,4,0,0,0,0,17.50,18.20
2022-05-20 02:36:28,4.10,163,179,2,4,0,0,0,0,14.50,15.22
2022-05-20 02:41:38,2.32,263,74,2,4,0,0,0,0,9.50,9.32
2022-05-20 03:00:21,1.44,79,170,3,4,0,0,0,0,6.50,6.05
2022-05-20 03:03:32,2.00,48,238,3,4,0,0,0,0,8.50,7.45
2022-05-20 03:06:45,3.75,163,74,3,4,0,0,0,0,12.50,10.93
2022-05-20 03:16:58,1.40,249,107,3,4,0,0,0,0,8.00,8.58
2022-05-20 03:19:35,4.80,148,66,3,4,0,0,0,0,16.50,13.25
2022-05-20 03:21:05,17.39,100,132,3,4,1,0,0,0,52.00,24.43
2022-05-20 03:33:23,2.21,79,234,3,4,0,0,0,0,9.50,8.40
2022-05-20 03:44:42,0.71,75,263,3,4,0,0,0,0,4.00,2.15
2022-05-20 03:59:30,2.40,249,48,3,4,0,0,0,0,8.50,6.80
2022-05-20 04:23:02,7.90,230,244,4,4,0,0,0,0,24.50,18.82
2022-05-20 04:27:09,3.70,164,112,4,4,0,0,0,0,17.00,19.20
2022-05-20 04:39:11,3.14,48,151,4,4,0,0,0,0,13.01,9.82
2022-05-20 05:37:23,1.50,234,68,5,4,0,0,0,0,7.50,7.38
2022-05-20 05:43:24,15.49,132,209,5,4,1,0,0,0,52.00,45.17
2022-05-20 06:12:42,1.82,233,140,6,4,0,0,0,0,8.00,7.25
2022-05-20 06:25:46,1.50,90,170,6,4,0,0,0,0,6.50,5.18
2022-05-20 06:34:10,18.40,132,144,6,4,1,0,0,0,52.00,56.73
2022-05-20 06:56:00,3.15,143,263,6,4,0,0,0,0,14.69,15.00
2022-05-20 06:57:41,18.99,151,132,6,4,1,0,0,0,52.00,48.00
2022-05-20 07:00:41,16.33,132,170,7,4,1,1,0,0,52.00,45.97
2022-05-20 07:21:12,1.73,142,230,7,4,0,1,0,0,8.50,9.52
2022-05-20 07:24:09,3.20,239,186,7,4,0,1,0,0,13.50,16.58
2022-05-20 07:29:13,1.24,162,142,7,4,0,1,0,0,7.50,9.07
2022-05-20 07:30:23,4.61,68,262,7,4,0,1,0,0,18.50,23.27
2022-05-20 07:30:42,2.64,143,24,7,4,0,1,0,0,13.00,16.52
2022-05-20 07:32:43,4.01,137,226,7,4,0,1,0,0,15.00,15.17
2022-05-20 07:33:05,0.70,262,236,7,4,0,1,0,0,5.50,5.53
2022-05-20 07:34:44,0.90,162,233,7,4,0,1,0,0,6.00,6.63
2022-05-20 07:35:47,0.64,170,170,7,4,0,1,0,0,5.00,5.28
2022-05-20 07:43:24,2.50,161,75,7,4,0,1,0,0,13.50,19.52
2022-05-20 07:56:01,2.76,48,144,7,4,0,1,0,0,12.50,15.55
2022-05-20 07:58:37,2.31,68,79,7,4,0,1,0,0,12.50,17.60
2022-05-20 08:01:28,2.16,143,141,8,4,0,1,0,0,12.00,16.75
2022-05-20 08:09:20,4.30,48,148,8,4,0,1,0,0,22.00,31.82
2022-05-20 08:10:09,2.52,238,163,8,4,0,1,0,0,11.00,13.32
2022-05-20 08:10:20,3.10,24,230,8,4,0,1,0,0,17.50,24.47
2022-05-20 08:16:06,9.20,162,138,8,4,1,1,0,0,29.00,24.15
2022-05-20 08:19:11,3.21,114,229,8,4,0,1,0,0,15.00,18.97
2022-05-20 08:24:27,0.72,162,229,8,4,0,1,0,0,4.50,3.43
2022-05-20 08:27:54,0.79,186,48,8,4,0,1,0,0,8.00,11.15
2022-05-20 08:30:21,1.09,68,230,8,4,0,1,0,0,7.50,9.35
2022-05-20 08:31:25,0.50,239,239,8,4,0,1,0,0,5.00,4.45
2022-05-20 08:39:21,2.80,24,163,8,4,0,1,0,0,15.00,20.20
2022-05-20 08:45:15,2.96,151,262,8,4,0,1,0,0,15.50,21.13
2022-05-20 08:50:09,0.56,237,163,8,4,0,1,0,0,5.50,6.52
2022-05-20 08:53:51,0.88,239,238,8,4,0,1,0,0,5.50,4.97
2022-05-20 09:04:47,3.50,231,246,9,4,0,1,0,0,16.00,19.68
2022-05-20 09:10:35,2.21,246,161,9,4,0,1,0,0,13.50,20.65
2022-05-20 09:12:18,2.41,230,43,9,4,0,1,0,0,12.00,15.88
2022-05-20 09:12:55,5.20,261,137,9,4,0,1,0,0,17.50,15.07
2022-05-20 09:13:59,3.15,262,170,9,4,0,1,0,0,13.00,16.53
2022-05-20 09:15:05,2.40,113,88,9,4,0,1,0,0,11.50,16.50
2022-05-20 09:18:45,1.90,237,262,9,4,0,1,0,0,11.50,15.20
2022-05-20 09:19:50,0.73,229,161,9,4,0,1,0,0,7.00,8.85
2022-05-20 09:22:55,1.71,142,237,9,4,0,1,0,0,10.00,11.95
2022-05-20 09:24:00,2.89,262,230,9,4,0,1,0,0,16.50,24.67
2022-05-20 09:24:58,3.31,140,41,9,4,0,1,0,0,14.00,18.40
2022-05-20 09:43:50,1.30,230,50,9,4,0,1,0,0,8.50,10.48
2022-05-20 09:44:02,2.77,144,162,9,4,0,1,0,0,14.11,16.98
2022-05-20 09:45:50,1.68,48,142,9,4,0,1,0,0,10.00,13.50
2022-05-20 09:54:23,2.20,143,236,9,4,0,1,0,0,10.50,12.22
2022-05-20 10:06:01,1.85,140,75,10,4,0,0,0,0,11.50,15.55
2022-05-20 10:06:06,2.79,75,230,10,4,0,0,0,0,13.00,17.12
2022-05-20 10:06:39,1.00,163,161,10,4,0,0,0,0,6.00,6.70
2022-05-20 10:12:42,0.37,236,237,10,4,0,0,0,0,4.50,4.83
2022-05-20 10:18:16,0.97,68,246,10,4,0,0,0,0,7.00,8.52
2022-05-20 10:24:09,2.08,211,12,10,4,0,0,0,0,11.50,14.73
2022-05-20 10:24:19,0.57,238,239,10,4,0,0,0,0,4.00,2.92
2022-05-20 10:24:22,1.80,161,236,10,4,0,0,0,0,11.50,16.07
2022-05-20 10:25:31,1.20,141,161,10,4,0,0,0,0,9.50,13.62
2022-05-20 10:27:23,8.83,132,39,10,4,1,0,0,0,26.50,22.40
2022-05-20 10:28:07,0.90,237,236,10,4,0,0,0,0,7.00,8.10
2022-05-20 10:28:36,2.42,48,236,10,4,0,0,0,0,18.50,27.65
2022-05-20 10:29:04,3.02,43,100,10,4,0,0,0,0,15.00,20.82
2022-05-20 10:34:37,1.83,249,79,10,4,0,0,0,0,11.00,15.13
2022-05-20 10:34:49,7.10,229,223,10,4,0,0,0,0,21.50,16.40
2022-05-20 10:36:40,1.09,162,186,10,4,0,0,0,0,9.00,12.12
2022-05-20 10:37:33,2.51,142,90,10,4,0,0,0,0,13.50,18.53
2022-05-20 10:37:45,0.96,162,164,10,4,0,0,0,0,6.00,6.17
2022-05-20 10:38:28,1.74,234,161,10,4,0,0,0,0,9.00,11.30
2022-05-20 10:38:38,15.90,132,201,10,4,1,0,0,0,43.00,28.02
2022-05-20 10:38:52,3.76,239,249,10,4,0,0,0,0,23.29,22.98
2022-05-20 10:41:19,6.50,233,17,10,4,0,0,0,0,22.00,22.17
2022-05-20 10:41:46,3.97,100,13,10,4,0,0,0,0,16.00,17.72
2022-05-20 10:42:31,0.90,236,263,10,4,0,0,0,0,5.50,6.32
2022-05-20 10:48:44,4.21,88,107,10,4,0,0,0,0,15.00,13.48
2022-05-20 10:50:16,1.90,75,239,10,4,0,0,0,0,9.50,11.17
2022-05-20 10:52:42,0.72,50,163,10,4,0,0,0,0,5.00,3.85
2022-05-20 10:54:02,1.15,162,164,10,4,0,0,0,0,8.50,11.05
2022-05-20 10:55:50,0.70,186,100,10,4,0,0,0,0,6.00,7.37
2022-05-20 10:58:59,17.54,132,161,10,4,1,0,0,0,52.00,63.13
2022-05-20 11:02:17,1.10,48,162,11,4,0,0,0,0,9.50,13.08
2022-05-20 11:07:37,2.10,140,75,11,4,0,0,0,0,10.50,12.67
2022-05-20 11:07:47,1.82,161,90,11,4,0,0,0,0,10.50,13.93
2022-05-20 11:11:18,3.06,114,163,11,4,0,0,0,0,14.00,18.08
2022-05-20 11:12:30,0.50,141,229,11,4,0,0,0,0,4.00,3.47
2022-05-20 11:13:14,0.62,237,161,11,4,0,0,0,0,5.00,4.30
2022-05-20 11:17:04,2.24,262,140,11,4,0,0,0,0,11.50,14.47
2022-05-20 11:21:12,1.08,161,164,11,4,0,0,0,0,7.00,7.93
2022-05-20 11:21:30,1.20,236,75,11,4,0,0,0,0,7.00,7.32
2022-05-20 11:21:57,2.10,161,246,11,4,0,0,0,0,10.50,12.98
2022-05-20 11:23:21,2.24,236,74,11,4,0,0,0,0,12.00,16.45
2022-05-20 11:24:08,1.83,142,246,11,4,0,0,0,0,9.00,10.37
2022-05-20 11:25:00,4.30,152,236,11,4,0,0,0,0,17.00,21.00
2022-05-20 11:34:47,0.87,237,140,11,4,0,0,0,0,6.00,6.65
2022-05-20 11:34:54,1.46,137,113,11,4,0,0,0,0,10.00,13.93
2022-05-20 11:34:54,0.75,161,170,11,4,0,0,0,0,5.00,4.75
2022-05-20 11:34:58,1.43,164,113,11,4,0,0,0,0,11.00,16.03
2022-05-20 11:35:49,0.80,143,143,11,4,0,0,0,0,6.50,7.88
2022-05-20 11:36:01,4.30,246,88,11,4,0,0,0,0,17.50,21.08
2022-05-20 11:38:26,1.10,233,163,11,4,0,0,0,0,7.50,9.28
2022-05-20 11:40:13,0.85,148,79,11,4,0,0,0,0,7.00,8.42
2022-05-20 11:40:30,0.60,161,170,11,4,0,0,0,0,5.00,5.48
2022-05-20 11:51:03,10.22,239,138,11,4,1,0,0,0,35.00,40.87
2022-05-20 11:51:06,2.18,263,239,11,4,0,0,0,0,13.00,17.08
2022-05-20 11:51:45,3.20,246,148,11,4,0,0,0,0,20.50,33.33
2022-05-20 11:55:09,18.45,68,138,11,4,1,0,0,0,53.50,45.38
2022-05-20 11:57:23,3.80,238,230,11,4,0,0,0,0,15.50,15.92
2022-05-20 11:59:03,6.88,138,145,11,4,1,0,0,0,21.00,16.50
2022-05-20 11:59:49,1.07,229,140,11,4,0,0,0,0,8.50,11.23
2022-05-20 12:01:46,3.88,237,249,12,4,0,0,0,0,19.00,29.05
2022-05-20 12:06:10,0.60,229,161,12,4,0,0,0,0,7.00,8.78
2022-05-20 12:14:52,2.95,90,237,12,4,0,0,0,0,17.50,26.37
2022-05-20 12:18:31,0.52,239,151,12,4,0,0,0,0,4.00,3.27
2022-05-20 12:22:38,3.50,239,107,12,4,0,0,0,0,21.00,33.88
2022-05-20 12:24:33,3.50,262,186,12,4,0,0,0,0,19.50,29.93
2022-05-20 12:31:04,2.00,246,142,12,4,0,0,0,0,10.00,11.35
2022-05-20 12:34:22,3.15,114,50,12,4,0,0,0,0,19.50,30.95
2022-05-20 12:35:15,12.10,161,138,12,4,1,0,0,0,37.00,32.13
2022-05-20 12:36:38,12.20,132,138,12,4,1,0,0,0,38.00,35.22
2022-05-20 12:38:37,2.02,163,68,12,4,0,0,0,0,11.50,16.50
2022-05-20 12:39:04,16.65,100,132,12,4,1,0,0,0,52.00,59.27
2022-05-20 12:42:01,0.50,162,162,12,4,0,0,0,0,4.50,4.05
2022-05-20 12:49:28,0.99,236,141,12,4,0,0,0,0,6.00,6.55
2022-05-20 12:50:12,19.20,132,148,12,4,1,0,0,0,52.00,60.00
2022-05-20 12:50:14,1.45,144,107,12,4,0,0,0,0,8.50,9.75
2022-05-20 12:50:38,3.40,209,114,12,4,0,0,0,0,13.50,14.03
2022-05-20 12:51:38,2.30,90,229,12,4,0,0,0,0,14.00,21.22
2022-05-20 12:54:10,0.57,158,246,12,4,0,0,0,0,5.00,5.12
2022-05-20 12:57:13,0.85,90,100,12,4,0,0,0,0,8.50,12.45
2022-05-20 13:02:50,1.35,170,141,13,4,0,0,0,0,7.00,7.85
2022-05-20 13:03:00,0.60,163,237,13,4,0,0,0,0,5.50,8.52
2022-05-20 13:04:42,1.31,164,113,13,4,0,0,0,0,7.00,7.30
2022-05-20 13:06:56,11.15,142,138,13,4,1,0,0,0,38.00,43.15
2022-05-20 13:10:35,0.50,263,262,13,4,0,0,0,0,5.00,4.82
2022-05-20 13:13:15,6.84,239,127,13,4,0,0,0,0,32.50,47.62
2022-05-20 13:16:10,7.01,33,233,13,4,0,0,0,0,24.00,24.73
2022-05-20 13:16:33,21.18,132,243,13,4,1,0,0,0,52.00,67.22
2022-05-20 13:25:02,23.34,132,48,13,4,1,0,0,0,52.00,92.32
2022-05-20 13:26:50,4.00,107,142,13,4,0,0,0,0,24.00,37.52
2022-05-20 13:27:48,19.50,142,132,13,4,1,0,0,0,52.00,71.77
2022-05-20 13:28:42,1.70,100,162,13,4,0,0,0,0,11.50,16.43
2022-05-20 13:30:53,1.40,162,237,13,4,0,0,0,0,10.50,13.88
2022-05-20 13:31:21,18.80,132,151,13,4,1,0,0,0,52.00,73.28
2022-05-20 13:34:41,1.56,236,237,13,4,0,0,0,0,9.00,10.33
2022-05-20 13:35:08,3.32,90,237,13,4,0,0,0,0,16.00,21.95
2022-05-20 13:41:23,0.93,246,234,13,4,0,0,0,0,7.00,8.77
2022-05-20 13:42:00,0.71,238,237,13,4,0,0,0,0,11.84,14.00
2022-05-20 13:43:12,4.27,87,246,13,4,0,0,0,0,20.00,28.38
2022-05-20 13:44:26,2.72,263,143,13,4,0,0,0,0,14.50,20.35
2022-05-20 13:44:52,3.40,230,211,13,4,0,0,0,0,20.50,34.32
2022-05-20 13:47:24,1.17,114,107,13,4,0,0,0,0,6.50,7.28
2022-05-20 13:53:17,0.91,237,43,13,4,0,0,0,0,7.00,8.70
2022-05-20 13:55:55,14.90,229,132,13,4,1,0,0,0,52.00,63.20
2022-05-20 14:01:37,1.70,43,161,14,4,0,0,0,0,11.00,15.43
2022-05-20 14:01:57,5.50,170,166,14,4,0,0,0,0,26.50,40.17
2022-05-20 14:02:12,3.02,209,33,14,4,0,0,0,0,11.07,22.47
2022-05-20 14:02:34,1.50,236,237,14,4,0,0,0,0,11.00,14.92
2022-05-20 14:04:08,1.80,237,50,14,4,0,0,0,0,10.50,13.87
2022-05-20 14:04:41,1.21,186,107,14,4,0,0,0,0,12.00,17.87
2022-05-20 14:07:44,2.74,162,249,14,4,0,0,0,0,21.50,35.10
2022-05-20 14:09:31,1.48,263,75,14,4,0,0,0,0,8.00,9.30
2022-05-20 14:09:39,1.90,161,236,14,4,0,0,0,0,12.50,17.48
2022-05-20 14:14:24,4.71,140,79,14,4,0,0,0,0,16.00,14.25
2022-05-20 14:15:39,2.60,114,48,14,4,0,0,0,0,17.00,26.85
2022-05-20 14:15:40,0.76,231,144,14,4,0,0,0,0,9.00,13.18
2022-05-20 14:17:14,10.31,100,138,14,4,1,0,0,0,32.50,35.57
2022-05-20 14:20:16,0.56,162,163,14,4,0,0,0,0,4.00,2.85
2022-05-20 14:21:35,1.40,170,68,14,4,0,0,0,0,14.50,23.93
2022-05-20 14:21:42,1.01,237,236,14,4,0,0,0,0,6.00,6.73
2022-05-20 14:26:13,4.70,238,100,14,4,0,0,0,0,21.00,26.65
2022-05-20 14:28:03,10.70,138,161,14,4,1,0,0,0,33.50,36.32
2022-05-20 14:28:12,4.60,45,161,14,4,0,0,0,0,20.00,24.38
2022-05-20 14:29:11,2.51,238,152,14,4,0,0,0,0,10.50,11.47
2022-05-20 14:36:49,3.00,236,164,14,4,0,0,0,0,16.50,24.95
2022-05-20 14:36:54,1.00,234,164,14,4,0,0,0,0,10.00,16.43
2022-05-20 14:37:08,2.90,237,234,14,4,0,0,0,0,16.00,22.77
2022-05-20 14:40:05,1.89,43,48,14,4,0,0,0,0,10.00,11.65
2022-05-20 14:45:04,1.07,144,79,14,4,0,0,0,0,7.00,7.98
2022-05-20 14:53:09,1.43,236,151,14,4,0,0,0,0,9.50,11.80
2022-05-20 14:56:19,16.16,164,132,14,4,1,0,0,0,52.00,83.13
2022-05-20 15:00:11,9.36,138,100,15,4,1,0,0,0,33.50,40.67
2022-05-20 15:00:49,11.18,164,138,15,4,1,0,0,0,41.00,58.80
2022-05-20 15:03:44,1.48,229,142,15,4,0,0,0,0,10.00,13.80
2022-05-20 15:04:38,8.22,166,138,15,4,1,0,0,0,37.00,55.42
2022-05-20 15:05:40,1.50,143,238,15,4,0,0,0,0,8.00,8.67
2022-05-20 15:06:29,1.55,211,87,15,4,0,0,0,0,10.00,14.33
2022-05-20 15:06:43,0.89,68,48,15,4,0,0,0,0,6.50,6.90
2022-05-20 15:07:31,1.50,238,236,15,4,0,0,0,0,10.50,14.55
2022-05-20 15:07:35,2.50,231,68,15,4,0,0,0,0,21.50,39.03
2022-05-20 15:08:35,1.01,246,186,15,4,0,0,0,0,7.00,8.82
2022-05-20 15:10:55,0.66,237,236,15,4,0,0,0,0,5.00,4.65
2022-05-20 15:12:05,0.62,141,262,15,4,0,0,0,0,5.50,5.47
2022-05-20 15:12:17,2.30,229,234,15,4,0,0,0,0,13.00,18.20
2022-05-20 15:15:20,0.58,90,68,15,4,0,0,0,0,6.50,8.02
2022-05-20 15:15:36,4.11,170,238,15,4,0,0,0,0,22.00,33.92
2022-05-20 15:17:09,1.66,236,143,15,4,0,0,0,0,14.00,21.00
2022-05-20 15:18:10,1.90,143,237,15,4,0,0,0,0,10.00,13.25
2022-05-20 15:21:37,7.08,107,194,15,4,0,0,0,0,24.50,34.57
2022-05-20 15:24:51,3.70,140,42,15,4,0,0,0,0,22.00,33.62
2022-05-20 15:28:30,1.31,142,143,15,4,0,0,0,0,10.00,13.77
2022-05-20 15:29:03,6.25,163,45,15,4,0,0,0,0,25.50,33.37
2022-05-20 15:30:22,1.50,107,48,15,4,0,0,0,0,12.00,18.60
2022-05-20 15:31:44,6.43,13,229,15,4,0,0,0,0,20.50,19.42
2022-05-20 15:33:30,7.75,186,75,15,4,0,0,0,0,20.00,28.85
2022-05-20 15:35:51,0.20,237,236,15,4,0,0,0,0,4.00,3.83
2022-05-20 15:36:45,2.50,163,238,15,4,0,0,0,0,16.50,24.98
2022-05-20 15:39:36,1.79,162,263,15,4,0,0,0,0,11.50,17.15
2022-05-20 15:40:13,1.04,170,48,15,4,0,0,0,0,10.00,15.27
2022-05-20 15:41:22,0.90,237,162,15,4,0,0,0,0,9.00,12.50
2022-05-20 15:41:31,1.85,239,43,15,4,0,0,0,0,10.50,13.80
2022-05-20 15:47:56,1.60,262,229,15,4,0,0,0,0,9.50,12.87
2022-05-20 15:50:02,1.00,263,262,15,4,0,0,0,0,7.50,8.87
2022-05-20 15:51:59,3.39,170,231,15,4,0,0,0,0,20.00,32.13
2022-05-20 15:53:47,1.70,170,234,15,4,0,0,0,0,10.00,12.68
2022-05-20 16:02:19,3.53,230,79,16,4,0,0,1,0,18.00,26.53
2022-05-20 16:03:12,1.59,236,238,16,4,0,0,1,0,9.00,11.70
2022-05-20 16:03:41,0.50,143,142,16,4,0,0,1,0,4.50,5.18
2022-05-20 16:06:02,0.47,263,236,16,4,0,0,1,0,4.50,4.38
2022-05-20 16:06:25,0.54,237,237,16,4,0,0,1,0,5.00,5.13
2022-05-20 16:07:08,1.65,161,236,16,4,0,0,1,0,11.00,16.55
2022-05-20 16:07:54,3.27,229,158,16,4,0,0,1,0,14.50,21.07
2022-05-20 16:09:40,2.04,238,74,16,4,0,0,1,0,13.00,19.05
2022-05-20 16:12:07,4.20,125,142,16,4,0,0,1,0,20.00,29.03
2022-05-20 16:12:08,1.11,236,263,16,4,0,0,1,0,6.50,10.53
2022-05-20 16:19:43,1.25,246,234,16,4,0,0,1,0,8.50,11.57
2022-05-20 16:20:12,1.10,68,249,16,4,0,0,1,0,9.50,13.18
2022-05-20 16:20:41,3.28,140,100,16,4,0,0,1,0,22.00,35.32
2022-05-20 16:25:04,10.13,142,25,16,4,0,0,1,0,40.50,59.23
2022-05-20 16:26:40,0.82,163,142,16,4,0,0,1,0,5.00,4.03
2022-05-20 16:28:29,1.53,263,162,16,4,0,0,1,0,8.50,15.40
2022-05-20 16:29:18,2.00,141,162,16,4,0,0,1,0,13.50,20.70
2022-05-20 16:29:55,0.49,161,170,16,4,0,0,1,0,5.00,5.08
2022-05-20 16:33:38,1.10,170,237,16,4,0,0,1,0,7.00,7.43
2022-05-20 16:33:38,2.80,114,246,16,4,0,0,1,0,12.00,16.02
2022-05-20 16:36:40,5.02,231,164,16,4,0,0,1,0,23.50,30.73
2022-05-20 16:41:07,6.04,161,87,16,4,0,0,1,0,24.00,32.28
2022-05-20 16:42:20,1.48,234,246,16,4,0,0,1,0,9.50,12.48
2022-05-20 16:42:26,2.15,237,100,16,4,0,0,1,0,16.00,25.72
2022-05-20 16:42:54,0.60,237,237,16,4,0,0,1,0,6.50,8.62
2022-05-20 16:43:56,2.08,143,263,16,4,0,0,1,0,13.00,17.42
2022-05-20 16:49:38,2.00,162,262,16,4,0,0,1,0,12.00,16.52
2022-05-20 16:51:01,4.64,246,236,16,4,0,0,1,0,23.00,34.27
2022-05-20 16:51:06,0.54,237,237,16,4,0,0,1,0,3.50,1.48
2022-05-20 16:55:53,2.08,163,137,16,4,0,0,1,0,11.50,16.90
2022-05-20 16:57:02,1.92,262,151,16,4,0,0,1,0,11.39,13.95
2022-05-20 16:59:16,5.69,88,141,16,4,0,0,1,0,22.00,25.03
2022-05-20 17:00:31,0.40,249,249,17,4,0,0,1,0,4.00,2.80
2022-05-20 17:02:24,2.56,137,211,17,4,0,0,1,0,13.00,17.77
2022-05-20 17:02:58,3.88,234,25,17,4,0,0,1,0,29.00,49.30
2022-05-20 17:07:51,3.16,170,262,17,4,0,0,1,0,16.00,22.80
2022-05-20 17:07:59,0.30,48,50,17,4,0,0,1,0,4.50,4.23
2022-05-20 17:08:34,0.98,230,142,17,4,0,0,1,0,6.00,6.13
2022-05-20 17:11:02,2.42,79,233,17,4,0,0,1,0,12.00,16.33
2022-05-20 17:14:53,3.86,158,239,17,4,0,0,1,0,17.00,22.48
2022-05-20 17:18:02,0.86,163,142,17,4,0,0,1,0,5.50,5.13
2022-05-20 17:20:56,1.93,234,161,17,4,0,0,1,0,11.00,15.45
2022-05-20 17:22:02,0.34,239,142,17,4,0,0,1,0,4.00,3.20
2022-05-20 17:23:17,2.20,143,246,17,4,0,0,1,0,17.00,25.77
2022-05-20 17:26:31,1.71,113,113,17,4,0,0,1,0,19.00,33.45
2022-05-20 17:28:22,1.17,238,142,17,4,0,0,1,0,7.50,9.45
2022-05-20 17:29:46,0.66,238,239,17,4,0,0,1,0,6.00,6.85
2022-05-20 17:30:51,4.70,142,79,17,4,0,0,1,0,22.00,33.02
2022-05-20 17:35:50,0.75,230,230,17,4,0,0,1,0,5.50,5.75
2022-05-20 17:37:14,1.50,142,48,17,4,0,0,1,0,9.00,11.53
2022-05-20 17:37:55,1.04,164,68,17,4,0,0,1,0,7.50,9.23
2022-05-20 17:42:09,5.70,234,17,17,4,0,0,1,0,29.00,44.73
2022-05-20 17:42:19,1.89,236,141,17,4,0,0,1,0,12.00,18.13
2022-05-20 17:43:01,1.38,140,236,17,4,0,0,1,0,7.50,7.80
2022-05-20 17:44:00,0.78,142,163,17,4,0,0,1,0,7.00,8.45
2022-05-20 17:44:47,1.09,68,230,17,4,0,0,1,0,9.50,14.13
2022-05-20 17:46:00,2.98,142,234,17,4,0,0,1,0,15.50,22.02
2022-05-20 17:46:06,1.36,186,158,17,4,0,0,1,0,8.00,10.73
2022-05-20 17:51:51,4.73,140,144,17,4,0,0,1,0,26.00,37.35
2022-05-20 17:54:13,4.50,151,246,17,4,0,0,1,0,17.50,21.23
2022-05-20 17:55:14,6.80,87,263,17,4,0,0,1,0,23.50,27.28
2022-05-20 17:55:49,1.70,79,249,17,4,0,0,1,0,12.00,18.35
2022-05-20 17:55:59,1.23,162,186,17,4,0,0,1,0,9.50,13.70
2022-05-20 17:56:32,2.01,233,113,17,4,0,0,1,0,10.50,13.98
2022-05-20 18:01:29,0.52,48,230,18,4,0,0,1,0,5.50,6.18
2022-05-20 18:07:32,0.93,261,87,18,4,0,0,1,0,7.00,9.08
2022-05-20 18:10:10,0.47,48,48,18,4,0,0,1,0,3.50,2.25
2022-05-20 18:10:33,1.01,164,161,18,4,0,0,1,0,7.50,9.50
2022-05-20 18:10:56,3.46,163,79,18,4,0,0,1,0,20.50,33.12
2022-05-20 18:14:43,4.44,107,88,18,4,0,0,1,0,16.00,17.38
2022-05-20 18:15:45,0.60,237,236,18,4,0,0,1,0,5.50,5.83
2022-05-20 18:16:35,3.68,262,230,18,4,0,0,1,0,22.50,33.83
2022-05-20 18:18:04,3.10,236,143,18,4,0,0,1,0,16.00,22.20
2022-05-20 18:18:41,1.16,140,229,18,4,0,0,1,0,6.50,7.45
2022-05-20 18:18:42,2.29,158,48,18,4,0,0,1,0,13.50,19.95
2022-05-20 18:21:15,1.60,170,113,18,4,0,0,1,0,9.00,10.98
2022-05-20 18:23:13,1.23,142,237,18,4,0,0,1,0,9.00,12.18
2022-05-20 18:24:03,3.00,141,137,18,4,0,0,1,0,14.00,16.45
2022-05-20 18:24:47,0.61,211,144,18,4,0,0,1,0,7.00,8.57
2022-05-20 18:24:56,1.17,234,246,18,4,0,0,1,0,9.00,12.92
2022-05-20 18:29:10,8.60,138,236,18,4,1,0,1,0,30.00,36.70
2022-05-20 18:29:20,2.00,211,224,18,4,0,0,1,0,10.50,14.53
2022-05-20 18:30:13,0.20,107,234,18,4,0,0,1,0,3.00,1.68
2022-05-20 18:32:31,0.38,234,79,18,4,0,0,1,0,3.50,2.35
2022-05-20 18:33:13,2.41,230,90,18,4,0,0,1,0,14.50,21.73
2022-05-20 18:33:44,2.55,261,249,18,4,0,0,1,0,15.50,22.70
2022-05-20 18:36:30,4.85,236,144,18,4,0,0,1,0,25.50,39.87
2022-05-20 18:36:56,0.90,237,142,18,4,0,0,1,0,5.50,5.12
2022-05-20 18:43:02,2.50,74,151,18,4,0,0,1,0,11.50,15.28
2022-05-20 18:43:35,0.69,75,236,18,4,0,0,1,0,4.50,3.97
2022-05-20 18:49:35,4.10,148,112,18,4,0,0,1,0,21.50,30.67
2022-05-20 18:52:03,2.42,234,231,18,4,0,0,1,0,21.00,36.05
2022-05-20 18:55:11,1.90,239,236,18,4,0,0,1,0,11.50,15.87
2022-05-20 18:57:11,0.80,230,142,18,4,0,0,1,0,5.50,5.23
2022-05-20 18:57:48,3.30,140,151,18,4,0,0,1,0,14.50,18.27
2022-05-20 19:05:41,16.78,132,162,19,4,1,0,1,0,52.00,50.37
2022-05-20 19:10:15,2.12,231,246,19,4,0,0,1,0,10.00,10.07
2022-05-20 19:10:46,16.81,164,132,19,4,1,0,1,0,52.00,58.92
2022-05-20 19:12:18,1.03,230,50,19,4,0,0,1,0,6.00,5.63
2022-05-20 19:12:59,4.97,230,152,19,4,0,0,1,0,19.00,24.57
2022-05-20 19:14:17,1.70,237,230,19,4,0,0,1,0,10.50,13.73
2022-05-20 19:15:06,2.49,262,163,19,4,0,0,1,0,18.50,29.88
2022-05-20 19:17:43,0.44,170,170,19,4,0,0,1,0,4.00,2.97
2022-05-20 19:19:08,2.88,142,166,19,4,0,0,1,0,12.00,13.77
2022-05-20 19:33:17,1.82,263,229,19,4,0,0,1,0,10.50,14.12
2022-05-20 19:34:08,2.41,249,232,19,4,0,0,1,0,15.00,22.63
2022-05-20 19:35:13,3.07,142,236,19,4,0,0,1,0,13.00,14.73
2022-05-20 19:42:46,4.39,28,132,19,4,1,0,1,0,15.00,18.47
2022-05-20 19:45:24,1.04,239,142,19,4,0,0,1,0,6.50,6.65
2022-05-20 19:47:08,1.53,107,68,19,4,0,0,1,0,11.50,17.20
2022-05-20 19:52:04,4.21,249,239,19,4,0,0,1,0,19.50,26.92
2022-05-20 19:57:53,7.37,97,100,19,4,0,0,1,0,31.00,40.45
2022-05-20 19:58:17,1.45,43,143,19,4,0,0,1,0,7.00,6.28
2022-05-20 20:01:04,4.15,144,79,20,4,0,0,0,0,17.50,22.82
2022-05-20 20:05:46,6.68,70,229,20,4,0,0,0,0,24.00,28.85
2022-05-20 20:09:26,2.20,186,229,20,4,0,0,0,0,13.00,19.08
2022-05-20 20:15:14,10.40,138,17,20,4,1,0,0,0,31.00,28.92
2022-05-20 20:21:31,1.14,88,45,20,4,0,0,0,0,8.00,10.08
2022-05-20 20:26:10,2.00,170,114,20,4,0,0,0,0,11.00,14.15
2022-05-20 20:27:21,1.09,142,229,20,4,0,0,0,0,8.00,9.98
2022-05-20 20:31:22,19.87,132,151,20,4,1,0,0,0,52.00,43.53
2022-05-20 20:33:05,19.80,132,113,20,4,1,0,0,0,52.00,65.70
2022-05-20 20:33:14,2.20,141,162,20,4,0,0,0,0,11.00,13.88
2022-05-20 20:40:35,1.80,68,114,20,4,0,0,0,0,10.50,14.88
2022-05-20 20:43:24,3.20,229,238,20,4,0,0,0,0,13.50,16.30
2022-05-20 20:43:27,1.99,114,246,20,4,0,0,0,0,11.00,15.65
2022-05-20 20:44:12,3.69,87,79,20,4,0,0,0,0,12.72,14.33
2022-05-20 20:44:47,6.55,239,129,20,4,0,0,0,0,24.50,30.07
2022-05-20 20:46:18,17.80,132,186,20,4,1,0,0,0,52.00,49.57
2022-05-20 20:46:44,3.07,262,137,20,4,0,0,0,0,12.00,12.77
2022-05-20 20:46:52,1.01,237,142,20,4,0,0,0,0,6.00,5.70
2022-05-20 20:57:04,9.23,132,39,20,4,1,0,0,0,26.50,18.78
2022-05-20 20:59:58,1.50,107,114,20,4,0,0,0,0,8.50,11.45
2022-05-20 21:05:45,2.90,43,249,21,4,0,0,0,0,14.50,20.98
2022-05-20 21:07:59,16.60,132,170,21,4,1,0,0,0,52.00,32.72
2022-05-20 21:08:14,1.50,90,246,21,4,0,0,0,0,8.50,9.32
2022-05-20 21:11:32,3.29,151,50,21,4,0,0,0,0,11.00,7.92
2022-05-20 21:12:11,0.60,229,162,21,4,0,0,0,0,6.50,8.37
2022-05-20 21:15:45,0.77,48,142,21,4,0,0,0,0,4.50,2.75
2022-05-20 21:23:05,3.90,231,142,21,4,0,0,0,0,18.50,28.42
2022-05-20 21:27:06,4.63,140,129,21,4,0,0,0,0,19.00,23.83
2022-05-20 21:28:51,1.43,48,90,21,4,0,0,0,0,7.50,8.30
2022-05-20 21:30:15,1.10,113,144,21,4,0,0,0,0,6.00,5.25
2022-05-20 21:31:41,2.43,238,263,21,4,0,0,0,0,10.20,13.02
2022-05-20 21:33:00,2.08,79,186,21,4,0,0,0,0,13.50,20.85
2022-05-20 21:33:19,1.00,186,246,21,4,0,0,0,0,8.00,12.17
2022-05-20 21:33:26,2.82,239,229,21,4,0,0,0,0,12.50,15.02
2022-05-20 21:36:49,1.96,50,68,21,4,0,0,0,0,11.43,10.98
2022-05-20 21:37:11,0.96,141,162,21,4,0,0,0,0,6.00,5.67
2022-05-20 21:37:20,3.84,148,68,21,4,0,0,0,0,20.00,31.20
2022-05-20 21:38:49,3.10,233,75,21,4,0,0,0,0,11.50,9.52
2022-05-20 21:40:52,2.30,114,164,21,4,0,0,0,0,12.00,17.17
2022-05-20 21:41:11,1.77,246,161,21,4,0,0,0,0,9.50,12.37
2022-05-20 21:42:21,1.32,79,164,21,4,0,0,0,0,9.50,13.68
2022-05-20 21:45:51,1.35,142,239,21,4,0,0,0,0,7.00,6.55
2022-05-20 21:46:10,1.80,113,164,21,4,0,0,0,0,10.50,14.82
2022-05-20 21:48:43,4.80,90,262,21,4,0,0,0,0,21.50,28.65
2022-05-20 21:49:26,2.59,107,48,21,4,0,0,0,0,13.00,17.07
2022-05-20 21:50:10,4.23,263,79,21,4,0,0,0,0,15.50,16.08
2022-05-20 21:50:30,4.10,107,262,21,4,0,0,0,0,17.50,22.60
2022-05-20 21:51:32,1.18,137,229,21,4,0,0,0,0,6.50,6.38
2022-05-20 21:52:48,2.90,100,231,21,4,0,0,0,0,12.50,15.75
2022-05-20 21:54:38,16.20,132,188,21,4,1,0,0,0,46.50,36.50
2022-05-20 22:04:07,0.40,143,142,22,4,0,0,0,0,4.00,3.20
2022-05-20 22:05:05,4.20,132,10,22,4,1,0,0,0,13.50,8.87
2022-05-20 22:06:59,1.61,249,79,22,4,0,0,0,0,10.00,13.85
2022-05-20 22:08:35,2.00,234,246,22,4,0,0,0,0,11.50,15.43
2022-05-20 22:09:00,5.15,142,148,22,4,0,0,0,0,25.61,33.00
2022-05-20 22:12:32,1.91,229,186,22,4,0,0,0,0,10.00,12.97
2022-05-20 22:20:43,9.11,138,162,22,4,1,0,0,0,27.00,19.87
2022-05-20 22:21:07,0.46,162,233,22,4,0,0,0,0,4.50,3.52
2022-05-20 22:21:31,4.09,163,7,22,4,0,0,0,0,15.50,18.65
2022-05-20 22:21:57,1.61,163,162,22,4,0,0,0,0,8.50,9.58
2022-05-20 22:23:02,2.61,161,79,22,4,0,0,0,0,13.50,18.87
2022-05-20 22:23:27,1.60,48,137,22,4,0,0,0,0,8.50,10.80
2022-05-20 22:28:17,2.00,158,100,22,4,0,0,0,0,11.00,15.45
2022-05-20 22:28:55,5.40,141,148,22,4,0,0,0,0,19.00,18.52
2022-05-20 22:30:24,2.08,170,113,22,4,0,0,0,0,9.50,11.68
2022-05-20 22:31:56,1.22,141,262,22,4,0,0,0,0,6.00,5.80
2022-05-20 22:39:16,5.30,137,7,22,4,0,0,0,0,19.50,23.47
2022-05-20 22:41:01,9.76,100,138,22,4,1,0,0,0,39.13,21.47
2022-05-20 22:41:56,0.96,79,107,22,4,0,0,0,0,5.50,4.50
2022-05-20 22:42:01,14.80,68,39,22,4,0,0,0,0,52.50,58.97
2022-05-20 22:42:21,17.70,132,100,22,4,1,0,0,0,52.00,43.35
2022-05-20 22:42:46,4.70,231,237,22,4,0,0,0,0,19.50,26.05
2022-05-20 22:43:50,7.86,231,166,22,4,0,0,0,0,26.50,26.45
2022-05-20 22:46:45,8.65,132,86,22,4,1,0,0,0,26.50,21.52
2022-05-20 22:47:03,16.86,132,170,22,4,1,0,0,0,52.00,31.18
2022-05-20 22:49:00,0.90,163,48,22,4,0,0,0,0,9.50,13.60
2022-05-20 22:49:56,1.52,141,233,22,4,0,0,0,0,7.00,6.13
2022-05-20 22:51:22,1.36,249,186,22,4,0,0,0,0,6.50,6.75
2022-05-20 22:52:17,3.40,68,231,22,4,0,0,0,0,14.50,16.50
2022-05-20 22:52:18,1.60,50,162,22,4,0,0,0,0,9.50,13.47
2022-05-20 22:53:05,4.30,48,13,22,4,0,0,0,0,16.00,17.10
2022-05-20 22:54:07,8.60,231,141,22,4,0,0,0,0,25.50,19.42
2022-05-20 22:57:43,1.33,114,107,22,4,0,0,0,0,9.00,11.37
2022-05-20 22:59:29,4.48,79,263,22,4,0,0,0,0,17.50,22.33
2022-05-20 23:00:52,2.76,113,163,23,4,0,0,0,0,13.00,16.62
2022-05-20 23:03:35,1.30,62,189,23,4,0,0,0,0,6.50,6.32
2022-05-20 23:04:35,1.00,90,79,23,4,0,0,0,0,6.50,7.25
2022-05-20 23:13:06,13.35,132,155,23,4,1,0,0,0,37.00,23.17
2022-05-20 23:14:17,3.61,48,79,23,4,0,0,0,0,17.50,24.65
2022-05-20 23:17:30,5.65,231,236,23,4,0,0,0,0,22.50,29.78
2022-05-20 23:17:47,6.91,230,161,23,4,0,0,0,0,29.50,41.47
2022-05-20 23:18:18,19.40,132,262,23,4,1,0,0,0,52.00,31.87
2022-05-20 23:18:42,2.15,79,261,23,4,0,0,0,0,10.50,13.27
2022-05-20 23:19:41,1.99,107,148,23,4,0,0,0,0,11.00,16.15
2022-05-20 23:20:47,1.16,41,151,23,4,0,0,0,0,6.50,5.67
2022-05-20 23:21:44,7.20,116,158,23,4,0,0,0,0,23.00,19.55
2022-05-20 23:21:49,1.93,141,170,23,4,0,0,0,0,9.00,9.78
2022-05-20 23:22:05,10.20,230,138,23,4,1,0,0,0,33.50,33.63
2022-05-20 23:23:22,2.72,231,25,23,4,0,0,0,0,10.50,9.55
2022-05-20 23:23:52,0.90,236,141,23,4,0,0,0,0,6.00,6.10
2022-05-20 23:30:33,2.09,263,142,23,4,0,0,0,0,9.50,10.45
2022-05-20 23:30:33,1.78,79,164,23,4,0,0,0,0,9.00,11.03
2022-05-20 23:37:14,1.91,79,231,23,4,0,0,0,0,12.00,16.77
2022-05-20 23:38:02,0.90,230,142,23,4,0,0,0,0,5.00,4.25
2022-05-20 23:39:03,2.80,90,142,23,4,0,0,0,0,14.50,18.92
2022-05-20 23:40:48,6.23,170,33,23,4,0,0,0,0,23.50,25.35
2022-05-20 23:41:28,1.80,237,170,23,4,0,0,0,0,10.00,12.38
2022-05-20 23:41:51,4.59,90,43,23,4,0,0,0,0,19.00,22.55
2022-05-20 23:43:01,0.40,163,142,23,4,0,0,0,0,3.50,3.03
2022-05-20 23:47:54,4.73,65,224,23,4,0,0,0,0,15.00,10.13
2022-05-21 00:04:27,4.50,68,263,0,5,0,0,0,0,16.50,19.75
2022-05-21 00:04:44,5.50,79,181,0,5,0,0,0,0,22.00,27.77
2022-05-21 00:06:12,0.60,79,114,0,5,0,0,0,0,5.00,4.65
2022-05-21 00:13:16,1.90,233,234,0,5,0,0,0,0,9.00,9.82
2022-05-21 00:16:24,15.20,239,227,0,5,0,0,0,0,46.00,42.42
2022-05-21 00:17:28,2.69,237,137,0,5,0,0,0,0,12.50,15.28
2022-05-21 00:20:36,1.52,75,74,0,5,0,0,0,0,6.50,5.68
2022-05-21 00:20:58,1.37,100,170,0,5,0,0,0,0,13.00,20.48
2022-05-21 00:23:25,2.83,164,140,0,5,0,0,0,0,11.50,14.07
2022-05-21 00:25:16,3.10,144,255,0,5,0,0,0,0,15.00,18.00
2022-05-21 00:39:47,1.54,164,229,0,5,0,0,0,0,9.00,10.37
2022-05-21 00:41:40,2.13,140,239,0,5,0,0,0,0,8.50,7.68
2022-05-21 00:43:05,6.42,79,179,0,5,0,0,0,0,25.00,34.42
2022-05-21 00:43:08,1.82,230,246,0,5,0,0,0,0,9.00,10.20
2022-05-21 00:51:27,3.01,50,125,0,5,0,0,0,0,14.00,19.22
2022-05-21 00:51:58,2.30,170,141,0,5,0,0,0,0,10.00,10.67
2022-05-21 00:53:15,2.20,186,79,0,5,0,0,0,0,11.00,13.98
2022-05-21 00:55:19,3.73,164,87,0,5,0,0,0,0,14.50,18.23
2022-05-21 00:56:55,5.60,125,75,0,5,0,0,0,0,17.50,17.62
2022-05-21 00:58:16,14.14,143,89,0,5,0,0,0,0,38.41,31.13
2022-05-21 00:58:44,1.50,114,231,0,5,0,0,0,0,8.50,9.68
2022-05-21 01:00:07,23.09,138,210,1,5,1,0,0,0,63.00,35.67
2022-05-21 01:06:39,1.71,79,68,1,5,0,0,0,0,9.00,10.27
2022-05-21 01:07:52,9.59,68,129,1,5,0,0,0,0,35.00,39.42
2022-05-21 01:09:08,3.76,249,141,1,5,0,0,0,0,14.00,16.32
2022-05-21 01:09:31,1.70,237,170,1,5,0,0,0,0,7.00,5.85
2022-05-21 01:09:38,2.33,239,140,1,5,0,0,0,0,10.50,11.58
2022-05-21 01:10:26,11.37,255,42,1,5,0,0,0,0,41.54,38.15
2022-05-21 01:10:43,3.42,79,209,1,5,0,0,0,0,12.00,10.65
2022-05-21 01:12:35,3.50,48,263,1,5,0,0,0,0,14.50,16.77
2022-05-21 01:12:38,1.17,230,234,1,5,0,0,0,0,6.50,6.80
2022-05-21 01:13:23,1.10,162,141,1,5,0,0,0,0,6.50,7.78
2022-05-21 01:13:38,4.32,113,236,1,5,0,0,0,0,14.00,13.35
2022-05-21 01:14:06,22.53,132,239,1,5,1,0,0,0,52.00,41.93
2022-05-21 01:14:57,1.75,234,163,1,5,0,0,0,0,8.50,9.30
2022-05-21 01:28:58,3.02,230,238,1,5,0,0,0,0,11.50,11.48
2022-05-21 01:36:59,4.09,90,263,1,5,0,0,0,0,14.50,15.80
2022-05-21 01:37:40,1.80,68,48,1,5,0,0,0,0,7.50,6.78
2022-05-21 01:55:54,0.41,151,24,1,5,0,0,0,0,3.50,1.47
2022-05-21 01:59:34,1.61,113,231,1,5,0,0,0,0,8.00,7.93
2022-05-21 02:08:20,1.21,48,68,2,5,0,0,0,0,6.00,5.38
2022-05-21 02:11:19,2.20,246,125,2,5,0,0,0,0,9.00,10.08
2022-05-21 02:21:00,3.67,263,107,2,5,0,0,0,0,11.50,9.00
2022-05-21 02:33:16,5.28,144,239,2,5,0,0,0,0,18.50,19.20
2022-05-21 02:36:45,7.10,231,166,2,5,0,0,0,0,24.50,22.52
2022-05-21 02:45:27,0.97,230,48,2,5,0,0,0,0,5.00,4.48
2022-05-21 02:51:00,5.61,249,263,2,5,0,0,0,0,22.88,27.00
2022-05-21 02:52:09,3.98,144,141,2,5,0,0,0,0,13.50,12.93
2022-05-21 02:53:41,4.21,158,87,2,5,0,0,0,0,15.98,26.40
2022-05-21 02:56:23,2.12,164,144,2,5,0,0,0,0,9.00,9.58
2022-05-21 03:08:31,4.78,249,189,3,5,0,0,0,0,17.50,18.55
2022-05-21 03:09:18,0.73,262,236,3,5,0,0,0,0,5.00,4.65
2022-05-21 03:24:31,0.90,79,144,3,5,0,0,0,0,6.00,6.15
2022-05-21 03:27:20,1.00,158,144,3,5,0,0,0,0,6.00,6.97
2022-05-21 03:32:58,11.58,79,95,3,5,0,0,0,0,34.50,25.13
2022-05-21 03:37:51,3.21,249,246,3,5,0,0,0,0,13.00,15.47
2022-05-21 03:57:24,1.80,162,263,3,5,0,0,0,0,7.00,5.25
2022-05-21 03:58:45,2.80,125,246,3,5,0,0,0,0,11.00,10.73
2022-05-21 04:00:22,5.35,230,42,4,5,0,0,0,0,17.00,16.73
2022-05-21 04:01:57,2.73,107,48,4,5,0,0,0,0,10.50,11.20
2022-05-21 04:05:21,1.90,79,209,4,5,0,0,0,0,9.00,8.78
2022-05-21 04:22:57,2.85,68,233,4,5,0,0,0,0,11.50,13.17
2022-05-21 04:51:27,2.15,162,186,4,5,0,0,0,0,9.00,9.25
2022-05-21 04:58:00,0.60,48,50,4,5,0,0,0,0,4.00,2.35
2022-05-21 05:02:23,8.00,233,181,5,5,0,0,0,0,25.00,20.45
2022-05-21 05:20:19,1.61,230,68,5,5,0,0,0,0,7.50,7.25
2022-05-21 05:37:12,1.80,68,162,5,5,0,0,0,0,7.00,6.60
2022-05-21 05:56:00,17.86,4,132,5,5,1,0,0,0,54.64,31.00
2022-05-21 06:13:40,14.40,234,1,6,5,1,0,0,0,60.50,30.72
2022-05-21 06:17:44,2.45,162,79,6,5,0,0,0,0,9.00,6.73
2022-05-21 06:36:47,13.90,132,16,6,5,1,0,0,0,37.50,18.87
2022-05-21 06:37:39,2.00,263,239,6,5,0,0,0,0,8.50,8.53
2022-05-21 06:38:38,11.73,132,17,6,5,1,0,0,0,34.50,28.78
2022-05-21 06:44:02,6.20,116,162,6,5,0,0,0,0,22.86,15.77
2022-05-21 06:56:02,10.20,186,138,6,5,1,0,0,0,29.50,20.73
2022-05-21 07:05:39,1.15,237,262,7,5,0,0,0,0,6.50,5.68
2022-05-21 07:06:53,0.73,90,164,7,5,0,0,0,0,5.00,4.42
2022-05-21 07:24:23,1.07,141,140,7,5,0,0,0,0,5.00,2.55
2022-05-21 07:31:11,0.53,75,41,7,5,0,0,0,0,4.50,4.18
2022-05-21 07:43:36,0.69,163,142,7,5,0,0,0,0,5.00,4.30
2022-05-21 07:47:35,2.60,233,246,7,5,0,0,0,0,11.50,13.48
2022-05-21 07:52:22,1.20,75,236,7,5,0,0,0,0,5.50,3.95
2022-05-21 07:52:34,2.56,229,79,7,5,0,0,0,0,9.50,9.08
2022-05-21 08:01:28,0.97,237,236,8,5,0,0,0,0,6.00,5.35
2022-05-21 08:07:07,1.75,234,233,8,5,0,0,0,0,9.00,10.90
2022-05-21 08:13:13,0.95,68,249,8,5,0,0,0,0,5.00,3.75
2022-05-21 08:15:40,19.01,211,132,8,5,1,0,0,0,52.00,30.87
2022-05-21 08:18:09,2.40,113,163,8,5,0,0,0,0,9.50,8.58
2022-05-21 08:20:34,3.20,233,246,8,5,0,0,0,0,15.00,18.93
2022-05-21 08:20:48,1.25,87,45,8,5,0,0,0,0,6.00,4.80
2022-05-21 08:21:38,2.03,161,43,8,5,0,0,0,0,8.50,7.95
2022-05-21 08:25:00,19.84,132,239,8,5,1,0,0,0,52.00,48.85
2022-05-21 08:29:24,1.96,229,236,8,5,0,0,0,0,8.00,6.92
2022-05-21 08:29:40,18.11,132,230,8,5,1,0,0,0,52.00,34.48
2022-05-21 08:50:26,0.40,143,142,8,5,0,0,0,0,3.50,5.30
2022-05-21 08:55:07,0.83,141,263,8,5,0,0,0,0,5.00,3.33
2022-05-21 09:01:55,6.52,230,129,9,5,0,0,0,0,24.00,26.97
2022-05-21 09:09:01,2.53,90,229,9,5,0,0,0,0,12.00,15.18
2022-05-21 09:09:41,2.04,41,239,9,5,0,0,0,0,9.50,10.98
2022-05-21 09:09:50,2.88,238,116,9,5,0,0,0,0,12.00,11.67
2022-05-21 09:14:47,1.53,164,237,9,5,0,0,0,0,7.50,7.58
2022-05-21 09:18:25,1.49,75,237,9,5,0,0,0,0,7.00,6.72
2022-05-21 09:20:36,8.80,262,138,9,5,1,0,0,0,26.00,15.47
2022-05-21 09:24:15,1.50,236,75,9,5,0,0,0,0,8.50,9.88
2022-05-21 09:26:44,4.46,68,263,9,5,0,0,0,0,15.00,15.48
2022-05-21 09:28:44,17.43,162,132,9,5,1,0,0,0,52.00,31.33
2022-05-21 09:30:14,2.74,170,148,9,5,0,0,0,0,11.00,11.50
2022-05-21 09:31:25,17.92,68,132,9,5,1,0,0,0,52.00,34.52
2022-05-21 09:32:50,4.74,163,166,9,5,0,0,0,0,16.50,15.65
2022-05-21 09:35:40,8.38,100,243,9,5,0,0,0,0,26.00,22.05
2022-05-21 09:38:07,1.36,140,236,9,5,0,0,0,0,6.00,4.42
2022-05-21 09:39:02,6.03,163,261,9,5,0,0,0,0,21.50,23.88
2022-05-21 09:39:39,1.41,164,107,9,5,0,0,0,0,7.00,6.75
2022-05-21 09:40:41,1.71,50,158,9,5,0,0,0,0,8.50,8.75
2022-05-21 09:40:46,1.60,229,224,9,5,0,0,0,0,8.00,9.85
2022-05-21 09:42:27,3.80,230,148,9,5,0,0,0,0,16.50,20.80
2022-05-21 09:47:24,2.00,142,68,9,5,0,0,0,0,8.50,8.15
2022-05-21 09:47:44,1.08,151,239,9,5,0,0,0,0,6.00,5.32
2022-05-21 09:47:48,1.20,163,186,9,5,0,0,0,0,7.00,7.95
2022-05-21 09:48:23,2.06,237,186,9,5,0,0,0,0,10.00,11.63
2022-05-21 09:53:23,2.10,230,249,9,5,0,0,0,0,12.50,16.42
2022-05-21 09:55:23,1.00,170,100,9,5,0,0,0,0,7.50,9.72
2022-05-21 09:59:24,1.40,113,148,9,5,0,0,0,0,7.00,6.38
2022-05-21 09:59:36,2.25,166,74,9,5,0,0,0,0,12.00,16.52
2022-05-21 10:00:05,12.18,138,54,10,5,1,0,0,1,35.50,28.40
2022-05-21 10:00:09,1.40,229,186,10,5,0,0,0,1,7.50,10.87
2022-05-21 10:00:51,4.03,237,249,10,5,0,0,0,1,20.00,29.22
2022-05-21 10:04:19,4.64,13,232,10,5,0,0,0,1,15.50,11.83
2022-05-21 10:06:42,0.70,141,140,10,5,0,0,0,1,4.50,3.03
2022-05-21 10:07:41,2.49,263,162,10,5,0,0,0,1,11.50,14.82
2022-05-21 10:11:14,8.98,70,161,10,5,0,0,0,1,30.00,31.05
2022-05-21 10:15:44,1.68,151,236,10,5,0,0,0,1,8.50,8.32
2022-05-21 10:22:36,0.74,263,236,10,5,0,0,0,1,4.50,3.93
2022-05-21 10:26:12,1.21,234,170,10,5,0,0,0,1,6.50,6.37
2022-05-21 10:27:04,1.25,234,107,10,5,0,0,0,1,7.50,10.58
2022-05-21 10:27:27,10.80,75,37,10,5,0,0,0,1,37.50,41.85
2022-05-21 10:29:42,2.27,263,74,10,5,0,0,0,1,9.00,8.37
2022-05-21 10:29:45,3.49,161,231,10,5,0,0,0,1,14.00,17.73
2022-05-21 10:33:07,1.18,236,43,10,5,0,0,0,1,5.50,4.17
2022-05-21 10:33:57,1.84,68,90,10,5,0,0,0,1,10.00,13.58
2022-05-21 10:38:02,1.60,236,140,10,5,0,0,0,1,8.00,7.78
2022-05-21 10:38:33,17.52,161,1,10,5,1,0,0,1,70.00,39.43
2022-05-21 10:38:40,2.94,100,144,10,5,0,0,0,1,12.50,15.42
2022-05-21 10:42:33,3.00,79,13,10,5,0,0,0,1,13.50,16.28
2022-05-21 10:48:12,0.70,148,79,10,5,0,0,0,1,5.00,4.80
2022-05-21 10:50:23,1.94,246,43,10,5,0,0,0,1,8.50,8.45
2022-05-21 10:50:46,4.60,113,238,10,5,0,0,0,1,18.50,20.92
2022-05-21 11:00:31,1.54,263,239,11,5,0,0,0,1,7.50,8.10
2022-05-21 11:00:44,12.13,138,177,11,5,1,0,0,1,36.50,30.37
2022-05-21 11:03:42,1.82,236,238,11,5,0,0,0,1,9.00,10.40
2022-05-21 11:06:00,2.08,79,231,11,5,0,0,0,1,18.28,16.97
2022-05-21 11:08:24,4.03,4,100,11,5,0,0,0,1,21.74,20.05
2022-05-21 11:09:49,1.82,151,41,11,5,0,0,0,1,10.00,11.82
2022-05-21 11:11:31,4.09,132,132,11,5,1,0,0,1,13.00,10.82
2022-05-21 11:14:35,2.50,100,237,11,5,0,0,0,1,12.00,15.20
2022-05-21 11:16:02,0.87,114,107,11,5,0,0,0,1,5.00,2.92
2022-05-21 11:16:13,1.20,237,263,11,5,0,0,0,1,5.50,3.50
2022-05-21 11:16:49,1.30,100,246,11,5,0,0,0,1,6.50,6.90
2022-05-21 11:24:09,0.90,140,236,11,5,0,0,0,1,5.50,4.95
2022-05-21 11:27:00,2.07,113,233,11,5,0,0,0,1,10.50,13.15
2022-05-21 11:28:14,3.74,239,137,11,5,0,0,0,1,16.00,20.62
2022-05-21 11:28:50,0.66,166,24,11,5,0,0,0,1,4.50,3.93
2022-05-21 11:29:11,5.03,236,246,11,5,0,0,0,1,20.00,24.40
2022-05-21 11:29:43,2.20,236,163,11,5,0,0,0,1,11.50,13.97
2022-05-21 11:29:55,2.16,43,170,11,5,0,0,0,1,10.50,12.92
2022-05-21 11:30:08,2.68,224,141,11,5,0,0,0,1,10.00,9.85
2022-05-21 11:31:46,0.80,186,230,11,5,0,0,0,1,8.00,11.50
2022-05-21 11:32:31,1.30,161,48,11,5,0,0,0,1,7.00,7.45
2022-05-21 11:38:09,4.84,148,141,11,5,0,0,0,1,20.00,26.95
2022-05-21 11:38:17,3.10,161,148,11,5,0,0,0,1,13.50,17.15
2022-05-21 11:38:21,1.98,50,68,11,5,0,0,0,1,8.50,11.38
2022-05-21 11:39:59,1.45,141,162,11,5,0,0,0,1,7.00,6.58
2022-05-21 11:45:06,4.70,48,45,11,5,0,0,0,1,22.00,29.87
2022-05-21 11:46:44,0.80,79,114,11,5,0,0,0,1,8.00,11.47
2022-05-21 11:53:45,0.83,68,186,11,5,0,0,0,1,6.50,7.83
2022-05-21 11:58:09,1.62,163,170,11,5,0,0,0,1,10.00,13.97
2022-05-21 12:01:03,0.60,142,142,12,5,0,0,0,1,4.00,2.80
2022-05-21 12:01:05,2.60,48,114,12,5,0,0,0,1,12.50,16.53
2022-05-21 12:02:04,3.93,90,13,12,5,0,0,0,1,16.50,19.38
2022-05-21 12:13:22,3.30,246,211,12,5,0,0,0,1,16.00,20.58
2022-05-21 12:17:54,14.53,228,138,12,5,1,0,0,1,55.26,51.07
2022-05-21 12:24:54,0.51,68,186,12,5,0,0,0,1,4.00,2.50
2022-05-21 12:28:36,3.20,233,143,12,5,0,0,0,1,17.00,24.12
2022-05-21 12:28:55,1.97,162,236,12,5,0,0,0,1,7.50,5.58
2022-05-21 12:34:15,2.20,79,164,12,5,0,0,0,1,14.00,21.07
2022-05-21 12:36:09,1.90,48,249,12,5,0,0,0,1,10.00,12.80
2022-05-21 12:43:16,0.78,164,186,12,5,0,0,0,1,6.50,8.03
2022-05-21 12:43:44,1.73,262,141,12,5,0,0,0,1,10.00,11.65
2022-05-21 12:44:18,1.63,100,249,12,5,0,0,0,1,8.00,9.22
2022-05-21 12:47:20,0.77,236,238,12,5,0,0,0,1,5.00,3.25
2022-05-21 12:49:44,7.44,166,138,12,5,1,0,0,1,24.00,21.72
2022-05-21 12:50:28,1.24,186,48,12,5,0,0,0,1,20.00,35.05
2022-05-21 12:51:29,4.10,237,231,12,5,0,0,0,1,22.00,34.38
2022-05-21 12:53:19,0.87,143,163,12,5,0,0,0,1,6.50,6.77
2022-05-21 12:53:26,0.82,50,246,12,5,0,0,0,1,4.50,2.78
2022-05-21 12:59:01,1.17,162,68,12,5,0,0,0,1,8.00,9.25
2022-05-21 13:12:25,0.90,236,237,13,5,0,0,0,1,6.00,5.23
2022-05-21 13:13:07,1.93,164,113,13,5,0,0,0,1,12.00,17.43
2022-05-21 13:15:10,0.70,263,237,13,5,0,0,0,1,5.50,5.12
2022-05-21 13:21:33,3.10,48,79,13,5,0,0,0,1,16.50,24.88
2022-05-21 13:24:43,3.30,114,66,13,5,0,0,0,1,13.50,16.42
2022-05-21 13:26:06,1.18,239,143,13,5,0,0,0,1,5.50,4.98
2022-05-21 13:27:54,2.96,249,170,13,5,0,0,0,1,14.00,18.60
2022-05-21 13:31:23,3.17,211,161,13,5,0,0,0,1,17.00,25.48
2022-05-21 13:31:24,1.48,87,148,13,5,0,0,0,1,8.50,9.85
2022-05-21 13:31:24,0.83,75,236,13,5,0,0,0,1,5.00,3.55
2022-05-21 13:37:01,2.00,114,68,13,5,0,0,0,1,9.00,9.35
2022-05-21 13:37:36,2.30,237,100,13,5,0,0,0,1,16.50,26.32
2022-05-21 13:39:58,5.84,88,48,13,5,0,0,0,1,24.00,32.00
2022-05-21 13:44:11,3.87,238,234,13,5,0,0,0,1,19.00,26.25
2022-05-21 13:44:29,1.60,113,4,13,5,0,0,0,1,12.00,19.87
2022-05-21 13:45:43,2.00,43,142,13,5,0,0,0,1,10.00,11.62
2022-05-21 13:46:00,2.33,148,170,13,5,0,0,0,1,14.00,19.55
2022-05-21 13:47:28,5.98,263,246,13,5,0,0,0,1,23.50,28.42
2022-05-21 13:49:53,12.17,100,138,13,5,1,0,0,1,37.00,35.13
2022-05-21 13:51:49,2.30,143,68,13,5,0,0,0,1,11.50,17.55
2022-05-21 13:52:10,12.58,163,72,13,5,0,0,0,1,49.50,65.38
2022-05-21 13:55:39,1.80,237,48,13,5,0,0,0,1,13.50,20.72
2022-05-21 14:00:29,2.50,158,261,14,5,0,0,0,1,12.00,14.80
2022-05-21 14:04:27,5.60,75,244,14,5,0,0,0,1,23.50,31.55
2022-05-21 14:12:10,6.52,87,140,14,5,0,0,0,1,26.24,19.55
2022-05-21 14:12:12,1.10,237,262,14,5,0,0,0,1,7.00,8.27
2022-05-21 14:13:24,2.62,141,107,14,5,0,0,0,1,10.50,11.78
2022-05-21 14:21:51,1.70,237,239,14,5,0,0,0,1,9.00,10.18
2022-05-21 14:22:44,0.37,158,249,14,5,0,0,0,1,4.00,3.77
2022-05-21 14:31:57,1.38,231,144,14,5,0,0,0,1,8.50,10.73
2022-05-21 14:44:33,17.03,229,132,14,5,1,0,0,1,52.00,61.08
2022-05-21 14:47:10,1.00,152,116,14,5,0,0,0,1,7.50,8.48
2022-05-21 14:51:44,3.02,137,43,14,5,0,0,0,1,13.00,15.15
2022-05-21 14:52:56,1.66,246,90,14,5,0,0,0,1,9.50,11.82
2022-05-21 14:58:11,9.60,138,239,14,5,1,0,0,1,32.00,38.62
2022-05-21 15:03:08,0.77,239,238,15,5,0,0,0,1,5.50,4.72
2022-05-21 15:05:56,3.20,236,100,15,5,0,0,0,1,16.00,22.03
2022-05-21 15:07:50,0.80,151,238,15,5,0,0,0,1,6.50,7.43
2022-05-21 15:09:11,2.03,140,163,15,5,0,0,0,1,11.00,15.23
2022-05-21 15:09:52,1.50,90,170,15,5,0,0,0,1,8.50,11.53
2022-05-21 15:11:30,2.30,263,163,15,5,0,0,0,1,13.00,17.20
2022-05-21 15:13:50,16.54,48,1,15,5,1,0,0,1,66.50,45.53
2022-05-21 15:15:04,2.40,163,233,15,5,0,0,0,1,11.00,13.50
2022-05-21 15:16:11,21.50,132,231,15,5,1,0,0,1,52.00,82.55
2022-05-21 15:18:03,0.50,48,48,15,5,0,0,0,1,5.00,4.50
2022-05-21 15:18:19,1.40,161,236,15,5,0,0,0,1,7.00,7.37
2022-05-21 15:20:45,2.31,142,246,15,5,0,0,0,1,11.50,14.83
2022-05-21 15:21:37,1.41,48,234,15,5,0,0,0,1,10.50,14.82
2022-05-21 15:26:47,2.03,238,237,15,5,0,0,0,1,9.00,9.25
2022-05-21 15:29:42,3.78,209,186,15,5,0,0,0,1,19.00,27.32
2022-05-21 15:31:48,1.30,142,236,15,5,0,0,0,1,7.00,6.00
2022-05-21 15:35:23,10.48,138,143,15,5,1,0,0,1,33.50,37.27
2022-05-21 15:35:28,1.09,137,229,15,5,0,0,0,1,5.50,4.30
2022-05-21 15:35:42,0.80,68,164,15,5,0,0,0,1,6.00,7.60
2022-05-21 15:36:01,4.85,261,163,15,5,0,0,0,1,24.00,35.97
2022-05-21 15:41:13,0.42,238,238,15,5,0,0,0,1,8.72,3.23
2022-05-21 15:45:49,1.31,230,186,15,5,0,0,0,1,10.00,15.08
2022-05-21 15:47:47,1.00,238,239,15,5,0,0,0,1,5.50,3.95
2022-05-21 15:48:53,3.11,142,107,15,5,0,0,0,1,15.00,20.93
2022-05-21 15:54:20,1.12,236,75,15,5,0,0,0,1,6.00,6.18
2022-05-21 15:54:52,0.80,68,246,15,5,0,0,0,1,6.00,6.52
2022-05-21 15:55:43,1.55,163,239,15,5,0,0,0,1,8.50,9.10
2022-05-21 16:11:27,1.88,263,161,16,5,0,0,0,1,9.00,10.33
2022-05-21 16:12:12,1.94,236,229,16,5,0,0,0,1,9.00,10.82
2022-05-21 16:20:14,1.76,50,234,16,5,0,0,0,1,16.50,27.03
2022-05-21 16:21:13,0.80,230,163,16,5,0,0,0,1,6.00,6.70
2022-05-21 16:25:35,17.30,132,161,16,5,1,0,0,1,52.00,63.43
2022-05-21 16:28:34,1.02,234,114,16,5,0,0,0,1,11.00,16.55
2022-05-21 16:31:48,2.30,262,74,16,5,0,0,0,1,10.50,12.53
2022-05-21 16:32:57,3.40,229,239,16,5,0,0,0,1,14.50,18.50
2022-05-21 16:33:18,0.67,262,262,16,5,0,0,0,1,4.50,3.43
2022-05-21 16:37:20,4.22,226,164,16,5,0,0,0,1,26.50,43.63
2022-05-21 16:38:26,1.34,238,166,16,5,0,0,0,1,7.00,7.08
2022-05-21 16:40:38,1.60,170,113,16,5,0,0,0,1,9.50,11.77
2022-05-21 16:40:57,1.36,142,237,16,5,0,0,0,1,9.00,11.32
2022-05-21 16:45:24,12.40,50,138,16,5,1,0,0,1,40.00,47.93
2022-05-21 16:46:00,1.56,68,107,16,5,0,0,0,1,15.39,16.00
2022-05-21 16:47:41,0.82,107,170,16,5,0,0,0,1,6.00,6.02
2022-05-21 16:53:10,14.17,132,76,16,5,1,0,0,1,50.50,60.57
2022-05-21 16:53:35,4.40,13,4,16,5,0,0,0,1,16.00,14.65
2022-05-21 16:54:55,1.00,43,161,16,5,0,0,0,1,6.00,5.32
2022-05-21 16:57:09,1.88,43,186,16,5,0,0,0,1,12.50,17.78
2022-05-21 16:57:36,0.71,148,232,16,5,0,0,0,1,5.50,5.32
2022-05-21 16:57:53,1.41,246,161,16,5,0,0,0,1,9.00,11.88
2022-05-21 16:58:15,4.38,90,238,16,5,0,0,0,1,22.00,31.65
2022-05-21 16:59:36,4.50,249,87,16,5,0,0,0,1,22.00,30.12
2022-05-21 17:00:09,0.44,125,211,17,5,0,0,0,1,4.00,3.05
2022-05-21 17:01:00,1.01,231,209,17,5,0,0,0,1,7.00,7.78
2022-05-21 17:04:00,0.80,161,161,17,5,0,0,0,1,5.50,4.37
2022-05-21 17:04:49,0.58,50,48,17,5,0,0,0,1,6.50,7.95
2022-05-21 17:07:23,6.30,230,87,17,5,0,0,0,1,26.50,35.98
2022-05-21 17:08:21,0.60,239,143,17,5,0,0,0,1,4.50,3.52
2022-05-21 17:08:59,1.09,75,236,17,5,0,0,0,1,6.00,5.48
2022-05-21 17:09:32,1.72,164,249,17,5,0,0,0,1,8.50,10.37
2022-05-21 17:09:52,0.92,166,238,17,5,0,0,0,1,6.00,5.72
2022-05-21 17:16:00,3.43,13,100,17,5,0,0,0,1,22.50,34.57
2022-05-21 17:16:38,1.02,161,48,17,5,0,0,0,1,9.50,13.58
2022-05-21 17:17:39,2.80,43,107,17,5,0,0,0,1,13.00,19.72
2022-05-21 17:20:09,4.18,237,231,17,5,0,0,0,1,19.50,28.65
2022-05-21 17:21:28,1.26,170,162,17,5,0,0,0,1,6.50,7.47
2022-05-21 17:22:45,1.10,263,229,17,5,0,0,0,1,6.00,5.73
2022-05-21 17:26:58,2.92,144,162,17,5,0,0,0,1,15.00,21.40
2022-05-21 17:28:07,0.65,161,163,17,5,0,0,0,1,5.50,6.62
2022-05-21 17:29:49,3.54,90,142,17,5,0,0,0,1,17.00,24.63
2022-05-21 17:35:36,4.85,170,87,17,5,0,0,0,1,18.94,19.08
2022-05-21 17:35:58,1.70,211,90,17,5,0,0,0,1,11.50,18.48
2022-05-21 17:37:19,1.20,97,49,17,5,0,0,0,1,7.50,8.85
2022-05-21 17:38:58,6.41,87,141,17,5,0,0,0,1,22.00,23.55
2022-05-21 17:41:14,1.00,142,100,17,5,0,0,0,1,9.00,11.85
2022-05-21 17:41:27,0.58,170,164,17,5,0,0,0,1,6.00,6.78
2022-05-21 17:43:42,3.30,239,186,17,5,0,0,0,1,20.00,29.48
2022-05-21 17:45:13,0.60,237,161,17,5,0,0,0,1,6.50,7.13
2022-05-21 17:47:18,1.10,107,79,17,5,0,0,0,1,6.00,6.12
2022-05-21 17:47:18,2.34,114,161,17,5,0,0,0,1,11.00,14.40
2022-05-21 17:48:46,1.38,87,211,17,5,0,0,0,1,13.00,19.73
2022-05-21 17:51:41,0.52,230,161,17,5,0,0,0,1,5.50,6.25
2022-05-21 17:51:54,6.70,116,100,17,5,0,0,0,1,28.00,37.88
2022-05-21 17:53:26,4.80,87,68,17,5,0,0,0,1,17.50,18.27
2022-05-21 17:54:51,3.13,237,145,17,5,0,0,0,1,13.00,14.20
2022-05-21 17:55:03,1.38,237,262,17,5,0,0,0,1,7.00,7.35
2022-05-21 17:58:09,0.80,170,100,17,5,0,0,0,1,9.50,14.13
2022-05-21 17:59:03,3.62,163,158,17,5,0,0,0,1,18.50,27.38
2022-05-21 18:02:33,0.61,164,162,18,5,0,0,0,1,5.50,6.43
2022-05-21 18:02:54,9.22,138,232,18,5,1,0,0,1,31.00,30.17
2022-05-21 18:04:24,0.37,140,140,18,5,0,0,0,1,3.50,1.87
2022-05-21 18:06:48,18.98,10,13,18,5,0,0,0,1,52.00,53.72
2022-05-21 18:11:00,1.46,90,211,18,5,0,0,0,1,8.00,8.87
2022-05-21 18:14:43,2.33,142,236,18,5,0,0,0,1,11.00,13.02
2022-05-21 18:15:07,1.22,238,143,18,5,0,0,0,1,7.00,6.72
2022-05-21 18:16:29,2.48,170,4,18,5,0,0,0,1,11.50,14.98
2022-05-21 18:18:38,1.64,43,163,18,5,0,0,0,1,11.00,15.35
2022-05-21 18:18:59,5.10,263,211,18,5,0,0,0,1,20.50,27.20
2022-05-21 18:20:19,1.09,48,163,18,5,0,0,0,1,7.00,8.58
2022-05-21 18:20:26,0.87,239,142,18,5,0,0,0,1,5.50,4.63
2022-05-21 18:23:34,2.01,230,246,18,5,0,0,0,1,12.00,17.70
2022-05-21 18:25:01,3.56,68,43,18,5,0,0,0,1,19.00,28.77
2022-05-21 18:25:41,1.45,151,41,18,5,0,0,0,1,8.50,10.82
2022-05-21 18:30:22,18.74,132,75,18,5,1,0,0,1,52.00,51.60
2022-05-21 18:31:46,2.40,45,170,18,5,0,0,0,1,12.00,14.93
2022-05-21 18:31:46,3.11,161,114,18,5,0,0,0,1,13.50,17.12
2022-05-21 18:35:18,1.24,164,162,18,5,0,0,0,1,6.00,6.20
2022-05-21 18:40:26,5.90,48,179,18,5,0,0,0,1,23.50,30.75
2022-05-21 18:40:52,5.71,88,141,18,5,0,0,0,1,19.00,16.87
2022-05-21 18:40:55,0.40,41,41,18,5,0,0,0,1,4.50,4.50
2022-05-21 18:44:30,1.64,143,100,18,5,0,0,0,1,12.50,18.62
2022-05-21 18:44:33,6.87,263,87,18,5,0,0,0,1,21.00,18.58
2022-05-21 18:46:11,1.05,125,158,18,5,0,0,0,1,7.50,9.28
2022-05-21 18:47:34,8.80,138,237,18,5,1,0,0,1,31.00,33.52
2022-05-21 18:48:02,18.39,132,230,18,5,1,0,0,1,52.00,67.05
2022-05-21 18:54:04,2.42,263,151,18,5,0,0,0,1,11.50,14.27
2022-05-21 18:56:36,4.84,236,211,18,5,0,0,0,1,23.27,36.28
2022-05-21 18:57:54,9.30,100,235,18,5,0,0,0,1,38.50,44.88
2022-05-21 19:00:01,2.40,142,151,19,5,0,0,0,1,10.00,10.48
2022-05-21 19:03:21,0.80,234,170,19,5,0,0,0,1,5.50,5.28
2022-05-21 19:07:44,1.40,230,237,19,5,0,0,0,1,8.50,10.20
2022-05-21 19:13:51,18.90,132,163,19,5,1,0,0,1,52.00,58.55
2022-05-21 19:14:39,1.97,151,236,19,5,0,0,0,1,9.50,11.80
2022-05-21 19:15:19,2.05,107,45,19,5,0,0,0,1,12.00,16.53
2022-05-21 19:16:34,7.00,239,79,19,5,0,0,0,1,24.50,26.42
2022-05-21 19:16:51,1.60,229,107,19,5,0,0,0,1,9.00,12.68
2022-05-21 19:17:33,0.47,186,230,19,5,0,0,0,1,6.00,6.95
2022-05-21 19:19:01,4.83,262,90,19,5,0,0,0,1,19.00,23.62
2022-05-21 19:19:30,0.75,186,230,19,5,0,0,0,1,6.50,8.20
2022-05-21 19:19:58,2.70,158,79,19,5,0,0,0,1,16.00,24.17
2022-05-21 19:20:03,6.25,158,151,19,5,0,0,0,1,26.00,32.52
2022-05-21 19:21:23,9.26,138,237,19,5,1,0,0,1,28.50,28.60
2022-05-21 19:22:37,1.45,234,158,19,5,0,0,0,1,10.50,15.10
2022-05-21 19:25:00,5.23,166,246,19,5,0,0,0,1,19.50,22.72
2022-05-21 19:27:43,3.10,68,143,19,5,0,0,0,1,18.50,28.33
2022-05-21 19:27:55,1.70,249,246,19,5,0,0,0,1,8.50,10.12
2022-05-21 19:28:18,0.97,238,142,19,5,0,0,0,1,5.50,5.83
2022-05-21 19:28:22,4.26,68,88,19,5,0,0,0,1,17.50,23.87
2022-05-21 19:28:23,1.47,164,114,19,5,0,0,0,1,8.00,10.32
2022-05-21 19:30:08,2.21,161,79,19,5,0,0,0,1,11.50,16.48
2022-05-21 19:30:16,2.61,68,233,19,5,0,0,0,1,13.50,19.57
2022-05-21 19:32:12,3.72,164,13,19,5,0,0,0,1,17.00,21.48
2022-05-21 19:33:13,1.74,161,170,19,5,0,0,0,1,9.50,11.92
2022-05-21 19:34:18,0.60,236,236,19,5,0,0,0,1,4.00,2.70
2022-05-21 19:34:51,0.90,234,186,19,5,0,0,0,1,8.00,10.38
2022-05-21 19:34:57,21.41,132,87,19,5,1,0,0,1,52.00,54.02
2022-05-21 19:35:01,5.50,87,48,19,5,0,0,0,1,28.50,41.02
2022-05-21 19:36:01,2.28,151,74,19,5,0,0,0,1,11.00,13.05
2022-05-21 19:37:31,3.15,230,114,19,5,0,0,0,1,16.50,24.97
2022-05-21 19:45:28,0.60,90,100,19,5,0,0,0,1,4.50,3.20
2022-05-21 19:45:45,1.04,186,107,19,5,0,0,0,1,9.00,12.50
2022-05-21 19:45:55,0.57,142,143,19,5,0,0,0,1,5.50,5.77
2022-05-21 19:48:02,0.87,246,164,19,5,0,0,0,1,9.00,13.25
2022-05-21 19:49:29,5.70,261,142,19,5,0,0,0,1,27.00,42.68
2022-05-21 19:51:34,1.92,48,233,19,5,0,0,0,1,9.00,10.12
2022-05-21 19:51:57,2.10,186,162,19,5,0,0,0,1,17.00,26.50
2022-05-21 19:53:38,0.48,239,239,19,5,0,0,0,1,4.00,2.57
2022-05-21 19:56:08,1.90,68,137,19,5,0,0,0,1,14.00,21.87
2022-05-21 19:57:27,2.76,107,48,19,5,0,0,0,1,17.00,26.02
2022-05-21 19:58:22,1.29,164,68,19,5,0,0,0,1,8.50,10.73
2022-05-21 20:00:13,1.92,79,234,20,5,0,0,0,0,10.50,13.87
2022-05-21 20:11:38,1.20,234,100,20,5,0,0,0,0,15.50,25.55
2022-05-21 20:19:02,1.99,236,162,20,5,0,0,0,0,9.50,10.85
2022-05-21 20:19:15,3.59,229,246,20,5,0,0,0,0,17.50,24.95
2022-05-21 20:23:14,1.45,229,141,20,5,0,0,0,0,6.50,4.57
2022-05-21 20:23:24,1.81,234,79,20,5,0,0,0,0,11.50,16.22
2022-05-21 20:28:57,0.70,236,75,20,5,0,0,0,0,4.50,2.83
2022-05-21 20:31:30,1.24,158,144,20,5,0,0,0,0,8.50,11.13
2022-05-21 20:36:24,20.00,132,151,20,5,1,0,0,0,52.00,45.27
2022-05-21 20:38:38,1.67,246,230,20,5,0,0,0,0,16.00,26.08
2022-05-21 20:39:26,2.65,237,151,20,5,0,0,0,0,10.00,8.95
2022-05-21 20:40:23,3.40,231,230,20,5,0,0,0,0,16.50,22.77
2022-05-21 20:42:01,2.18,25,228,20,5,0,0,0,0,10.50,11.18
2022-05-21 20:42:30,7.10,246,244,20,5,0,0,0,0,24.00,25.97
2022-05-21 20:44:42,2.82,166,116,20,5,0,0,0,0,13.00,16.20
2022-05-21 20:49:27,1.10,229,141,20,5,0,0,0,0,6.50,9.62
2022-05-21 20:54:30,1.61,237,170,20,5,0,0,0,0,7.50,6.98
2022-05-21 20:54:53,0.50,237,237,20,5,0,0,0,0,5.00,5.33
2022-05-21 20:56:12,2.71,79,230,20,5,0,0,0,0,12.50,17.23
2022-05-21 21:01:32,3.61,246,144,21,5,0,0,0,0,17.50,25.35
2022-05-21 21:03:35,1.86,90,246,21,5,0,0,0,0,10.00,12.12
2022-05-21 21:04:50,3.40,186,140,21,5,0,0,0,0,13.00,15.93
2022-05-21 21:06:00,5.94,263,244,21,5,0,0,0,0,20.63,21.00
2022-05-21 21:06:12,7.15,140,13,21,5,0,0,0,0,24.77,18.82
2022-05-21 21:11:36,0.59,229,233,21,5,0,0,0,0,3.50,1.77
2022-05-21 21:15:19,3.30,234,236,21,5,0,0,0,0,15.50,21.17
2022-05-21 21:16:40,3.16,236,48,21,5,0,0,0,0,12.50,14.28
2022-05-21 21:17:14,0.98,237,263,21,5,0,0,0,0,5.50,5.18
2022-05-21 21:17:38,0.72,125,249,21,5,0,0,0,0,4.50,4.02
2022-05-21 21:18:00,0.69,100,163,21,5,0,0,0,0,3.00,7.63
2022-05-21 21:21:02,1.55,237,263,21,5,0,0,0,0,7.00,6.33
2022-05-21 21:25:38,1.92,162,263,21,5,0,0,0,0,7.50,6.70
2022-05-21 21:29:19,4.20,186,238,21,5,0,0,0,0,21.00,29.75
2022-05-21 21:31:54,5.07,87,163,21,5,0,0,0,0,25.00,38.75
2022-05-21 21:33:59,2.61,166,142,21,5,0,0,0,0,13.00,15.83
2022-05-21 21:38:06,1.86,158,13,21,5,0,0,0,0,9.00,10.08
2022-05-21 21:39:35,4.10,239,137,21,5,0,0,0,0,17.00,20.83
2022-05-21 21:40:00,2.69,114,162,21,5,0,0,0,0,12.50,16.57
2022-05-21 21:41:46,1.71,170,141,21,5,0,0,0,0,7.50,6.73
2022-05-21 21:43:10,4.10,41,247,21,5,0,0,0,0,17.00,22.78
2022-05-21 21:44:30,3.00,107,237,21,5,0,0,0,0,12.00,17.43
2022-05-21 21:46:00,6.01,66,234,21,5,0,0,0,0,23.86,24.00
2022-05-21 21:50:44,3.04,230,113,21,5,0,0,0,0,14.50,21.53
2022-05-21 21:56:36,10.33,12,57,21,5,0,0,0,0,29.00,23.13
2022-05-21 21:56:52,3.80,13,50,21,5,0,0,0,0,15.50,17.85
2022-05-21 21:57:57,1.10,236,239,21,5,0,0,0,0,6.50,6.35
2022-05-21 21:59:42,2.69,114,233,21,5,0,0,0,0,12.50,16.62
2022-05-21 22:02:03,2.86,116,74,22,5,0,0,0,0,14.50,19.70
2022-05-21 22:02:26,0.90,68,246,22,5,0,0,0,0,6.50,7.63
2022-05-21 22:09:45,0.99,229,141,22,5,0,0,0,0,5.00,3.43
2022-05-21 22:17:06,1.27,233,164,22,5,0,0,0,0,7.00,7.87
2022-05-21 22:19:22,20.23,132,239,22,5,1,0,0,0,52.00,54.00
2022-05-21 22:21:26,2.56,66,189,22,5,0,0,0,0,16.50,24.82
2022-05-21 22:21:34,4.70,7,164,22,5,0,0,0,0,18.00,22.55
2022-05-21 22:22:37,1.54,100,107,22,5,0,0,0,0,8.00,9.60
2022-05-21 22:23:37,3.15,237,246,22,5,0,0,0,0,13.00,14.93
2022-05-21 22:31:20,5.30,170,41,22,5,0,0,0,0,22.00,29.58
2022-05-21 22:32:13,1.80,4,107,22,5,0,0,0,0,9.50,11.43
2022-05-21 22:41:28,1.44,158,211,22,5,0,0,0,0,9.00,12.28
2022-05-21 22:47:24,2.40,237,239,22,5,0,0,0,0,10.50,11.97
2022-05-21 22:47:59,1.70,246,107,22,5,0,0,0,0,9.50,13.13
2022-05-21 22:48:11,1.60,143,141,22,5,0,0,0,0,9.00,10.78
2022-05-21 22:48:40,1.22,236,75,22,5,0,0,0,0,6.00,5.43
2022-05-21 22:56:04,9.61,138,175,22,5,1,0,0,0,27.50,19.02
2022-05-21 22:56:59,1.10,79,170,22,5,0,0,0,0,6.00,5.60
2022-05-21 23:00:05,3.74,79,263,23,5,0,0,0,0,15.50,19.92
2022-05-21 23:00:16,5.28,88,170,23,5,0,0,0,0,17.00,16.08
2022-05-21 23:02:36,2.62,262,163,23,5,0,0,0,0,12.50,15.50
2022-05-21 23:06:30,11.91,249,243,23,5,0,0,0,0,39.00,41.13
2022-05-21 23:08:00,2.55,232,256,23,5,0,0,0,0,14.91,14.00
2022-05-21 23:12:55,6.41,238,112,23,5,0,0,0,0,22.00,24.45
2022-05-21 23:15:01,5.10,170,88,23,5,0,0,0,0,17.50,16.38
2022-05-21 23:15:05,2.36,100,237,23,5,0,0,0,0,11.00,14.47
2022-05-21 23:16:12,0.48,162,170,23,5,0,0,0,0,4.00,2.47
2022-05-21 23:16:44,2.26,262,233,23,5,0,0,0,0,9.00,6.63
2022-05-21 23:22:16,9.74,138,10,23,5,1,0,0,0,28.50,22.57
2022-05-21 23:23:00,2.60,238,50,23,5,0,0,0,0,11.00,11.58
2022-05-21 23:23:23,1.50,186,246,23,5,0,0,0,0,14.00,22.10
2022-05-21 23:23:42,1.98,170,48,23,5,0,0,0,0,12.00,16.23
2022-05-21 23:23:42,1.90,148,107,23,5,0,0,0,0,13.50,19.27
2022-05-21 23:23:53,1.32,48,90,23,5,0,0,0,0,7.00,7.35
2022-05-21 23:30:13,1.93,141,142,23,5,0,0,0,0,10.00,12.20
2022-05-21 23:30:40,1.71,163,239,23,5,0,0,0,0,8.00,8.18
2022-05-21 23:34:19,4.30,107,236,23,5,0,0,0,0,15.50,18.27
2022-05-21 23:35:00,4.03,163,148,23,5,0,0,0,0,23.00,35.13
2022-05-21 23:35:23,1.60,229,100,23,5,0,0,0,0,9.50,13.27
2022-05-21 23:36:23,3.50,161,148,23,5,0,0,0,0,20.50,32.67
2022-05-21 23:39:49,3.02,48,236,23,5,0,0,0,0,14.00,18.95
2022-05-21 23:41:19,0.43,88,88,23,5,0,0,0,0,4.50,4.20
2022-05-21 23:51:32,3.29,50,231,23,5,0,0,0,0,17.50,24.73
2022-05-21 23:51:41,2.00,48,249,23,5,0,0,0,0,12.50,17.20
2022-05-21 23:52:47,1.70,43,43,23,5,0,0,0,0,8.00,7.22
2022-05-21 23:55:00,1.51,114,231,23,5,0,0,0,0,10.00,13.22
2022-05-21 23:56:43,2.95,100,148,23,5,0,0,0,0,15.50,23.45
2022-05-21 23:58:05,3.65,68,144,23,5,0,0,0,0,15.50,20.52
2022-05-21 23:58:15,2.20,236,170,23,5,0,0,0,0,10.00,10.90
2022-05-21 23:58:54,1.00,143,50,23,5,0,0,0,0,5.50,5.15
